2026-03-22 04:24:59.463 | ERROR    | database:GET_DB:52 - LOGIC ERROR OR BACKEND ERROR => insert or update on table "customers" violates foreign key constraint "fk_users"
DETAIL:  Key (modified_by)=(100) is not present in table "users".
CONTEXT:  SQL statement "UPDATE schema_customers.customers
    SET  
        name          = COALESCE(v_name, name),
        cell_phone    = COALESCE(v_phone, cell_phone),
        address       = COALESCE(v_address, address),
        unit_price    = COALESCE(v_price, unit_price),
        advance_money = COALESCE(v_advance, advance_money),
        is_active     = COALESCE(v_is_active, is_active),
        active_status_changed_at = COALESCE(v_active_status_changed_at, active_status_changed_at), 
		modified_by = coalesce(v_modified_by,modified_by),
		modified_at  = now()
				
			
    WHERE cust_id = ID"
PL/pgSQL function schema_customers.update_customer(integer,jsonb) line 88 at SQL statement

2026-03-22 04:25:02.253 | ERROR    | database:GET_DB:52 - LOGIC ERROR OR BACKEND ERROR => insert or update on table "customers" violates foreign key constraint "fk_users"
DETAIL:  Key (modified_by)=(100) is not present in table "users".
CONTEXT:  SQL statement "UPDATE schema_customers.customers
    SET  
        name          = COALESCE(v_name, name),
        cell_phone    = COALESCE(v_phone, cell_phone),
        address       = COALESCE(v_address, address),
        unit_price    = COALESCE(v_price, unit_price),
        advance_money = COALESCE(v_advance, advance_money),
        is_active     = COALESCE(v_is_active, is_active),
        active_status_changed_at = COALESCE(v_active_status_changed_at, active_status_changed_at), 
		modified_by = coalesce(v_modified_by,modified_by),
		modified_at  = now()
				
			
    WHERE cust_id = ID"
PL/pgSQL function schema_customers.update_customer(integer,jsonb) line 88 at SQL statement

2026-03-22 04:25:03.622 | ERROR    | database:GET_DB:52 - LOGIC ERROR OR BACKEND ERROR => insert or update on table "customers" violates foreign key constraint "fk_users"
DETAIL:  Key (modified_by)=(100) is not present in table "users".
CONTEXT:  SQL statement "UPDATE schema_customers.customers
    SET  
        name          = COALESCE(v_name, name),
        cell_phone    = COALESCE(v_phone, cell_phone),
        address       = COALESCE(v_address, address),
        unit_price    = COALESCE(v_price, unit_price),
        advance_money = COALESCE(v_advance, advance_money),
        is_active     = COALESCE(v_is_active, is_active),
        active_status_changed_at = COALESCE(v_active_status_changed_at, active_status_changed_at), 
		modified_by = coalesce(v_modified_by,modified_by),
		modified_at  = now()
				
			
    WHERE cust_id = ID"
PL/pgSQL function schema_customers.update_customer(integer,jsonb) line 88 at SQL statement

2026-03-22 04:25:09.334 | ERROR    | database:GET_DB:52 - LOGIC ERROR OR BACKEND ERROR => insert or update on table "customers" violates foreign key constraint "fk_users"
DETAIL:  Key (modified_by)=(100) is not present in table "users".
CONTEXT:  SQL statement "UPDATE schema_customers.customers
    SET  
        name          = COALESCE(v_name, name),
        cell_phone    = COALESCE(v_phone, cell_phone),
        address       = COALESCE(v_address, address),
        unit_price    = COALESCE(v_price, unit_price),
        advance_money = COALESCE(v_advance, advance_money),
        is_active     = COALESCE(v_is_active, is_active),
        active_status_changed_at = COALESCE(v_active_status_changed_at, active_status_changed_at), 
		modified_by = coalesce(v_modified_by,modified_by),
		modified_at  = now()
				
			
    WHERE cust_id = ID"
PL/pgSQL function schema_customers.update_customer(integer,jsonb) line 88 at SQL statement

2026-03-22 04:25:53.347 | ERROR    | database:GET_DB:41 - API REQUEST DATA VALIDATION IS VIOLATED => 1 validation error:
  {'type': 'int_parsing', 'loc': ('path', 'id'), 'msg': 'Input should be a valid integer, unable to parse string as an integer', 'input': 'stats'}

  File "C:\Users\Mr-Computer\Desktop\APP\backend\sales_module\sales.py", line 14, in get_sales
    GET /sales/{id}
2026-03-22 04:29:36.599 | ERROR    | database:GET_DB:41 - API REQUEST DATA VALIDATION IS VIOLATED => 1 validation error:
  {'type': 'int_parsing', 'loc': ('path', 'id'), 'msg': 'Input should be a valid integer, unable to parse string as an integer', 'input': 'stats'}

  File "C:\Users\Mr-Computer\Desktop\APP\backend\sales_module\sales.py", line 14, in get_sales
    GET /sales/{id}
2026-03-22 04:29:42.707 | ERROR    | database:GET_DB:52 - LOGIC ERROR OR BACKEND ERROR => insert or update on table "customers" violates foreign key constraint "fk_users"
DETAIL:  Key (modified_by)=(11) is not present in table "users".
CONTEXT:  SQL statement "UPDATE schema_customers.customers
    SET  
        name          = COALESCE(v_name, name),
        cell_phone    = COALESCE(v_phone, cell_phone),
        address       = COALESCE(v_address, address),
        unit_price    = COALESCE(v_price, unit_price),
        advance_money = COALESCE(v_advance, advance_money),
        is_active     = COALESCE(v_is_active, is_active),
        active_status_changed_at = COALESCE(v_active_status_changed_at, active_status_changed_at), 
		modified_by = coalesce(v_modified_by,modified_by),
		modified_at  = now()
				
			
    WHERE cust_id = ID"
PL/pgSQL function schema_customers.update_customer(integer,jsonb) line 88 at SQL statement

2026-03-22 04:30:47.472 | ERROR    | database:GET_DB:52 - LOGIC ERROR OR BACKEND ERROR => insert or update on table "customers" violates foreign key constraint "fk_users"
DETAIL:  Key (modified_by)=(11) is not present in table "users".
CONTEXT:  SQL statement "UPDATE schema_customers.customers
    SET  
        name          = COALESCE(v_name, name),
        cell_phone    = COALESCE(v_phone, cell_phone),
        address       = COALESCE(v_address, address),
        unit_price    = COALESCE(v_price, unit_price),
        advance_money = COALESCE(v_advance, advance_money),
        is_active     = COALESCE(v_is_active, is_active),
        active_status_changed_at = COALESCE(v_active_status_changed_at, active_status_changed_at), 
		modified_by = coalesce(v_modified_by,modified_by),
		modified_at  = now()
				
			
    WHERE cust_id = ID"
PL/pgSQL function schema_customers.update_customer(integer,jsonb) line 88 at SQL statement

2026-03-22 04:31:08.546 | ERROR    | database:GET_DB:52 - LOGIC ERROR OR BACKEND ERROR => insert or update on table "customers" violates foreign key constraint "fk_users"
DETAIL:  Key (modified_by)=(11) is not present in table "users".
CONTEXT:  SQL statement "UPDATE schema_customers.customers
    SET  
        name          = COALESCE(v_name, name),
        cell_phone    = COALESCE(v_phone, cell_phone),
        address       = COALESCE(v_address, address),
        unit_price    = COALESCE(v_price, unit_price),
        advance_money = COALESCE(v_advance, advance_money),
        is_active     = COALESCE(v_is_active, is_active),
        active_status_changed_at = COALESCE(v_active_status_changed_at, active_status_changed_at), 
		modified_by = coalesce(v_modified_by,modified_by),
		modified_at  = now()
				
			
    WHERE cust_id = ID"
PL/pgSQL function schema_customers.update_customer(integer,jsonb) line 88 at SQL statement

2026-03-22 04:31:12.026 | ERROR    | database:GET_DB:52 - LOGIC ERROR OR BACKEND ERROR => insert or update on table "customers" violates foreign key constraint "fk_users"
DETAIL:  Key (modified_by)=(11) is not present in table "users".
CONTEXT:  SQL statement "UPDATE schema_customers.customers
    SET  
        name          = COALESCE(v_name, name),
        cell_phone    = COALESCE(v_phone, cell_phone),
        address       = COALESCE(v_address, address),
        unit_price    = COALESCE(v_price, unit_price),
        advance_money = COALESCE(v_advance, advance_money),
        is_active     = COALESCE(v_is_active, is_active),
        active_status_changed_at = COALESCE(v_active_status_changed_at, active_status_changed_at), 
		modified_by = coalesce(v_modified_by,modified_by),
		modified_at  = now()
				
			
    WHERE cust_id = ID"
PL/pgSQL function schema_customers.update_customer(integer,jsonb) line 88 at SQL statement

2026-03-22 04:33:55.995 | ERROR    | database:GET_DB:52 - LOGIC ERROR OR BACKEND ERROR => insert or update on table "customers" violates foreign key constraint "fk_users"
DETAIL:  Key (modified_by)=(11) is not present in table "users".
CONTEXT:  SQL statement "UPDATE schema_customers.customers
    SET  
        name          = COALESCE(v_name, name),
        cell_phone    = COALESCE(v_phone, cell_phone),
        address       = COALESCE(v_address, address),
        unit_price    = COALESCE(v_price, unit_price),
        advance_money = COALESCE(v_advance, advance_money),
        is_active     = COALESCE(v_is_active, is_active),
        active_status_changed_at = COALESCE(v_active_status_changed_at, active_status_changed_at), 
		modified_by = coalesce(v_modified_by,modified_by),
		modified_at  = now()
				
			
    WHERE cust_id = ID"
PL/pgSQL function schema_customers.update_customer(integer,jsonb) line 88 at SQL statement

2026-03-22 04:34:10.390 | ERROR    | database:GET_DB:52 - LOGIC ERROR OR BACKEND ERROR => insert or update on table "customers" violates foreign key constraint "fk_users"
DETAIL:  Key (modified_by)=(11) is not present in table "users".
CONTEXT:  SQL statement "UPDATE schema_customers.customers
    SET  
        name          = COALESCE(v_name, name),
        cell_phone    = COALESCE(v_phone, cell_phone),
        address       = COALESCE(v_address, address),
        unit_price    = COALESCE(v_price, unit_price),
        advance_money = COALESCE(v_advance, advance_money),
        is_active     = COALESCE(v_is_active, is_active),
        active_status_changed_at = COALESCE(v_active_status_changed_at, active_status_changed_at), 
		modified_by = coalesce(v_modified_by,modified_by),
		modified_at  = now()
				
			
    WHERE cust_id = ID"
PL/pgSQL function schema_customers.update_customer(integer,jsonb) line 88 at SQL statement

2026-03-22 04:34:22.078 | ERROR    | database:GET_DB:52 - LOGIC ERROR OR BACKEND ERROR => insert or update on table "customers" violates foreign key constraint "fk_users"
DETAIL:  Key (modified_by)=(11) is not present in table "users".
CONTEXT:  SQL statement "UPDATE schema_customers.customers
    SET  
        name          = COALESCE(v_name, name),
        cell_phone    = COALESCE(v_phone, cell_phone),
        address       = COALESCE(v_address, address),
        unit_price    = COALESCE(v_price, unit_price),
        advance_money = COALESCE(v_advance, advance_money),
        is_active     = COALESCE(v_is_active, is_active),
        active_status_changed_at = COALESCE(v_active_status_changed_at, active_status_changed_at), 
		modified_by = coalesce(v_modified_by,modified_by),
		modified_at  = now()
				
			
    WHERE cust_id = ID"
PL/pgSQL function schema_customers.update_customer(integer,jsonb) line 88 at SQL statement

2026-03-22 04:34:25.065 | ERROR    | database:GET_DB:52 - LOGIC ERROR OR BACKEND ERROR => insert or update on table "customers" violates foreign key constraint "fk_users"
DETAIL:  Key (modified_by)=(11) is not present in table "users".
CONTEXT:  SQL statement "UPDATE schema_customers.customers
    SET  
        name          = COALESCE(v_name, name),
        cell_phone    = COALESCE(v_phone, cell_phone),
        address       = COALESCE(v_address, address),
        unit_price    = COALESCE(v_price, unit_price),
        advance_money = COALESCE(v_advance, advance_money),
        is_active     = COALESCE(v_is_active, is_active),
        active_status_changed_at = COALESCE(v_active_status_changed_at, active_status_changed_at), 
		modified_by = coalesce(v_modified_by,modified_by),
		modified_at  = now()
				
			
    WHERE cust_id = ID"
PL/pgSQL function schema_customers.update_customer(integer,jsonb) line 88 at SQL statement

2026-03-22 04:35:07.375 | ERROR    | database:GET_DB:52 - LOGIC ERROR OR BACKEND ERROR => insert or update on table "customers" violates foreign key constraint "fk_users"
DETAIL:  Key (modified_by)=(11) is not present in table "users".
CONTEXT:  SQL statement "INSERT INTO schema_customers.customers (
        name, 
        cell_phone, 
        address, 
        unit_price, 
        is_active, 
        advance_money,
		modified_by
		
    ) 
    VALUES (
        p_name, 
        p_cell_phone, 
        p_address, 
        p_unit_price, 
        p_is_active, 
        p_advance_money,
		p_modified_by
		        
    )"
PL/pgSQL function schema_customers.add_customer(jsonb) line 48 at SQL statement

2026-03-22 04:39:28.218 | ERROR    | database:GET_DB:52 - LOGIC ERROR OR BACKEND ERROR => insert or update on table "sales" violates foreign key constraint "fk_sales_modified_by"
DETAIL:  Key (modified_by)=(11) is not present in table "users".
CONTEXT:  SQL statement "INSERT INTO schema_sales.sales (consumer_name, cust_id, sales_type, litres, bottles, price, sales_status, modified_by, created_at)
            VALUES (v_consumer_name, v_cust_id, v_sales_type::sales_category, v_litres, v_bottles, v_price, v_sales_status::sales_status, 
                    v_user_id::int, v_reporting_time)"
PL/pgSQL function schema_sales.add_sales(jsonb) line 116 at SQL statement

2026-03-22 04:39:38.471 | ERROR    | database:GET_DB:41 - API REQUEST DATA VALIDATION IS VIOLATED => 1 validation error:
  {'type': 'int_parsing', 'loc': ('path', 'id'), 'msg': 'Input should be a valid integer, unable to parse string as an integer', 'input': 'search'}

  File "C:\Users\Mr-Computer\Desktop\APP\backend\sales_module\sales.py", line 14, in get_sales
    GET /sales/{id}
2026-03-22 04:39:47.119 | ERROR    | database:GET_DB:41 - API REQUEST DATA VALIDATION IS VIOLATED => 1 validation error:
  {'type': 'int_parsing', 'loc': ('path', 'id'), 'msg': 'Input should be a valid integer, unable to parse string as an integer', 'input': 'search'}

  File "C:\Users\Mr-Computer\Desktop\APP\backend\sales_module\sales.py", line 14, in get_sales
    GET /sales/{id}
2026-03-22 04:40:30.602 | ERROR    | database:GET_DB:41 - API REQUEST DATA VALIDATION IS VIOLATED => 1 validation error:
  {'type': 'int_parsing', 'loc': ('path', 'id'), 'msg': 'Input should be a valid integer, unable to parse string as an integer', 'input': 'filter'}

  File "C:\Users\Mr-Computer\Desktop\APP\backend\sales_module\sales.py", line 14, in get_sales
    GET /sales/{id}
2026-03-22 04:40:32.037 | ERROR    | database:GET_DB:41 - API REQUEST DATA VALIDATION IS VIOLATED => 1 validation error:
  {'type': 'int_parsing', 'loc': ('path', 'id'), 'msg': 'Input should be a valid integer, unable to parse string as an integer', 'input': 'filter'}

  File "C:\Users\Mr-Computer\Desktop\APP\backend\sales_module\sales.py", line 14, in get_sales
    GET /sales/{id}
2026-03-22 04:40:33.840 | ERROR    | database:GET_DB:41 - API REQUEST DATA VALIDATION IS VIOLATED => 1 validation error:
  {'type': 'int_parsing', 'loc': ('path', 'id'), 'msg': 'Input should be a valid integer, unable to parse string as an integer', 'input': 'filter'}

  File "C:\Users\Mr-Computer\Desktop\APP\backend\sales_module\sales.py", line 14, in get_sales
    GET /sales/{id}
2026-03-22 04:40:35.945 | ERROR    | database:GET_DB:41 - API REQUEST DATA VALIDATION IS VIOLATED => 1 validation error:
  {'type': 'int_parsing', 'loc': ('path', 'id'), 'msg': 'Input should be a valid integer, unable to parse string as an integer', 'input': 'filter'}

  File "C:\Users\Mr-Computer\Desktop\APP\backend\sales_module\sales.py", line 14, in get_sales
    GET /sales/{id}
2026-03-22 04:40:36.938 | ERROR    | database:GET_DB:41 - API REQUEST DATA VALIDATION IS VIOLATED => 1 validation error:
  {'type': 'int_parsing', 'loc': ('path', 'id'), 'msg': 'Input should be a valid integer, unable to parse string as an integer', 'input': 'filter'}

  File "C:\Users\Mr-Computer\Desktop\APP\backend\sales_module\sales.py", line 14, in get_sales
    GET /sales/{id}
2026-03-22 04:40:37.936 | ERROR    | database:GET_DB:41 - API REQUEST DATA VALIDATION IS VIOLATED => 1 validation error:
  {'type': 'int_parsing', 'loc': ('path', 'id'), 'msg': 'Input should be a valid integer, unable to parse string as an integer', 'input': 'filter'}

  File "C:\Users\Mr-Computer\Desktop\APP\backend\sales_module\sales.py", line 14, in get_sales
    GET /sales/{id}
2026-03-22 04:40:38.744 | ERROR    | database:GET_DB:41 - API REQUEST DATA VALIDATION IS VIOLATED => 1 validation error:
  {'type': 'int_parsing', 'loc': ('path', 'id'), 'msg': 'Input should be a valid integer, unable to parse string as an integer', 'input': 'filter'}

  File "C:\Users\Mr-Computer\Desktop\APP\backend\sales_module\sales.py", line 14, in get_sales
    GET /sales/{id}
2026-03-22 04:40:39.604 | ERROR    | database:GET_DB:41 - API REQUEST DATA VALIDATION IS VIOLATED => 1 validation error:
  {'type': 'int_parsing', 'loc': ('path', 'id'), 'msg': 'Input should be a valid integer, unable to parse string as an integer', 'input': 'filter'}

  File "C:\Users\Mr-Computer\Desktop\APP\backend\sales_module\sales.py", line 14, in get_sales
    GET /sales/{id}
2026-03-22 04:40:47.313 | ERROR    | database:GET_DB:41 - API REQUEST DATA VALIDATION IS VIOLATED => 1 validation error:
  {'type': 'int_parsing', 'loc': ('path', 'id'), 'msg': 'Input should be a valid integer, unable to parse string as an integer', 'input': 'filter'}

  File "C:\Users\Mr-Computer\Desktop\APP\backend\sales_module\sales.py", line 14, in get_sales
    GET /sales/{id}
2026-03-22 04:40:52.137 | ERROR    | database:GET_DB:41 - API REQUEST DATA VALIDATION IS VIOLATED => 1 validation error:
  {'type': 'int_parsing', 'loc': ('path', 'id'), 'msg': 'Input should be a valid integer, unable to parse string as an integer', 'input': 'filter'}

  File "C:\Users\Mr-Computer\Desktop\APP\backend\sales_module\sales.py", line 14, in get_sales
    GET /sales/{id}
2026-03-22 04:41:09.287 | ERROR    | database:GET_DB:41 - API REQUEST DATA VALIDATION IS VIOLATED => 1 validation error:
  {'type': 'int_parsing', 'loc': ('path', 'id'), 'msg': 'Input should be a valid integer, unable to parse string as an integer', 'input': 'filter'}

  File "C:\Users\Mr-Computer\Desktop\APP\backend\sales_module\sales.py", line 14, in get_sales
    GET /sales/{id}
2026-03-22 04:41:10.075 | ERROR    | database:GET_DB:41 - API REQUEST DATA VALIDATION IS VIOLATED => 1 validation error:
  {'type': 'int_parsing', 'loc': ('path', 'id'), 'msg': 'Input should be a valid integer, unable to parse string as an integer', 'input': 'filter'}

  File "C:\Users\Mr-Computer\Desktop\APP\backend\sales_module\sales.py", line 14, in get_sales
    GET /sales/{id}
2026-03-22 04:41:11.061 | ERROR    | database:GET_DB:41 - API REQUEST DATA VALIDATION IS VIOLATED => 1 validation error:
  {'type': 'int_parsing', 'loc': ('path', 'id'), 'msg': 'Input should be a valid integer, unable to parse string as an integer', 'input': 'filter'}

  File "C:\Users\Mr-Computer\Desktop\APP\backend\sales_module\sales.py", line 14, in get_sales
    GET /sales/{id}
2026-03-22 04:41:12.272 | ERROR    | database:GET_DB:41 - API REQUEST DATA VALIDATION IS VIOLATED => 1 validation error:
  {'type': 'int_parsing', 'loc': ('path', 'id'), 'msg': 'Input should be a valid integer, unable to parse string as an integer', 'input': 'filter'}

  File "C:\Users\Mr-Computer\Desktop\APP\backend\sales_module\sales.py", line 14, in get_sales
    GET /sales/{id}
2026-03-22 04:41:13.330 | ERROR    | database:GET_DB:41 - API REQUEST DATA VALIDATION IS VIOLATED => 1 validation error:
  {'type': 'int_parsing', 'loc': ('path', 'id'), 'msg': 'Input should be a valid integer, unable to parse string as an integer', 'input': 'filter'}

  File "C:\Users\Mr-Computer\Desktop\APP\backend\sales_module\sales.py", line 14, in get_sales
    GET /sales/{id}
2026-03-22 04:41:14.011 | ERROR    | database:GET_DB:41 - API REQUEST DATA VALIDATION IS VIOLATED => 1 validation error:
  {'type': 'int_parsing', 'loc': ('path', 'id'), 'msg': 'Input should be a valid integer, unable to parse string as an integer', 'input': 'filter'}

  File "C:\Users\Mr-Computer\Desktop\APP\backend\sales_module\sales.py", line 14, in get_sales
    GET /sales/{id}
2026-03-22 04:41:14.923 | ERROR    | database:GET_DB:41 - API REQUEST DATA VALIDATION IS VIOLATED => 1 validation error:
  {'type': 'int_parsing', 'loc': ('path', 'id'), 'msg': 'Input should be a valid integer, unable to parse string as an integer', 'input': 'filter'}

  File "C:\Users\Mr-Computer\Desktop\APP\backend\sales_module\sales.py", line 14, in get_sales
    GET /sales/{id}
2026-03-22 04:41:16.624 | ERROR    | database:GET_DB:41 - API REQUEST DATA VALIDATION IS VIOLATED => 1 validation error:
  {'type': 'int_parsing', 'loc': ('path', 'id'), 'msg': 'Input should be a valid integer, unable to parse string as an integer', 'input': 'filter'}

  File "C:\Users\Mr-Computer\Desktop\APP\backend\sales_module\sales.py", line 14, in get_sales
    GET /sales/{id}
2026-03-22 04:43:41.663 | ERROR    | database:GET_DB:41 - API REQUEST DATA VALIDATION IS VIOLATED => 1 validation error:
  {'type': 'int_parsing', 'loc': ('path', 'id'), 'msg': 'Input should be a valid integer, unable to parse string as an integer', 'input': 'search'}

  File "C:\Users\Mr-Computer\Desktop\APP\backend\sales_module\sales.py", line 14, in get_sales
    GET /sales/{id}
2026-03-22 05:14:26.867 | ERROR    | database:GET_DB:41 - API REQUEST DATA VALIDATION IS VIOLATED => 1 validation error:
  {'type': 'int_parsing', 'loc': ('path', 'id'), 'msg': 'Input should be a valid integer, unable to parse string as an integer', 'input': 'search'}

  File "C:\Users\Mr-Computer\Desktop\APP\backend\sales_module\sales.py", line 14, in get_sales
    GET /sales/{id}
2026-03-22 05:14:29.403 | ERROR    | database:GET_DB:41 - API REQUEST DATA VALIDATION IS VIOLATED => 1 validation error:
  {'type': 'int_parsing', 'loc': ('path', 'id'), 'msg': 'Input should be a valid integer, unable to parse string as an integer', 'input': 'search'}

  File "C:\Users\Mr-Computer\Desktop\APP\backend\sales_module\sales.py", line 14, in get_sales
    GET /sales/{id}
2026-03-22 05:14:30.040 | ERROR    | database:GET_DB:41 - API REQUEST DATA VALIDATION IS VIOLATED => 1 validation error:
  {'type': 'int_parsing', 'loc': ('path', 'id'), 'msg': 'Input should be a valid integer, unable to parse string as an integer', 'input': 'search'}

  File "C:\Users\Mr-Computer\Desktop\APP\backend\sales_module\sales.py", line 14, in get_sales
    GET /sales/{id}
2026-03-22 05:14:30.196 | ERROR    | database:GET_DB:41 - API REQUEST DATA VALIDATION IS VIOLATED => 1 validation error:
  {'type': 'int_parsing', 'loc': ('path', 'id'), 'msg': 'Input should be a valid integer, unable to parse string as an integer', 'input': 'search'}

  File "C:\Users\Mr-Computer\Desktop\APP\backend\sales_module\sales.py", line 14, in get_sales
    GET /sales/{id}
2026-03-22 05:14:35.293 | ERROR    | database:GET_DB:41 - API REQUEST DATA VALIDATION IS VIOLATED => 1 validation error:
  {'type': 'int_parsing', 'loc': ('path', 'id'), 'msg': 'Input should be a valid integer, unable to parse string as an integer', 'input': 'search'}

  File "C:\Users\Mr-Computer\Desktop\APP\backend\sales_module\sales.py", line 14, in get_sales
    GET /sales/{id}
2026-03-22 05:14:47.449 | ERROR    | database:GET_DB:41 - API REQUEST DATA VALIDATION IS VIOLATED => 1 validation error:
  {'type': 'int_parsing', 'loc': ('path', 'id'), 'msg': 'Input should be a valid integer, unable to parse string as an integer', 'input': 'search'}

  File "C:\Users\Mr-Computer\Desktop\APP\backend\sales_module\sales.py", line 14, in get_sales
    GET /sales/{id}
2026-03-22 05:16:35.486 | ERROR    | database:GET_DB:41 - API REQUEST DATA VALIDATION IS VIOLATED => 1 validation error:
  {'type': 'int_parsing', 'loc': ('path', 'id'), 'msg': 'Input should be a valid integer, unable to parse string as an integer', 'input': 'search'}

  File "C:\Users\Mr-Computer\Desktop\APP\backend\sales_module\sales.py", line 14, in get_sales
    GET /sales/{id}
2026-03-22 05:18:45.538 | ERROR    | database:GET_DB:41 - API REQUEST DATA VALIDATION IS VIOLATED => 1 validation error:
  {'type': 'int_parsing', 'loc': ('path', 'id'), 'msg': 'Input should be a valid integer, unable to parse string as an integer', 'input': 'search'}

  File "C:\Users\Mr-Computer\Desktop\APP\backend\sales_module\sales.py", line 14, in get_sales
    GET /sales/{id}
2026-03-22 05:19:27.442 | ERROR    | database:GET_DB:41 - API REQUEST DATA VALIDATION IS VIOLATED => 1 validation error:
  {'type': 'int_parsing', 'loc': ('path', 'id'), 'msg': 'Input should be a valid integer, unable to parse string as an integer', 'input': 'search'}

  File "C:\Users\Mr-Computer\Desktop\APP\backend\sales_module\sales.py", line 14, in get_sales
    GET /sales/{id}
2026-03-22 05:25:38.683 | ERROR    | database:GET_DB:41 - API REQUEST DATA VALIDATION IS VIOLATED => 1 validation error:
  {'type': 'int_parsing', 'loc': ('path', 'id'), 'msg': 'Input should be a valid integer, unable to parse string as an integer', 'input': 'search'}

  File "C:\Users\Mr-Computer\Desktop\APP\backend\sales_module\sales.py", line 14, in get_sales
    GET /sales/{id}
2026-03-22 05:27:26.601 | ERROR    | database:GET_DB:52 - LOGIC ERROR OR BACKEND ERROR => insert or update on table "customers" violates foreign key constraint "fk_users"
DETAIL:  Key (modified_by)=(11) is not present in table "users".
CONTEXT:  SQL statement "UPDATE schema_customers.customers
    SET  
        name          = COALESCE(v_name, name),
        cell_phone    = COALESCE(v_phone, cell_phone),
        address       = COALESCE(v_address, address),
        unit_price    = COALESCE(v_price, unit_price),
        advance_money = COALESCE(v_advance, advance_money),
        is_active     = COALESCE(v_is_active, is_active),
        active_status_changed_at = COALESCE(v_active_status_changed_at, active_status_changed_at), 
		modified_by = coalesce(v_modified_by,modified_by),
		modified_at  = now()
				
			
    WHERE cust_id = ID"
PL/pgSQL function schema_customers.update_customer(integer,jsonb) line 88 at SQL statement

2026-03-22 05:27:37.903 | ERROR    | database:GET_DB:41 - API REQUEST DATA VALIDATION IS VIOLATED => 1 validation error:
  {'type': 'int_parsing', 'loc': ('path', 'id'), 'msg': 'Input should be a valid integer, unable to parse string as an integer', 'input': 'stats'}

  File "C:\Users\Mr-Computer\Desktop\APP\backend\sales_module\sales.py", line 14, in get_sales
    GET /sales/{id}
2026-03-22 05:27:42.419 | ERROR    | database:GET_DB:52 - LOGIC ERROR OR BACKEND ERROR => insert or update on table "customers" violates foreign key constraint "fk_users"
DETAIL:  Key (modified_by)=(2) is not present in table "users".
CONTEXT:  SQL statement "UPDATE schema_customers.customers
    SET  
        name          = COALESCE(v_name, name),
        cell_phone    = COALESCE(v_phone, cell_phone),
        address       = COALESCE(v_address, address),
        unit_price    = COALESCE(v_price, unit_price),
        advance_money = COALESCE(v_advance, advance_money),
        is_active     = COALESCE(v_is_active, is_active),
        active_status_changed_at = COALESCE(v_active_status_changed_at, active_status_changed_at), 
		modified_by = coalesce(v_modified_by,modified_by),
		modified_at  = now()
				
			
    WHERE cust_id = ID"
PL/pgSQL function schema_customers.update_customer(integer,jsonb) line 88 at SQL statement

2026-03-22 05:27:45.659 | ERROR    | database:GET_DB:41 - API REQUEST DATA VALIDATION IS VIOLATED => 1 validation error:
  {'type': 'int_parsing', 'loc': ('path', 'id'), 'msg': 'Input should be a valid integer, unable to parse string as an integer', 'input': 'stats'}

  File "C:\Users\Mr-Computer\Desktop\APP\backend\sales_module\sales.py", line 14, in get_sales
    GET /sales/{id}
2026-03-22 07:10:36.980 | ERROR    | database:GET_DB:41 - API REQUEST DATA VALIDATION IS VIOLATED => 1 validation error:
  {'type': 'int_parsing', 'loc': ('path', 'id'), 'msg': 'Input should be a valid integer, unable to parse string as an integer', 'input': 'stats'}

  File "C:\Users\Mr-Computer\Desktop\APP\backend\sales_module\sales.py", line 14, in get_sales
    GET /sales/{id}
2026-03-22 07:23:57.869 | ERROR    | database:GET_DB:41 - API REQUEST DATA VALIDATION IS VIOLATED => 1 validation error:
  {'type': 'int_parsing', 'loc': ('path', 'id'), 'msg': 'Input should be a valid integer, unable to parse string as an integer', 'input': 'stats'}

  File "C:\Users\Mr-Computer\Desktop\APP\backend\sales_module\sales.py", line 14, in get_sales
    GET /sales/{id}
2026-03-22 07:28:09.689 | ERROR    | database:GET_DB:41 - API REQUEST DATA VALIDATION IS VIOLATED => 1 validation error:
  {'type': 'int_parsing', 'loc': ('path', 'id'), 'msg': 'Input should be a valid integer, unable to parse string as an integer', 'input': 'stats'}

  File "C:\Users\Mr-Computer\Desktop\APP\backend\sales_module\sales.py", line 14, in get_sales
    GET /sales/{id}
2026-03-22 07:30:56.257 | ERROR    | database:GET_DB:41 - API REQUEST DATA VALIDATION IS VIOLATED => 1 validation error:
  {'type': 'int_parsing', 'loc': ('path', 'id'), 'msg': 'Input should be a valid integer, unable to parse string as an integer', 'input': 'stats'}

  File "C:\Users\Mr-Computer\Desktop\APP\backend\sales_module\sales.py", line 14, in get_sales
    GET /sales/{id}
2026-03-22 07:31:38.510 | ERROR    | database:GET_DB:41 - API REQUEST DATA VALIDATION IS VIOLATED => 1 validation error:
  {'type': 'int_parsing', 'loc': ('path', 'id'), 'msg': 'Input should be a valid integer, unable to parse string as an integer', 'input': 'stats'}

  File "C:\Users\Mr-Computer\Desktop\APP\backend\sales_module\sales.py", line 14, in get_sales
    GET /sales/{id}
2026-03-22 07:37:26.186 | ERROR    | database:GET_DB:41 - API REQUEST DATA VALIDATION IS VIOLATED => 1 validation error:
  {'type': 'int_parsing', 'loc': ('path', 'id'), 'msg': 'Input should be a valid integer, unable to parse string as an integer', 'input': 'stats'}

  File "C:\Users\Mr-Computer\Desktop\APP\backend\sales_module\sales.py", line 14, in get_sales
    GET /sales/{id}
2026-03-22 07:39:25.342 | ERROR    | database:GET_DB:41 - API REQUEST DATA VALIDATION IS VIOLATED => 1 validation error:
  {'type': 'int_parsing', 'loc': ('path', 'id'), 'msg': 'Input should be a valid integer, unable to parse string as an integer', 'input': 'stats'}

  File "C:\Users\Mr-Computer\Desktop\APP\backend\sales_module\sales.py", line 14, in get_sales
    GET /sales/{id}
2026-03-22 07:40:02.837 | ERROR    | database:GET_DB:41 - API REQUEST DATA VALIDATION IS VIOLATED => 1 validation error:
  {'type': 'int_parsing', 'loc': ('path', 'id'), 'msg': 'Input should be a valid integer, unable to parse string as an integer', 'input': 'stats'}

  File "C:\Users\Mr-Computer\Desktop\APP\backend\sales_module\sales.py", line 14, in get_sales
    GET /sales/{id}
2026-03-22 07:40:41.745 | ERROR    | database:GET_DB:41 - API REQUEST DATA VALIDATION IS VIOLATED => 1 validation error:
  {'type': 'int_parsing', 'loc': ('path', 'id'), 'msg': 'Input should be a valid integer, unable to parse string as an integer', 'input': 'stats'}

  File "C:\Users\Mr-Computer\Desktop\APP\backend\sales_module\sales.py", line 14, in get_sales
    GET /sales/{id}
2026-03-22 07:47:20.838 | ERROR    | database:GET_DB:41 - API REQUEST DATA VALIDATION IS VIOLATED => 1 validation error:
  {'type': 'int_parsing', 'loc': ('path', 'id'), 'msg': 'Input should be a valid integer, unable to parse string as an integer', 'input': 'stats'}

  File "C:\Users\Mr-Computer\Desktop\APP\backend\sales_module\sales.py", line 14, in get_sales
    GET /sales/{id}
2026-03-22 07:48:11.522 | ERROR    | database:GET_DB:41 - API REQUEST DATA VALIDATION IS VIOLATED => 1 validation error:
  {'type': 'int_parsing', 'loc': ('path', 'id'), 'msg': 'Input should be a valid integer, unable to parse string as an integer', 'input': 'stats'}

  File "C:\Users\Mr-Computer\Desktop\APP\backend\sales_module\sales.py", line 14, in get_sales
    GET /sales/{id}
2026-03-22 07:49:11.823 | ERROR    | database:GET_DB:41 - API REQUEST DATA VALIDATION IS VIOLATED => 1 validation error:
  {'type': 'int_parsing', 'loc': ('path', 'id'), 'msg': 'Input should be a valid integer, unable to parse string as an integer', 'input': 'stats'}

  File "C:\Users\Mr-Computer\Desktop\APP\backend\sales_module\sales.py", line 14, in get_sales
    GET /sales/{id}
2026-03-22 07:54:55.715 | ERROR    | database:GET_DB:41 - API REQUEST DATA VALIDATION IS VIOLATED => 1 validation error:
  {'type': 'int_parsing', 'loc': ('path', 'id'), 'msg': 'Input should be a valid integer, unable to parse string as an integer', 'input': 'stats'}

  File "C:\Users\Mr-Computer\Desktop\APP\backend\sales_module\sales.py", line 14, in get_sales
    GET /sales/{id}
2026-03-22 07:55:08.251 | ERROR    | database:GET_DB:41 - API REQUEST DATA VALIDATION IS VIOLATED => 1 validation error:
  {'type': 'int_parsing', 'loc': ('path', 'id'), 'msg': 'Input should be a valid integer, unable to parse string as an integer', 'input': 'stats'}

  File "C:\Users\Mr-Computer\Desktop\APP\backend\sales_module\sales.py", line 14, in get_sales
    GET /sales/{id}
2026-03-22 07:55:10.022 | ERROR    | database:GET_DB:41 - API REQUEST DATA VALIDATION IS VIOLATED => 1 validation error:
  {'type': 'int_parsing', 'loc': ('path', 'id'), 'msg': 'Input should be a valid integer, unable to parse string as an integer', 'input': 'stats'}

  File "C:\Users\Mr-Computer\Desktop\APP\backend\sales_module\sales.py", line 14, in get_sales
    GET /sales/{id}
2026-03-22 07:55:48.914 | ERROR    | database:GET_DB:41 - API REQUEST DATA VALIDATION IS VIOLATED => 1 validation error:
  {'type': 'int_parsing', 'loc': ('path', 'id'), 'msg': 'Input should be a valid integer, unable to parse string as an integer', 'input': 'stats'}

  File "C:\Users\Mr-Computer\Desktop\APP\backend\sales_module\sales.py", line 14, in get_sales
    GET /sales/{id}
2026-03-22 07:58:08.329 | ERROR    | database:GET_DB:41 - API REQUEST DATA VALIDATION IS VIOLATED => 1 validation error:
  {'type': 'int_parsing', 'loc': ('path', 'id'), 'msg': 'Input should be a valid integer, unable to parse string as an integer', 'input': 'stats'}

  File "C:\Users\Mr-Computer\Desktop\APP\backend\sales_module\sales.py", line 14, in get_sales
    GET /sales/{id}
2026-03-22 08:07:02.293 | ERROR    | database:GET_DB:41 - API REQUEST DATA VALIDATION IS VIOLATED => 1 validation error:
  {'type': 'int_parsing', 'loc': ('path', 'id'), 'msg': 'Input should be a valid integer, unable to parse string as an integer', 'input': 'stats'}

  File "C:\Users\Mr-Computer\Desktop\APP\backend\sales_module\sales.py", line 14, in get_sales
    GET /sales/{id}
2026-03-22 08:08:58.085 | ERROR    | database:GET_DB:41 - API REQUEST DATA VALIDATION IS VIOLATED => 1 validation error:
  {'type': 'int_parsing', 'loc': ('path', 'id'), 'msg': 'Input should be a valid integer, unable to parse string as an integer', 'input': 'stats'}

  File "C:\Users\Mr-Computer\Desktop\APP\backend\sales_module\sales.py", line 14, in get_sales
    GET /sales/{id}
2026-03-22 08:15:01.929 | ERROR    | database:GET_DB:41 - API REQUEST DATA VALIDATION IS VIOLATED => 1 validation error:
  {'type': 'int_parsing', 'loc': ('path', 'id'), 'msg': 'Input should be a valid integer, unable to parse string as an integer', 'input': 'stats'}

  File "C:\Users\Mr-Computer\Desktop\APP\backend\sales_module\sales.py", line 14, in get_sales
    GET /sales/{id}
2026-03-22 08:15:06.325 | ERROR    | database:GET_DB:41 - API REQUEST DATA VALIDATION IS VIOLATED => 1 validation error:
  {'type': 'int_parsing', 'loc': ('path', 'id'), 'msg': 'Input should be a valid integer, unable to parse string as an integer', 'input': 'stats'}

  File "C:\Users\Mr-Computer\Desktop\APP\backend\sales_module\sales.py", line 14, in get_sales
    GET /sales/{id}
2026-03-22 08:15:47.816 | ERROR    | database:GET_DB:41 - API REQUEST DATA VALIDATION IS VIOLATED => 1 validation error:
  {'type': 'int_parsing', 'loc': ('path', 'id'), 'msg': 'Input should be a valid integer, unable to parse string as an integer', 'input': 'stats'}

  File "C:\Users\Mr-Computer\Desktop\APP\backend\sales_module\sales.py", line 14, in get_sales
    GET /sales/{id}
2026-03-22 08:15:56.252 | ERROR    | database:GET_DB:41 - API REQUEST DATA VALIDATION IS VIOLATED => 1 validation error:
  {'type': 'int_parsing', 'loc': ('path', 'id'), 'msg': 'Input should be a valid integer, unable to parse string as an integer', 'input': 'stats'}

  File "C:\Users\Mr-Computer\Desktop\APP\backend\sales_module\sales.py", line 14, in get_sales
    GET /sales/{id}
2026-03-22 08:15:57.836 | ERROR    | database:GET_DB:41 - API REQUEST DATA VALIDATION IS VIOLATED => 1 validation error:
  {'type': 'int_parsing', 'loc': ('path', 'id'), 'msg': 'Input should be a valid integer, unable to parse string as an integer', 'input': 'stats'}

  File "C:\Users\Mr-Computer\Desktop\APP\backend\sales_module\sales.py", line 14, in get_sales
    GET /sales/{id}
2026-03-22 08:18:30.413 | ERROR    | database:GET_DB:41 - API REQUEST DATA VALIDATION IS VIOLATED => 1 validation error:
  {'type': 'int_parsing', 'loc': ('path', 'id'), 'msg': 'Input should be a valid integer, unable to parse string as an integer', 'input': 'stats'}

  File "C:\Users\Mr-Computer\Desktop\APP\backend\sales_module\sales.py", line 14, in get_sales
    GET /sales/{id}
2026-03-22 08:18:57.944 | ERROR    | database:GET_DB:41 - API REQUEST DATA VALIDATION IS VIOLATED => 1 validation error:
  {'type': 'int_parsing', 'loc': ('path', 'id'), 'msg': 'Input should be a valid integer, unable to parse string as an integer', 'input': 'stats'}

  File "C:\Users\Mr-Computer\Desktop\APP\backend\sales_module\sales.py", line 14, in get_sales
    GET /sales/{id}
2026-03-22 08:21:33.240 | ERROR    | database:GET_DB:41 - API REQUEST DATA VALIDATION IS VIOLATED => 1 validation error:
  {'type': 'int_parsing', 'loc': ('path', 'id'), 'msg': 'Input should be a valid integer, unable to parse string as an integer', 'input': 'stats'}

  File "C:\Users\Mr-Computer\Desktop\APP\backend\sales_module\sales.py", line 14, in get_sales
    GET /sales/{id}
2026-03-22 08:22:41.123 | ERROR    | database:GET_DB:41 - API REQUEST DATA VALIDATION IS VIOLATED => 1 validation error:
  {'type': 'int_parsing', 'loc': ('path', 'id'), 'msg': 'Input should be a valid integer, unable to parse string as an integer', 'input': 'stats'}

  File "C:\Users\Mr-Computer\Desktop\APP\backend\sales_module\sales.py", line 14, in get_sales
    GET /sales/{id}
2026-03-22 08:24:48.091 | ERROR    | database:GET_DB:41 - API REQUEST DATA VALIDATION IS VIOLATED => 1 validation error:
  {'type': 'int_parsing', 'loc': ('path', 'id'), 'msg': 'Input should be a valid integer, unable to parse string as an integer', 'input': 'stats'}

  File "C:\Users\Mr-Computer\Desktop\APP\backend\sales_module\sales.py", line 14, in get_sales
    GET /sales/{id}
2026-03-22 08:26:08.296 | ERROR    | database:GET_DB:41 - API REQUEST DATA VALIDATION IS VIOLATED => 1 validation error:
  {'type': 'int_parsing', 'loc': ('path', 'id'), 'msg': 'Input should be a valid integer, unable to parse string as an integer', 'input': 'stats'}

  File "C:\Users\Mr-Computer\Desktop\APP\backend\sales_module\sales.py", line 14, in get_sales
    GET /sales/{id}
2026-03-22 08:30:15.403 | ERROR    | database:GET_DB:41 - API REQUEST DATA VALIDATION IS VIOLATED => 1 validation error:
  {'type': 'int_parsing', 'loc': ('path', 'id'), 'msg': 'Input should be a valid integer, unable to parse string as an integer', 'input': 'stats'}

  File "C:\Users\Mr-Computer\Desktop\APP\backend\sales_module\sales.py", line 14, in get_sales
    GET /sales/{id}
2026-03-22 08:33:06.475 | ERROR    | database:GET_DB:41 - API REQUEST DATA VALIDATION IS VIOLATED => 1 validation error:
  {'type': 'int_parsing', 'loc': ('path', 'id'), 'msg': 'Input should be a valid integer, unable to parse string as an integer', 'input': 'stats'}

  File "C:\Users\Mr-Computer\Desktop\APP\backend\sales_module\sales.py", line 14, in get_sales
    GET /sales/{id}
2026-03-22 08:38:48.403 | ERROR    | database:GET_DB:41 - API REQUEST DATA VALIDATION IS VIOLATED => 1 validation error:
  {'type': 'int_parsing', 'loc': ('path', 'id'), 'msg': 'Input should be a valid integer, unable to parse string as an integer', 'input': 'stats'}

  File "C:\Users\Mr-Computer\Desktop\APP\backend\sales_module\sales.py", line 14, in get_sales
    GET /sales/{id}
2026-03-22 08:51:36.763 | ERROR    | database:GET_DB:41 - API REQUEST DATA VALIDATION IS VIOLATED => 1 validation error:
  {'type': 'int_parsing', 'loc': ('path', 'id'), 'msg': 'Input should be a valid integer, unable to parse string as an integer', 'input': 'stats'}

  File "C:\Users\Mr-Computer\Desktop\APP\backend\sales_module\sales.py", line 14, in get_sales
    GET /sales/{id}
2026-03-22 09:15:11.351 | ERROR    | database:GET_DB:41 - API REQUEST DATA VALIDATION IS VIOLATED => 1 validation error:
  {'type': 'int_parsing', 'loc': ('path', 'id'), 'msg': 'Input should be a valid integer, unable to parse string as an integer', 'input': 'search'}

  File "C:\Users\Mr-Computer\Desktop\APP\backend\sales_module\sales.py", line 14, in get_sales
    GET /sales/{id}
2026-03-22 09:15:55.911 | ERROR    | database:GET_DB:41 - API REQUEST DATA VALIDATION IS VIOLATED => 1 validation error:
  {'type': 'int_parsing', 'loc': ('path', 'id'), 'msg': 'Input should be a valid integer, unable to parse string as an integer', 'input': 'stats'}

  File "C:\Users\Mr-Computer\Desktop\APP\backend\sales_module\sales.py", line 14, in get_sales
    GET /sales/{id}
2026-03-22 09:20:56.512 | ERROR    | database:GET_DB:41 - API REQUEST DATA VALIDATION IS VIOLATED => 1 validation error:
  {'type': 'int_parsing', 'loc': ('path', 'id'), 'msg': 'Input should be a valid integer, unable to parse string as an integer', 'input': 'stats'}

  File "C:\Users\Mr-Computer\Desktop\APP\backend\sales_module\sales.py", line 14, in get_sales
    GET /sales/{id}
2026-03-22 09:25:46.007 | ERROR    | database:GET_DB:41 - API REQUEST DATA VALIDATION IS VIOLATED => 1 validation error:
  {'type': 'int_parsing', 'loc': ('path', 'id'), 'msg': 'Input should be a valid integer, unable to parse string as an integer', 'input': 'stats'}

  File "C:\Users\Mr-Computer\Desktop\APP\backend\sales_module\sales.py", line 14, in get_sales
    GET /sales/{id}
2026-03-22 09:26:12.038 | ERROR    | database:GET_DB:41 - API REQUEST DATA VALIDATION IS VIOLATED => 1 validation error:
  {'type': 'int_parsing', 'loc': ('path', 'id'), 'msg': 'Input should be a valid integer, unable to parse string as an integer', 'input': 'stats'}

  File "C:\Users\Mr-Computer\Desktop\APP\backend\sales_module\sales.py", line 14, in get_sales
    GET /sales/{id}
2026-03-22 09:27:25.765 | ERROR    | database:GET_DB:41 - API REQUEST DATA VALIDATION IS VIOLATED => 1 validation error:
  {'type': 'int_parsing', 'loc': ('path', 'id'), 'msg': 'Input should be a valid integer, unable to parse string as an integer', 'input': 'stats'}

  File "C:\Users\Mr-Computer\Desktop\APP\backend\sales_module\sales.py", line 14, in get_sales
    GET /sales/{id}
2026-03-22 10:48:46.756 | ERROR    | database:GET_DB:41 - API REQUEST DATA VALIDATION IS VIOLATED => 1 validation error:
  {'type': 'int_parsing', 'loc': ('path', 'id'), 'msg': 'Input should be a valid integer, unable to parse string as an integer', 'input': 'filter'}

  File "C:\Users\Mr-Computer\Desktop\APP\backend\sales_module\sales.py", line 14, in get_sales
    GET /sales/{id}
2026-03-22 10:49:15.760 | ERROR    | database:GET_DB:41 - API REQUEST DATA VALIDATION IS VIOLATED => 1 validation error:
  {'type': 'int_parsing', 'loc': ('path', 'id'), 'msg': 'Input should be a valid integer, unable to parse string as an integer', 'input': 'search'}

  File "C:\Users\Mr-Computer\Desktop\APP\backend\sales_module\sales.py", line 14, in get_sales
    GET /sales/{id}
2026-03-22 10:50:29.117 | ERROR    | database:GET_DB:41 - API REQUEST DATA VALIDATION IS VIOLATED => 1 validation error:
  {'type': 'int_parsing', 'loc': ('path', 'id'), 'msg': 'Input should be a valid integer, unable to parse string as an integer', 'input': 'filter'}

  File "C:\Users\Mr-Computer\Desktop\APP\backend\sales_module\sales.py", line 14, in get_sales
    GET /sales/{id}
2026-03-22 10:50:32.900 | ERROR    | database:GET_DB:41 - API REQUEST DATA VALIDATION IS VIOLATED => 1 validation error:
  {'type': 'int_parsing', 'loc': ('path', 'id'), 'msg': 'Input should be a valid integer, unable to parse string as an integer', 'input': 'filter'}

  File "C:\Users\Mr-Computer\Desktop\APP\backend\sales_module\sales.py", line 14, in get_sales
    GET /sales/{id}
2026-03-22 11:07:05.464 | ERROR    | database:GET_DB:41 - API REQUEST DATA VALIDATION IS VIOLATED => 1 validation error:
  {'type': 'int_parsing', 'loc': ('path', 'id'), 'msg': 'Input should be a valid integer, unable to parse string as an integer', 'input': 'stats'}

  File "C:\Users\Mr-Computer\Desktop\APP\backend\sales_module\sales.py", line 14, in get_sales
    GET /sales/{id}
2026-03-22 11:07:55.813 | ERROR    | database:GET_DB:41 - API REQUEST DATA VALIDATION IS VIOLATED => 1 validation error:
  {'type': 'int_parsing', 'loc': ('path', 'id'), 'msg': 'Input should be a valid integer, unable to parse string as an integer', 'input': 'stats'}

  File "C:\Users\Mr-Computer\Desktop\APP\backend\sales_module\sales.py", line 14, in get_sales
    GET /sales/{id}
2026-03-22 11:08:08.232 | ERROR    | database:GET_DB:41 - API REQUEST DATA VALIDATION IS VIOLATED => 1 validation error:
  {'type': 'int_parsing', 'loc': ('path', 'id'), 'msg': 'Input should be a valid integer, unable to parse string as an integer', 'input': 'stats'}

  File "C:\Users\Mr-Computer\Desktop\APP\backend\sales_module\sales.py", line 14, in get_sales
    GET /sales/{id}
2026-03-22 11:09:34.121 | ERROR    | database:GET_DB:41 - API REQUEST DATA VALIDATION IS VIOLATED => 1 validation error:
  {'type': 'int_parsing', 'loc': ('path', 'id'), 'msg': 'Input should be a valid integer, unable to parse string as an integer', 'input': 'stats'}

  File "C:\Users\Mr-Computer\Desktop\APP\backend\sales_module\sales.py", line 14, in get_sales
    GET /sales/{id}
2026-03-22 11:10:22.977 | ERROR    | database:GET_DB:41 - API REQUEST DATA VALIDATION IS VIOLATED => 1 validation error:
  {'type': 'int_parsing', 'loc': ('path', 'id'), 'msg': 'Input should be a valid integer, unable to parse string as an integer', 'input': 'stats'}

  File "C:\Users\Mr-Computer\Desktop\APP\backend\sales_module\sales.py", line 14, in get_sales
    GET /sales/{id}
2026-03-22 11:10:54.910 | ERROR    | database:GET_DB:41 - API REQUEST DATA VALIDATION IS VIOLATED => 1 validation error:
  {'type': 'int_parsing', 'loc': ('path', 'id'), 'msg': 'Input should be a valid integer, unable to parse string as an integer', 'input': 'stats'}

  File "C:\Users\Mr-Computer\Desktop\APP\backend\sales_module\sales.py", line 14, in get_sales
    GET /sales/{id}
2026-03-22 11:21:10.930 | ERROR    | database:GET_DB:41 - API REQUEST DATA VALIDATION IS VIOLATED => 1 validation error:
  {'type': 'int_parsing', 'loc': ('path', 'id'), 'msg': 'Input should be a valid integer, unable to parse string as an integer', 'input': 'stats'}

  File "C:\Users\Mr-Computer\Desktop\APP\backend\sales_module\sales.py", line 14, in get_sales
    GET /sales/{id}
2026-03-22 11:28:37.663 | ERROR    | database:GET_DB:41 - API REQUEST DATA VALIDATION IS VIOLATED => 1 validation error:
  {'type': 'int_parsing', 'loc': ('path', 'id'), 'msg': 'Input should be a valid integer, unable to parse string as an integer', 'input': 'stats'}

  File "C:\Users\Mr-Computer\Desktop\APP\backend\sales_module\sales.py", line 14, in get_sales
    GET /sales/{id}
2026-03-22 11:28:52.436 | ERROR    | database:GET_DB:41 - API REQUEST DATA VALIDATION IS VIOLATED => 1 validation error:
  {'type': 'int_parsing', 'loc': ('path', 'id'), 'msg': 'Input should be a valid integer, unable to parse string as an integer', 'input': 'stats'}

  File "C:\Users\Mr-Computer\Desktop\APP\backend\sales_module\sales.py", line 14, in get_sales
    GET /sales/{id}
2026-03-22 11:30:40.552 | ERROR    | database:GET_DB:41 - API REQUEST DATA VALIDATION IS VIOLATED => 1 validation error:
  {'type': 'int_parsing', 'loc': ('path', 'id'), 'msg': 'Input should be a valid integer, unable to parse string as an integer', 'input': 'stats'}

  File "C:\Users\Mr-Computer\Desktop\APP\backend\sales_module\sales.py", line 14, in get_sales
    GET /sales/{id}
2026-03-22 11:30:51.676 | ERROR    | database:GET_DB:41 - API REQUEST DATA VALIDATION IS VIOLATED => 1 validation error:
  {'type': 'int_parsing', 'loc': ('path', 'id'), 'msg': 'Input should be a valid integer, unable to parse string as an integer', 'input': 'stats'}

  File "C:\Users\Mr-Computer\Desktop\APP\backend\sales_module\sales.py", line 14, in get_sales
    GET /sales/{id}
2026-03-22 11:37:19.028 | ERROR    | database:GET_DB:41 - API REQUEST DATA VALIDATION IS VIOLATED => 1 validation error:
  {'type': 'int_parsing', 'loc': ('path', 'id'), 'msg': 'Input should be a valid integer, unable to parse string as an integer', 'input': 'stats'}

  File "C:\Users\Mr-Computer\Desktop\APP\backend\sales_module\sales.py", line 14, in get_sales
    GET /sales/{id}
2026-03-22 11:43:12.668 | ERROR    | database:GET_DB:41 - API REQUEST DATA VALIDATION IS VIOLATED => 1 validation error:
  {'type': 'int_parsing', 'loc': ('path', 'id'), 'msg': 'Input should be a valid integer, unable to parse string as an integer', 'input': 'stats'}

  File "C:\Users\Mr-Computer\Desktop\APP\backend\sales_module\sales.py", line 14, in get_sales
    GET /sales/{id}
2026-03-22 11:43:12.679 | ERROR    | database:GET_DB:41 - API REQUEST DATA VALIDATION IS VIOLATED => 1 validation error:
  {'type': 'int_parsing', 'loc': ('path', 'id'), 'msg': 'Input should be a valid integer, unable to parse string as an integer', 'input': 'all'}

  File "C:\Users\Mr-Computer\Desktop\APP\backend\sales_module\sales.py", line 14, in get_sales
    GET /sales/{id}
2026-03-22 11:53:29.530 | ERROR    | database:GET_DB:41 - API REQUEST DATA VALIDATION IS VIOLATED => 1 validation error:
  {'type': 'int_parsing', 'loc': ('path', 'id'), 'msg': 'Input should be a valid integer, unable to parse string as an integer', 'input': 'all'}

  File "C:\Users\Mr-Computer\Desktop\APP\backend\sales_module\sales.py", line 14, in get_sales
    GET /sales/{id}
2026-03-22 11:54:42.643 | ERROR    | database:GET_DB:41 - API REQUEST DATA VALIDATION IS VIOLATED => 1 validation error:
  {'type': 'int_parsing', 'loc': ('path', 'id'), 'msg': 'Input should be a valid integer, unable to parse string as an integer', 'input': 'stats'}

  File "C:\Users\Mr-Computer\Desktop\APP\backend\sales_module\sales.py", line 14, in get_sales
    GET /sales/{id}
2026-03-22 11:56:37.029 | ERROR    | database:GET_DB:41 - API REQUEST DATA VALIDATION IS VIOLATED => 1 validation error:
  {'type': 'int_parsing', 'loc': ('path', 'id'), 'msg': 'Input should be a valid integer, unable to parse string as an integer', 'input': 'stats'}

  File "C:\Users\Mr-Computer\Desktop\APP\backend\sales_module\sales.py", line 14, in get_sales
    GET /sales/{id}
2026-03-22 11:56:49.435 | ERROR    | database:GET_DB:41 - API REQUEST DATA VALIDATION IS VIOLATED => 1 validation error:
  {'type': 'int_parsing', 'loc': ('path', 'id'), 'msg': 'Input should be a valid integer, unable to parse string as an integer', 'input': 'stats'}

  File "C:\Users\Mr-Computer\Desktop\APP\backend\sales_module\sales.py", line 14, in get_sales
    GET /sales/{id}
2026-03-22 12:06:06.541 | ERROR    | database:GET_DB:41 - API REQUEST DATA VALIDATION IS VIOLATED => 1 validation error:
  {'type': 'int_parsing', 'loc': ('path', 'id'), 'msg': 'Input should be a valid integer, unable to parse string as an integer', 'input': 'stats'}

  File "C:\Users\Mr-Computer\Desktop\APP\backend\sales_module\sales.py", line 14, in get_sales
    GET /sales/{id}
2026-03-22 12:21:26.947 | ERROR    | database:GET_DB:41 - API REQUEST DATA VALIDATION IS VIOLATED => 1 validation error:
  {'type': 'int_parsing', 'loc': ('path', 'id'), 'msg': 'Input should be a valid integer, unable to parse string as an integer', 'input': 'stats'}

  File "C:\Users\Mr-Computer\Desktop\APP\backend\sales_module\sales.py", line 14, in get_sales
    GET /sales/{id}
2026-03-22 12:21:29.916 | ERROR    | database:GET_DB:41 - API REQUEST DATA VALIDATION IS VIOLATED => 1 validation error:
  {'type': 'int_parsing', 'loc': ('path', 'id'), 'msg': 'Input should be a valid integer, unable to parse string as an integer', 'input': 'stats'}

  File "C:\Users\Mr-Computer\Desktop\APP\backend\sales_module\sales.py", line 14, in get_sales
    GET /sales/{id}
2026-03-22 12:21:33.646 | ERROR    | database:GET_DB:41 - API REQUEST DATA VALIDATION IS VIOLATED => 1 validation error:
  {'type': 'int_parsing', 'loc': ('path', 'id'), 'msg': 'Input should be a valid integer, unable to parse string as an integer', 'input': 'stats'}

  File "C:\Users\Mr-Computer\Desktop\APP\backend\sales_module\sales.py", line 14, in get_sales
    GET /sales/{id}
2026-03-22 12:21:55.902 | ERROR    | database:GET_DB:41 - API REQUEST DATA VALIDATION IS VIOLATED => 1 validation error:
  {'type': 'int_parsing', 'loc': ('path', 'id'), 'msg': 'Input should be a valid integer, unable to parse string as an integer', 'input': 'stats'}

  File "C:\Users\Mr-Computer\Desktop\APP\backend\sales_module\sales.py", line 14, in get_sales
    GET /sales/{id}
2026-03-22 12:21:55.931 | ERROR    | database:GET_DB:52 - LOGIC ERROR OR BACKEND ERROR => column "c.name" must appear in the GROUP BY clause or be used in an aggregate function
LINE 1: select coalesce(c.name,s.consumer_name) , s.price , count(*)...
                        ^
QUERY:  select coalesce(c.name,s.consumer_name) , s.price , count(*) , c.cust_id                                          from schema_customers.customers c join schema_sales.sales s on c.cust_id = s.cust_id  where (TO_CHAR(s.created_at, 'YY-MM') = TO_CHAR(CURRENT_DATE, 'YY-MM')) and s.sales_status::varchar <> 'deleted' and c.is_active = true  order by s.price desc limit 1
CONTEXT:  PL/pgSQL function schema_sales.display_sales_stats() line 18 at SQL statement

2026-03-22 12:22:02.023 | ERROR    | database:GET_DB:41 - API REQUEST DATA VALIDATION IS VIOLATED => 1 validation error:
  {'type': 'int_parsing', 'loc': ('path', 'id'), 'msg': 'Input should be a valid integer, unable to parse string as an integer', 'input': 'stats'}

  File "C:\Users\Mr-Computer\Desktop\APP\backend\sales_module\sales.py", line 14, in get_sales
    GET /sales/{id}
2026-03-22 12:22:02.031 | ERROR    | database:GET_DB:52 - LOGIC ERROR OR BACKEND ERROR => column "c.name" must appear in the GROUP BY clause or be used in an aggregate function
LINE 1: select coalesce(c.name,s.consumer_name) , s.price , count(*)...
                        ^
QUERY:  select coalesce(c.name,s.consumer_name) , s.price , count(*) , c.cust_id                                          from schema_customers.customers c join schema_sales.sales s on c.cust_id = s.cust_id  where (TO_CHAR(s.created_at, 'YY-MM') = TO_CHAR(CURRENT_DATE, 'YY-MM')) and s.sales_status::varchar <> 'deleted' and c.is_active = true  order by s.price desc limit 1
CONTEXT:  PL/pgSQL function schema_sales.display_sales_stats() line 18 at SQL statement

2026-03-22 12:22:24.199 | ERROR    | database:GET_DB:41 - API REQUEST DATA VALIDATION IS VIOLATED => 1 validation error:
  {'type': 'int_parsing', 'loc': ('path', 'id'), 'msg': 'Input should be a valid integer, unable to parse string as an integer', 'input': 'stats'}

  File "C:\Users\Mr-Computer\Desktop\APP\backend\sales_module\sales.py", line 14, in get_sales
    GET /sales/{id}
2026-03-22 12:23:58.495 | ERROR    | database:GET_DB:41 - API REQUEST DATA VALIDATION IS VIOLATED => 1 validation error:
  {'type': 'int_parsing', 'loc': ('path', 'id'), 'msg': 'Input should be a valid integer, unable to parse string as an integer', 'input': 'stats'}

  File "C:\Users\Mr-Computer\Desktop\APP\backend\sales_module\sales.py", line 14, in get_sales
    GET /sales/{id}
2026-03-22 12:24:01.743 | ERROR    | database:GET_DB:41 - API REQUEST DATA VALIDATION IS VIOLATED => 1 validation error:
  {'type': 'int_parsing', 'loc': ('path', 'id'), 'msg': 'Input should be a valid integer, unable to parse string as an integer', 'input': 'stats'}

  File "C:\Users\Mr-Computer\Desktop\APP\backend\sales_module\sales.py", line 14, in get_sales
    GET /sales/{id}
2026-03-22 12:24:33.032 | ERROR    | database:GET_DB:41 - API REQUEST DATA VALIDATION IS VIOLATED => 1 validation error:
  {'type': 'int_parsing', 'loc': ('path', 'id'), 'msg': 'Input should be a valid integer, unable to parse string as an integer', 'input': 'stats'}

  File "C:\Users\Mr-Computer\Desktop\APP\backend\sales_module\sales.py", line 14, in get_sales
    GET /sales/{id}
2026-03-22 12:26:43.898 | ERROR    | database:GET_DB:41 - API REQUEST DATA VALIDATION IS VIOLATED => 1 validation error:
  {'type': 'int_parsing', 'loc': ('path', 'id'), 'msg': 'Input should be a valid integer, unable to parse string as an integer', 'input': 'stats'}

  File "C:\Users\Mr-Computer\Desktop\APP\backend\sales_module\sales.py", line 14, in get_sales
    GET /sales/{id}
2026-03-22 12:29:14.713 | ERROR    | database:GET_DB:41 - API REQUEST DATA VALIDATION IS VIOLATED => 1 validation error:
  {'type': 'int_parsing', 'loc': ('path', 'id'), 'msg': 'Input should be a valid integer, unable to parse string as an integer', 'input': 'stats'}

  File "C:\Users\Mr-Computer\Desktop\APP\backend\sales_module\sales.py", line 14, in get_sales
    GET /sales/{id}
2026-03-22 12:29:18.874 | ERROR    | database:GET_DB:41 - API REQUEST DATA VALIDATION IS VIOLATED => 1 validation error:
  {'type': 'int_parsing', 'loc': ('path', 'id'), 'msg': 'Input should be a valid integer, unable to parse string as an integer', 'input': 'stats'}

  File "C:\Users\Mr-Computer\Desktop\APP\backend\sales_module\sales.py", line 14, in get_sales
    GET /sales/{id}
2026-03-22 12:30:40.824 | ERROR    | database:GET_DB:41 - API REQUEST DATA VALIDATION IS VIOLATED => 1 validation error:
  {'type': 'int_parsing', 'loc': ('path', 'id'), 'msg': 'Input should be a valid integer, unable to parse string as an integer', 'input': 'stats'}

  File "C:\Users\Mr-Computer\Desktop\APP\backend\sales_module\sales.py", line 14, in get_sales
    GET /sales/{id}
2026-03-22 12:30:56.624 | ERROR    | database:GET_DB:52 - LOGIC ERROR OR BACKEND ERROR => column "c.name" must appear in the GROUP BY clause or be used in an aggregate function
LINE 1: select coalesce(c.name,s.consumer_name) , s.price , count(*)...
                        ^
QUERY:  select coalesce(c.name,s.consumer_name) , s.price , count(*) , c.cust_id                                          from schema_customers.customers c join schema_sales.sales s on c.cust_id = s.cust_id  where (TO_CHAR(s.created_at, 'YY-MM') = TO_CHAR(CURRENT_DATE, 'YY-MM')) and s.sales_status::varchar <> 'deleted' and c.is_active = true  order by s.price desc limit 1
CONTEXT:  PL/pgSQL function schema_sales.display_sales_stats() line 18 at SQL statement

2026-03-22 12:33:24.530 | ERROR    | database:GET_DB:52 - LOGIC ERROR OR BACKEND ERROR => column "c.name" must appear in the GROUP BY clause or be used in an aggregate function
LINE 1: select coalesce(c.name,s.consumer_name) , s.price , count(*)...
                        ^
QUERY:  select coalesce(c.name,s.consumer_name) , s.price , count(*) , c.cust_id                                          from schema_customers.customers c join schema_sales.sales s on c.cust_id = s.cust_id  
	where (TO_CHAR(s.created_at, 'YY-MM') = TO_CHAR(CURRENT_DATE, 'YY-MM')) and 
	s.sales_status::varchar <> 'deleted' and c.is_active = true  
	order by s.price desc limit 1
CONTEXT:  PL/pgSQL function schema_sales.display_sales_stats() line 18 at SQL statement

2026-03-22 12:36:02.589 | ERROR    | database:GET_DB:52 - LOGIC ERROR OR BACKEND ERROR => column "qty" does not exist
LINE 1: ...TAL_ACCOUNT, F_TOTAL_CASH , customer_name , amt , qty,SALES_...
                                                             ^
QUERY:  SELECT F_TOTAL_SALE, F_TOTAL_ACCOUNT, F_TOTAL_CASH , customer_name , amt , qty,SALES_ID
CONTEXT:  PL/pgSQL function schema_sales.display_sales_stats() line 21 at RETURN QUERY

2026-03-22 13:42:36.555 | ERROR    | database:GET_DB:41 - API REQUEST DATA VALIDATION IS VIOLATED => 1 validation error:
  {'type': 'int_parsing', 'loc': ('path', 'id'), 'msg': 'Input should be a valid integer, unable to parse string as an integer', 'input': 'search'}

  File "C:\Users\Mr-Computer\Desktop\APP\backend\sales_module\sales.py", line 25, in get_sales
    GET /sales/{id}
2026-03-22 13:43:46.262 | ERROR    | database:GET_DB:41 - API REQUEST DATA VALIDATION IS VIOLATED => 1 validation error:
  {'type': 'int_parsing', 'loc': ('path', 'id'), 'msg': 'Input should be a valid integer, unable to parse string as an integer', 'input': 'search_sales'}

  File "C:\Users\Mr-Computer\Desktop\APP\backend\sales_module\sales.py", line 25, in get_sales
    GET /sales/{id}
2026-03-22 13:44:06.407 | ERROR    | database:GET_DB:41 - API REQUEST DATA VALIDATION IS VIOLATED => 1 validation error:
  {'type': 'int_parsing', 'loc': ('path', 'id'), 'msg': 'Input should be a valid integer, unable to parse string as an integer', 'input': 'search_sales'}

  File "C:\Users\Mr-Computer\Desktop\APP\backend\sales_module\sales.py", line 25, in get_sales
    GET /sales/{id}
2026-03-22 13:45:08.767 | ERROR    | database:GET_DB:41 - API REQUEST DATA VALIDATION IS VIOLATED => 1 validation error:
  {'type': 'int_parsing', 'loc': ('path', 'id'), 'msg': 'Input should be a valid integer, unable to parse string as an integer', 'input': 'search_sales'}

  File "C:\Users\Mr-Computer\Desktop\APP\backend\sales_module\sales.py", line 25, in get_sales
    GET /sales/{id}
2026-03-22 13:45:57.113 | ERROR    | database:GET_DB:41 - API REQUEST DATA VALIDATION IS VIOLATED => 1 validation error:
  {'type': 'int_parsing', 'loc': ('path', 'id'), 'msg': 'Input should be a valid integer, unable to parse string as an integer', 'input': 'search_sales'}

  File "C:\Users\Mr-Computer\Desktop\APP\backend\sales_module\sales.py", line 25, in get_sales
    GET /sales/{id}
2026-03-22 13:46:13.643 | ERROR    | database:GET_DB:41 - API REQUEST DATA VALIDATION IS VIOLATED => 1 validation error:
  {'type': 'int_parsing', 'loc': ('path', 'id'), 'msg': 'Input should be a valid integer, unable to parse string as an integer', 'input': 'search_sales'}

  File "C:\Users\Mr-Computer\Desktop\APP\backend\sales_module\sales.py", line 118, in get_sales
    GET /sales/{id}
2026-03-22 13:47:35.205 | ERROR    | database:GET_DB:41 - API REQUEST DATA VALIDATION IS VIOLATED => 1 validation error:
  {'type': 'int_parsing', 'loc': ('path', 'id'), 'msg': 'Input should be a valid integer, unable to parse string as an integer', 'input': 'search_sales'}

  File "C:\Users\Mr-Computer\Desktop\APP\backend\sales_module\sales.py", line 118, in get_sales
    GET /sales/{id}
2026-03-22 13:49:08.060 | ERROR    | database:GET_DB:41 - API REQUEST DATA VALIDATION IS VIOLATED => 1 validation error:
  {'type': 'int_parsing', 'loc': ('path', 'id'), 'msg': 'Input should be a valid integer, unable to parse string as an integer', 'input': 'search'}

  File "C:\Users\Mr-Computer\Desktop\APP\backend\sales_module\sales.py", line 118, in get_sales
    GET /sales/{id}
2026-03-22 13:49:59.870 | ERROR    | database:GET_DB:41 - API REQUEST DATA VALIDATION IS VIOLATED => 1 validation error:
  {'type': 'int_parsing', 'loc': ('path', 'id'), 'msg': 'Input should be a valid integer, unable to parse string as an integer', 'input': 'search'}

  File "C:\Users\Mr-Computer\Desktop\APP\backend\sales_module\sales.py", line 118, in get_sales
    GET /sales/{id}
2026-03-22 13:50:07.821 | ERROR    | database:GET_DB:41 - API REQUEST DATA VALIDATION IS VIOLATED => 1 validation error:
  {'type': 'int_parsing', 'loc': ('path', 'id'), 'msg': 'Input should be a valid integer, unable to parse string as an integer', 'input': 'search'}

  File "C:\Users\Mr-Computer\Desktop\APP\backend\sales_module\sales.py", line 118, in get_sales
    GET /sales/{id}
2026-03-22 13:50:28.244 | ERROR    | database:GET_DB:41 - API REQUEST DATA VALIDATION IS VIOLATED => 1 validation error:
  {'type': 'int_parsing', 'loc': ('path', 'id'), 'msg': 'Input should be a valid integer, unable to parse string as an integer', 'input': 'search'}

  File "C:\Users\Mr-Computer\Desktop\APP\backend\sales_module\sales.py", line 118, in get_sales
    GET /sales/{id}
2026-03-22 13:50:34.439 | ERROR    | database:GET_DB:41 - API REQUEST DATA VALIDATION IS VIOLATED => 1 validation error:
  {'type': 'int_parsing', 'loc': ('path', 'id'), 'msg': 'Input should be a valid integer, unable to parse string as an integer', 'input': 'search'}

  File "C:\Users\Mr-Computer\Desktop\APP\backend\sales_module\sales.py", line 118, in get_sales
    GET /sales/{id}
2026-03-22 13:52:04.302 | ERROR    | database:GET_DB:41 - API REQUEST DATA VALIDATION IS VIOLATED => 1 validation error:
  {'type': 'int_parsing', 'loc': ('path', 'id'), 'msg': 'Input should be a valid integer, unable to parse string as an integer', 'input': 'search'}

  File "C:\Users\Mr-Computer\Desktop\APP\backend\sales_module\sales.py", line 118, in get_sales
    GET /sales/{id}
2026-03-22 13:52:17.464 | ERROR    | database:GET_DB:41 - API REQUEST DATA VALIDATION IS VIOLATED => 1 validation error:
  {'type': 'int_parsing', 'loc': ('path', 'id'), 'msg': 'Input should be a valid integer, unable to parse string as an integer', 'input': 'search'}

  File "C:\Users\Mr-Computer\Desktop\APP\backend\sales_module\sales.py", line 118, in get_sales
    GET /sales/{id}
2026-03-22 13:52:32.582 | ERROR    | database:GET_DB:41 - API REQUEST DATA VALIDATION IS VIOLATED => 1 validation error:
  {'type': 'int_parsing', 'loc': ('path', 'id'), 'msg': 'Input should be a valid integer, unable to parse string as an integer', 'input': 'search'}

  File "C:\Users\Mr-Computer\Desktop\APP\backend\sales_module\sales.py", line 118, in get_sales
    GET /sales/{id}
2026-03-22 13:53:22.901 | ERROR    | database:GET_DB:41 - API REQUEST DATA VALIDATION IS VIOLATED => 1 validation error:
  {'type': 'int_parsing', 'loc': ('path', 'id'), 'msg': 'Input should be a valid integer, unable to parse string as an integer', 'input': 'search'}

  File "C:\Users\Mr-Computer\Desktop\APP\backend\sales_module\sales.py", line 118, in get_sales
    GET /sales/{id}
2026-03-22 13:53:36.525 | ERROR    | database:GET_DB:52 - LOGIC ERROR OR BACKEND ERROR => function schema_sales.search_sales(unknown) does not exist
LINE 1: select * from schema_sales.search_sales('91')
                      ^
HINT:  No function matches the given name and argument types. You might need to add explicit type casts.

2026-03-22 13:54:44.648 | ERROR    | database:GET_DB:41 - API REQUEST DATA VALIDATION IS VIOLATED => 1 validation error:
  {'type': 'int_parsing', 'loc': ('path', 'id'), 'msg': 'Input should be a valid integer, unable to parse string as an integer', 'input': 'all'}

  File "C:\Users\Mr-Computer\Desktop\APP\backend\sales_module\sales.py", line 118, in get_sales
    GET /sales/{id}
2026-03-22 13:55:40.442 | ERROR    | database:GET_DB:41 - API REQUEST DATA VALIDATION IS VIOLATED => 1 validation error:
  {'type': 'int_parsing', 'loc': ('path', 'id'), 'msg': 'Input should be a valid integer, unable to parse string as an integer', 'input': 'all'}

  File "C:\Users\Mr-Computer\Desktop\APP\backend\sales_module\sales.py", line 118, in get_sales
    GET /sales/{id}
2026-03-22 13:55:45.498 | ERROR    | database:GET_DB:41 - API REQUEST DATA VALIDATION IS VIOLATED => 1 validation error:
  {'type': 'int_parsing', 'loc': ('path', 'id'), 'msg': 'Input should be a valid integer, unable to parse string as an integer', 'input': 'all'}

  File "C:\Users\Mr-Computer\Desktop\APP\backend\sales_module\sales.py", line 118, in get_sales
    GET /sales/{id}
2026-03-22 13:55:51.056 | ERROR    | database:GET_DB:41 - API REQUEST DATA VALIDATION IS VIOLATED => 1 validation error:
  {'type': 'int_parsing', 'loc': ('path', 'id'), 'msg': 'Input should be a valid integer, unable to parse string as an integer', 'input': 'all'}

  File "C:\Users\Mr-Computer\Desktop\APP\backend\sales_module\sales.py", line 118, in get_sales
    GET /sales/{id}
2026-03-22 13:57:03.641 | ERROR    | database:GET_DB:41 - API REQUEST DATA VALIDATION IS VIOLATED => 1 validation error:
  {'type': 'int_parsing', 'loc': ('path', 'id'), 'msg': 'Input should be a valid integer, unable to parse string as an integer', 'input': 'all'}

  File "C:\Users\Mr-Computer\Desktop\APP\backend\sales_module\sales.py", line 118, in get_sales
    GET /sales/{id}
2026-03-22 13:57:15.026 | ERROR    | database:GET_DB:41 - API REQUEST DATA VALIDATION IS VIOLATED => 1 validation error:
  {'type': 'int_parsing', 'loc': ('path', 'id'), 'msg': 'Input should be a valid integer, unable to parse string as an integer', 'input': 'all'}

  File "C:\Users\Mr-Computer\Desktop\APP\backend\sales_module\sales.py", line 118, in get_sales
    GET /sales/{id}
2026-03-22 13:58:31.263 | ERROR    | database:GET_DB:41 - API REQUEST DATA VALIDATION IS VIOLATED => 1 validation error:
  {'type': 'missing', 'loc': ('body',), 'msg': 'Field required', 'input': None}

  File "C:\Users\Mr-Computer\Desktop\APP\backend\sales_module\sales.py", line 100, in get_all_sales
    PUT /sales/all
2026-03-22 13:58:35.364 | ERROR    | database:GET_DB:41 - API REQUEST DATA VALIDATION IS VIOLATED => 1 validation error:
  {'type': 'missing', 'loc': ('body',), 'msg': 'Field required', 'input': None}

  File "C:\Users\Mr-Computer\Desktop\APP\backend\sales_module\sales.py", line 100, in get_all_sales
    PUT /sales/all
2026-03-22 14:00:45.511 | ERROR    | database:GET_DB:41 - API REQUEST DATA VALIDATION IS VIOLATED => 1 validation error:
  {'type': 'int_parsing', 'loc': ('path', 'id'), 'msg': 'Input should be a valid integer, unable to parse string as an integer', 'input': 'filter'}

  File "C:\Users\Mr-Computer\Desktop\APP\backend\sales_module\sales.py", line 118, in get_sales
    GET /sales/{id}
2026-03-22 14:03:34.132 | ERROR    | database:GET_DB:41 - API REQUEST DATA VALIDATION IS VIOLATED => 1 validation error:
  {'type': 'int_parsing', 'loc': ('path', 'id'), 'msg': 'Input should be a valid integer, unable to parse string as an integer', 'input': 'filter'}

  File "C:\Users\Mr-Computer\Desktop\APP\backend\sales_module\sales.py", line 118, in get_sales
    GET /sales/{id}
2026-03-22 14:03:36.539 | ERROR    | database:GET_DB:41 - API REQUEST DATA VALIDATION IS VIOLATED => 1 validation error:
  {'type': 'int_parsing', 'loc': ('path', 'id'), 'msg': 'Input should be a valid integer, unable to parse string as an integer', 'input': 'filter'}

  File "C:\Users\Mr-Computer\Desktop\APP\backend\sales_module\sales.py", line 118, in get_sales
    GET /sales/{id}
2026-03-22 14:03:41.861 | ERROR    | database:GET_DB:41 - API REQUEST DATA VALIDATION IS VIOLATED => 1 validation error:
  {'type': 'int_parsing', 'loc': ('path', 'id'), 'msg': 'Input should be a valid integer, unable to parse string as an integer', 'input': 'filter'}

  File "C:\Users\Mr-Computer\Desktop\APP\backend\sales_module\sales.py", line 118, in get_sales
    GET /sales/{id}
2026-03-22 14:03:50.844 | ERROR    | database:GET_DB:41 - API REQUEST DATA VALIDATION IS VIOLATED => 1 validation error:
  {'type': 'int_parsing', 'loc': ('path', 'id'), 'msg': 'Input should be a valid integer, unable to parse string as an integer', 'input': 'filter'}

  File "C:\Users\Mr-Computer\Desktop\APP\backend\sales_module\sales.py", line 118, in get_sales
    GET /sales/{id}
2026-03-22 14:39:34.361 | ERROR    | database:GET_DB:41 - API REQUEST DATA VALIDATION IS VIOLATED => 1 validation error:
  {'type': 'int_parsing', 'loc': ('path', 'id'), 'msg': 'Input should be a valid integer, unable to parse string as an integer', 'input': 'filter'}

  File "C:\Users\Mr-Computer\Desktop\APP\backend\sales_module\sales.py", line 118, in get_sales
    GET /sales/{id}
2026-03-22 14:39:42.742 | ERROR    | database:GET_DB:41 - API REQUEST DATA VALIDATION IS VIOLATED => 1 validation error:
  {'type': 'int_parsing', 'loc': ('path', 'id'), 'msg': 'Input should be a valid integer, unable to parse string as an integer', 'input': 'filter'}

  File "C:\Users\Mr-Computer\Desktop\APP\backend\sales_module\sales.py", line 118, in get_sales
    GET /sales/{id}
2026-03-22 22:55:19.374 | ERROR    | database:GET_DB:41 - API REQUEST DATA VALIDATION IS VIOLATED => 1 validation error:
  {'type': 'int_parsing', 'loc': ('path', 'id'), 'msg': 'Input should be a valid integer, unable to parse string as an integer', 'input': 'filter'}

  File "C:\Users\Mr-Computer\Desktop\APP\backend\sales_module\sales.py", line 118, in get_sales
    GET /sales/{id}
2026-03-22 22:55:23.172 | ERROR    | database:GET_DB:41 - API REQUEST DATA VALIDATION IS VIOLATED => 1 validation error:
  {'type': 'int_parsing', 'loc': ('path', 'id'), 'msg': 'Input should be a valid integer, unable to parse string as an integer', 'input': 'filter'}

  File "C:\Users\Mr-Computer\Desktop\APP\backend\sales_module\sales.py", line 118, in get_sales
    GET /sales/{id}
2026-03-22 22:55:25.516 | ERROR    | database:GET_DB:41 - API REQUEST DATA VALIDATION IS VIOLATED => 1 validation error:
  {'type': 'int_parsing', 'loc': ('path', 'id'), 'msg': 'Input should be a valid integer, unable to parse string as an integer', 'input': 'filter'}

  File "C:\Users\Mr-Computer\Desktop\APP\backend\sales_module\sales.py", line 118, in get_sales
    GET /sales/{id}
2026-03-22 22:55:27.655 | ERROR    | database:GET_DB:41 - API REQUEST DATA VALIDATION IS VIOLATED => 1 validation error:
  {'type': 'int_parsing', 'loc': ('path', 'id'), 'msg': 'Input should be a valid integer, unable to parse string as an integer', 'input': 'filter'}

  File "C:\Users\Mr-Computer\Desktop\APP\backend\sales_module\sales.py", line 118, in get_sales
    GET /sales/{id}
2026-03-23 00:03:39.212 | ERROR    | database:GET_DB:41 - API REQUEST DATA VALIDATION IS VIOLATED => 1 validation error:
  {'type': 'int_parsing', 'loc': ('path', 'id'), 'msg': 'Input should be a valid integer, unable to parse string as an integer', 'input': 'filter'}

  File "C:\Users\Mr-Computer\Desktop\APP\backend\sales_module\sales.py", line 118, in get_sales
    GET /sales/{id}
2026-03-23 00:03:40.409 | ERROR    | database:GET_DB:41 - API REQUEST DATA VALIDATION IS VIOLATED => 1 validation error:
  {'type': 'int_parsing', 'loc': ('path', 'id'), 'msg': 'Input should be a valid integer, unable to parse string as an integer', 'input': 'filter'}

  File "C:\Users\Mr-Computer\Desktop\APP\backend\sales_module\sales.py", line 118, in get_sales
    GET /sales/{id}
2026-03-23 00:03:47.240 | ERROR    | database:GET_DB:41 - API REQUEST DATA VALIDATION IS VIOLATED => 1 validation error:
  {'type': 'int_parsing', 'loc': ('path', 'id'), 'msg': 'Input should be a valid integer, unable to parse string as an integer', 'input': 'filter'}

  File "C:\Users\Mr-Computer\Desktop\APP\backend\sales_module\sales.py", line 118, in get_sales
    GET /sales/{id}
2026-03-23 00:03:48.325 | ERROR    | database:GET_DB:41 - API REQUEST DATA VALIDATION IS VIOLATED => 1 validation error:
  {'type': 'int_parsing', 'loc': ('path', 'id'), 'msg': 'Input should be a valid integer, unable to parse string as an integer', 'input': 'filter'}

  File "C:\Users\Mr-Computer\Desktop\APP\backend\sales_module\sales.py", line 118, in get_sales
    GET /sales/{id}
2026-03-23 00:03:49.101 | ERROR    | database:GET_DB:41 - API REQUEST DATA VALIDATION IS VIOLATED => 1 validation error:
  {'type': 'int_parsing', 'loc': ('path', 'id'), 'msg': 'Input should be a valid integer, unable to parse string as an integer', 'input': 'filter'}

  File "C:\Users\Mr-Computer\Desktop\APP\backend\sales_module\sales.py", line 118, in get_sales
    GET /sales/{id}
2026-03-23 00:03:50.389 | ERROR    | database:GET_DB:41 - API REQUEST DATA VALIDATION IS VIOLATED => 1 validation error:
  {'type': 'int_parsing', 'loc': ('path', 'id'), 'msg': 'Input should be a valid integer, unable to parse string as an integer', 'input': 'filter'}

  File "C:\Users\Mr-Computer\Desktop\APP\backend\sales_module\sales.py", line 118, in get_sales
    GET /sales/{id}
2026-03-23 00:04:24.988 | ERROR    | database:GET_DB:41 - API REQUEST DATA VALIDATION IS VIOLATED => 1 validation error:
  {'type': 'int_parsing', 'loc': ('path', 'id'), 'msg': 'Input should be a valid integer, unable to parse string as an integer', 'input': 'filter'}

  File "C:\Users\Mr-Computer\Desktop\APP\backend\sales_module\sales.py", line 118, in get_sales
    GET /sales/{id}
2026-03-23 00:04:31.683 | ERROR    | database:GET_DB:41 - API REQUEST DATA VALIDATION IS VIOLATED => 1 validation error:
  {'type': 'int_parsing', 'loc': ('path', 'id'), 'msg': 'Input should be a valid integer, unable to parse string as an integer', 'input': 'filter'}

  File "C:\Users\Mr-Computer\Desktop\APP\backend\sales_module\sales.py", line 118, in get_sales
    GET /sales/{id}
2026-03-23 00:04:33.265 | ERROR    | database:GET_DB:41 - API REQUEST DATA VALIDATION IS VIOLATED => 1 validation error:
  {'type': 'int_parsing', 'loc': ('path', 'id'), 'msg': 'Input should be a valid integer, unable to parse string as an integer', 'input': 'filter'}

  File "C:\Users\Mr-Computer\Desktop\APP\backend\sales_module\sales.py", line 118, in get_sales
    GET /sales/{id}
2026-03-23 00:05:01.292 | ERROR    | database:GET_DB:41 - API REQUEST DATA VALIDATION IS VIOLATED => 1 validation error:
  {'type': 'int_parsing', 'loc': ('path', 'id'), 'msg': 'Input should be a valid integer, unable to parse string as an integer', 'input': 'filter'}

  File "C:\Users\Mr-Computer\Desktop\APP\backend\sales_module\sales.py", line 118, in get_sales
    GET /sales/{id}
2026-03-23 00:06:23.360 | ERROR    | database:GET_DB:41 - API REQUEST DATA VALIDATION IS VIOLATED => 1 validation error:
  {'type': 'int_parsing', 'loc': ('path', 'id'), 'msg': 'Input should be a valid integer, unable to parse string as an integer', 'input': 'filter'}

  File "C:\Users\Mr-Computer\Desktop\APP\backend\sales_module\sales.py", line 118, in get_sales
    GET /sales/{id}
2026-03-23 00:06:24.836 | ERROR    | database:GET_DB:41 - API REQUEST DATA VALIDATION IS VIOLATED => 1 validation error:
  {'type': 'int_parsing', 'loc': ('path', 'id'), 'msg': 'Input should be a valid integer, unable to parse string as an integer', 'input': 'filter'}

  File "C:\Users\Mr-Computer\Desktop\APP\backend\sales_module\sales.py", line 118, in get_sales
    GET /sales/{id}
2026-03-23 00:06:55.761 | ERROR    | database:GET_DB:52 - LOGIC ERROR OR BACKEND ERROR => function schema_sales.sales_filter_by_status() does not exist
LINE 1: select * from schema_sales.sales_filter_by_status()
                      ^
HINT:  No function matches the given name and argument types. You might need to add explicit type casts.

2026-03-23 00:07:02.113 | ERROR    | database:GET_DB:52 - LOGIC ERROR OR BACKEND ERROR => function schema_sales.sales_filter_by_status() does not exist
LINE 1: select * from schema_sales.sales_filter_by_status()
                      ^
HINT:  No function matches the given name and argument types. You might need to add explicit type casts.

2026-03-23 00:07:05.186 | ERROR    | database:GET_DB:52 - LOGIC ERROR OR BACKEND ERROR => can't execute an empty query
2026-03-23 00:09:29.265 | ERROR    | database:GET_DB:52 - LOGIC ERROR OR BACKEND ERROR => operator does not exist: sales_status ~~ unknown
LINE 12: s.sales_status like 'paid',
                        ^
HINT:  No operator matches the given name and argument types. You might need to add explicit type casts.
QUERY:  select s.sales_id,
coalesce(s.consumer_name,c.name),
s.cust_id,
s.sales_type,
s.litres,
s.bottles,
s.price,
s.sales_status
from schema_sales.sales s 
left join schema_customers.customers c 
on s.cust_id = c.cust_id order by 
s.sales_status like 'paid',
s.sales_status like 'pending'
CONTEXT:  PL/pgSQL function schema_sales.sales_filter_by_status() line 4 at RETURN QUERY

2026-03-23 00:09:33.913 | ERROR    | database:GET_DB:52 - LOGIC ERROR OR BACKEND ERROR => can't execute an empty query
2026-03-23 00:09:43.729 | ERROR    | database:GET_DB:52 - LOGIC ERROR OR BACKEND ERROR => can't execute an empty query
2026-03-23 00:10:42.331 | ERROR    | database:GET_DB:52 - LOGIC ERROR OR BACKEND ERROR => operator does not exist: sales_status ~~ unknown
LINE 12: s.sales_status like 'paid',
                        ^
HINT:  No operator matches the given name and argument types. You might need to add explicit type casts.
QUERY:  select s.sales_id,
coalesce(s.consumer_name,c.name),
s.cust_id,
s.sales_type,
s.litres,
s.bottles,
s.price,
s.sales_status
from schema_sales.sales s 
left join schema_customers.customers c 
on s.cust_id = c.cust_id order by 
s.sales_status like 'paid',
s.sales_status like 'pending'
CONTEXT:  PL/pgSQL function schema_sales.sales_filter_by_status() line 4 at RETURN QUERY

2026-03-23 00:10:49.322 | ERROR    | database:GET_DB:52 - LOGIC ERROR OR BACKEND ERROR => can't execute an empty query
2026-03-23 00:11:41.191 | ERROR    | database:GET_DB:52 - LOGIC ERROR OR BACKEND ERROR => can't execute an empty query
2026-03-23 00:11:44.637 | ERROR    | database:GET_DB:52 - LOGIC ERROR OR BACKEND ERROR => operator does not exist: sales_status ~~ unknown
LINE 12: s.sales_status like 'paid',
                        ^
HINT:  No operator matches the given name and argument types. You might need to add explicit type casts.
QUERY:  select s.sales_id,
coalesce(s.consumer_name,c.name),
s.cust_id,
s.sales_type,
s.litres,
s.bottles,
s.price,
s.sales_status
from schema_sales.sales s 
left join schema_customers.customers c 
on s.cust_id = c.cust_id order by 
s.sales_status like 'paid',
s.sales_status like 'pending'
CONTEXT:  PL/pgSQL function schema_sales.sales_filter_by_status() line 4 at RETURN QUERY

2026-03-23 00:11:49.049 | ERROR    | database:GET_DB:52 - LOGIC ERROR OR BACKEND ERROR => operator does not exist: sales_status ~~ unknown
LINE 12: s.sales_status like 'paid',
                        ^
HINT:  No operator matches the given name and argument types. You might need to add explicit type casts.
QUERY:  select s.sales_id,
coalesce(s.consumer_name,c.name),
s.cust_id,
s.sales_type,
s.litres,
s.bottles,
s.price,
s.sales_status
from schema_sales.sales s 
left join schema_customers.customers c 
on s.cust_id = c.cust_id order by 
s.sales_status like 'paid',
s.sales_status like 'pending'
CONTEXT:  PL/pgSQL function schema_sales.sales_filter_by_status() line 4 at RETURN QUERY

2026-03-23 06:42:38.413 | ERROR    | database:GET_DB:52 - LOGIC ERROR OR BACKEND ERROR => function schema_sales.sales_filter_by_status() does not exist
LINE 1: select * from schema_sales.sales_filter_by_status()
                      ^
HINT:  No function matches the given name and argument types. You might need to add explicit type casts.

2026-03-23 06:45:54.203 | ERROR    | database:GET_DB:52 - LOGIC ERROR OR BACKEND ERROR => can't adapt type 'DateRange'
2026-03-23 06:45:54.302 | ERROR    | database:GET_DB:52 - LOGIC ERROR OR BACKEND ERROR => can't adapt type 'DateRange'
2026-03-23 06:45:54.392 | ERROR    | database:GET_DB:52 - LOGIC ERROR OR BACKEND ERROR => can't adapt type 'DateRange'
2026-03-23 06:46:07.199 | ERROR    | database:GET_DB:52 - LOGIC ERROR OR BACKEND ERROR => can't adapt type 'DateRange'
2026-03-23 06:46:08.383 | ERROR    | database:GET_DB:52 - LOGIC ERROR OR BACKEND ERROR => can't adapt type 'DateRange'
2026-03-23 06:46:54.666 | ERROR    | database:GET_DB:52 - LOGIC ERROR OR BACKEND ERROR => can't adapt type 'DateRange'
2026-03-23 06:46:55.907 | ERROR    | database:GET_DB:52 - LOGIC ERROR OR BACKEND ERROR => can't adapt type 'DateRange'
2026-03-23 06:47:16.338 | ERROR    | database:GET_DB:52 - LOGIC ERROR OR BACKEND ERROR => function schema_sales.sales_filter_by_id_asc(unknown) does not exist
LINE 1: select * from schema_sales.sales_filter_by_id_asc('{"start":...
                      ^
HINT:  No function matches the given name and argument types. You might need to add explicit type casts.

2026-03-23 06:47:34.528 | ERROR    | database:GET_DB:52 - LOGIC ERROR OR BACKEND ERROR => function schema_sales.sales_filter_by_id_asc(unknown) does not exist
LINE 1: select * from schema_sales.sales_filter_by_id_asc('{"start":...
                      ^
HINT:  No function matches the given name and argument types. You might need to add explicit type casts.

2026-03-23 06:53:51.278 | ERROR    | database:GET_DB:52 - LOGIC ERROR OR BACKEND ERROR => function schema_sales.sales_filter_by_price_desc(unknown) does not exist
LINE 1: select * from schema_sales.sales_filter_by_price_desc('{"sta...
                      ^
HINT:  No function matches the given name and argument types. You might need to add explicit type casts.

2026-03-25 12:11:51.163 | CRITICAL | database:GET_DB:30 - DATABASE SERVER IS DEAD AND CONNECTION LOST DURING TRANSCATION... connection to server at "aws-1-ap-southeast-1.pooler.supabase.com" (13.213.241.248), port 5432 failed: FATAL:  password authentication failed for user "postgres"
connection to server at "aws-1-ap-southeast-1.pooler.supabase.com" (13.213.241.248), port 5432 failed: FATAL:  password authentication failed for user "postgres"

2026-03-25 12:11:51.165 | CRITICAL | database:GET_DB:30 - DATABASE SERVER IS DEAD AND CONNECTION LOST DURING TRANSCATION... connection to server at "aws-1-ap-southeast-1.pooler.supabase.com" (13.213.241.248), port 5432 failed: FATAL:  password authentication failed for user "postgres"
connection to server at "aws-1-ap-southeast-1.pooler.supabase.com" (13.213.241.248), port 5432 failed: FATAL:  password authentication failed for user "postgres"

2026-03-25 12:11:51.165 | CRITICAL | database:GET_DB:30 - DATABASE SERVER IS DEAD AND CONNECTION LOST DURING TRANSCATION... connection to server at "aws-1-ap-southeast-1.pooler.supabase.com" (13.213.241.248), port 5432 failed: FATAL:  password authentication failed for user "postgres"
connection to server at "aws-1-ap-southeast-1.pooler.supabase.com" (13.213.241.248), port 5432 failed: FATAL:  password authentication failed for user "postgres"

2026-03-25 12:11:51.165 | CRITICAL | database:GET_DB:30 - DATABASE SERVER IS DEAD AND CONNECTION LOST DURING TRANSCATION... connection to server at "aws-1-ap-southeast-1.pooler.supabase.com" (13.213.241.248), port 5432 failed: FATAL:  password authentication failed for user "postgres"
connection to server at "aws-1-ap-southeast-1.pooler.supabase.com" (13.213.241.248), port 5432 failed: FATAL:  password authentication failed for user "postgres"

2026-03-25 12:14:27.541 | ERROR    | database:GET_DB:52 - LOGIC ERROR OR BACKEND ERROR => structure of query does not match function result type
DETAIL:  Number of returned columns (7) does not match expected column count (6).
CONTEXT:  SQL statement "SELECT TOTAL_CUST, TOTAL_ACTIVE, TOTAL_INACTIVE , customer_name , amt , deliveries,CUSTOMER_ID"
PL/pgSQL function schema_customers.display_customer_stats() line 20 at RETURN QUERY

2026-03-25 12:15:16.448 | CRITICAL | database:GET_DB:30 - DATABASE SERVER IS DEAD AND CONNECTION LOST DURING TRANSCATION... connection to server at "aws-1-ap-southeast-1.pooler.supabase.com" (13.213.241.248), port 5432 failed: FATAL:  password authentication failed for user "postgres"
connection to server at "aws-1-ap-southeast-1.pooler.supabase.com" (13.213.241.248), port 5432 failed: FATAL:  password authentication failed for user "postgres"

2026-03-25 12:17:33.128 | ERROR    | database:GET_DB:52 - LOGIC ERROR OR BACKEND ERROR => structure of query does not match function result type
DETAIL:  Number of returned columns (7) does not match expected column count (6).
CONTEXT:  SQL statement "SELECT TOTAL_CUST, TOTAL_ACTIVE, TOTAL_INACTIVE , customer_name , amt , deliveries,CUSTOMER_ID"
PL/pgSQL function schema_customers.display_customer_stats() line 20 at RETURN QUERY

2026-03-25 12:17:49.136 | ERROR    | database:GET_DB:52 - LOGIC ERROR OR BACKEND ERROR => structure of query does not match function result type
DETAIL:  Number of returned columns (7) does not match expected column count (6).
CONTEXT:  SQL statement "SELECT TOTAL_CUST, TOTAL_ACTIVE, TOTAL_INACTIVE , customer_name , amt , deliveries,CUSTOMER_ID"
PL/pgSQL function schema_customers.display_customer_stats() line 20 at RETURN QUERY

2026-03-25 12:18:00.753 | ERROR    | database:GET_DB:52 - LOGIC ERROR OR BACKEND ERROR => structure of query does not match function result type
DETAIL:  Number of returned columns (7) does not match expected column count (6).
CONTEXT:  SQL statement "SELECT TOTAL_CUST, TOTAL_ACTIVE, TOTAL_INACTIVE , customer_name , amt , deliveries,CUSTOMER_ID"
PL/pgSQL function schema_customers.display_customer_stats() line 20 at RETURN QUERY

2026-03-25 12:18:16.569 | ERROR    | database:GET_DB:52 - LOGIC ERROR OR BACKEND ERROR => structure of query does not match function result type
DETAIL:  Number of returned columns (7) does not match expected column count (6).
CONTEXT:  SQL statement "SELECT TOTAL_CUST, TOTAL_ACTIVE, TOTAL_INACTIVE , customer_name , amt , deliveries,CUSTOMER_ID"
PL/pgSQL function schema_customers.display_customer_stats() line 20 at RETURN QUERY

2026-03-25 12:18:32.807 | CRITICAL | database:GET_DB:30 - DATABASE SERVER IS DEAD AND CONNECTION LOST DURING TRANSCATION... connection to server at "aws-1-ap-southeast-1.pooler.supabase.com" (13.213.241.248), port 5432 failed: FATAL:  Circuit breaker open: Too many authentication errors
connection to server at "aws-1-ap-southeast-1.pooler.supabase.com" (13.213.241.248), port 5432 failed: FATAL:  Circuit breaker open: Too many authentication errors

2026-03-25 12:18:42.847 | CRITICAL | database:GET_DB:30 - DATABASE SERVER IS DEAD AND CONNECTION LOST DURING TRANSCATION... connection to server at "aws-1-ap-southeast-1.pooler.supabase.com" (13.213.241.248), port 5432 failed: FATAL:  Circuit breaker open: Too many authentication errors
connection to server at "aws-1-ap-southeast-1.pooler.supabase.com" (13.213.241.248), port 5432 failed: FATAL:  Circuit breaker open: Too many authentication errors

2026-03-25 12:18:54.977 | CRITICAL | database:GET_DB:30 - DATABASE SERVER IS DEAD AND CONNECTION LOST DURING TRANSCATION... connection to server at "aws-1-ap-southeast-1.pooler.supabase.com" (13.213.241.248), port 5432 failed: FATAL:  Circuit breaker open: Too many authentication errors
connection to server at "aws-1-ap-southeast-1.pooler.supabase.com" (13.213.241.248), port 5432 failed: FATAL:  Circuit breaker open: Too many authentication errors

2026-03-25 12:18:56.409 | CRITICAL | database:GET_DB:30 - DATABASE SERVER IS DEAD AND CONNECTION LOST DURING TRANSCATION... connection to server at "aws-1-ap-southeast-1.pooler.supabase.com" (13.213.241.248), port 5432 failed: FATAL:  Circuit breaker open: Too many authentication errors
connection to server at "aws-1-ap-southeast-1.pooler.supabase.com" (13.213.241.248), port 5432 failed: FATAL:  Circuit breaker open: Too many authentication errors

2026-03-25 12:19:10.596 | CRITICAL | database:GET_DB:30 - DATABASE SERVER IS DEAD AND CONNECTION LOST DURING TRANSCATION... connection to server at "aws-1-ap-southeast-1.pooler.supabase.com" (13.213.241.248), port 5432 failed: FATAL:  Circuit breaker open: Too many authentication errors
connection to server at "aws-1-ap-southeast-1.pooler.supabase.com" (13.213.241.248), port 5432 failed: FATAL:  Circuit breaker open: Too many authentication errors

2026-03-25 12:19:10.598 | CRITICAL | database:GET_DB:30 - DATABASE SERVER IS DEAD AND CONNECTION LOST DURING TRANSCATION... connection to server at "aws-1-ap-southeast-1.pooler.supabase.com" (13.213.241.248), port 5432 failed: FATAL:  Circuit breaker open: Too many authentication errors
connection to server at "aws-1-ap-southeast-1.pooler.supabase.com" (13.213.241.248), port 5432 failed: FATAL:  Circuit breaker open: Too many authentication errors

2026-03-25 12:19:10.599 | CRITICAL | database:GET_DB:30 - DATABASE SERVER IS DEAD AND CONNECTION LOST DURING TRANSCATION... connection to server at "aws-1-ap-southeast-1.pooler.supabase.com" (13.213.241.248), port 5432 failed: FATAL:  Circuit breaker open: Too many authentication errors
connection to server at "aws-1-ap-southeast-1.pooler.supabase.com" (13.213.241.248), port 5432 failed: FATAL:  Circuit breaker open: Too many authentication errors

2026-03-25 12:19:10.601 | CRITICAL | database:GET_DB:30 - DATABASE SERVER IS DEAD AND CONNECTION LOST DURING TRANSCATION... connection to server at "aws-1-ap-southeast-1.pooler.supabase.com" (13.213.241.248), port 5432 failed: FATAL:  Circuit breaker open: Too many authentication errors
connection to server at "aws-1-ap-southeast-1.pooler.supabase.com" (13.213.241.248), port 5432 failed: FATAL:  Circuit breaker open: Too many authentication errors

2026-03-25 12:21:08.602 | CRITICAL | database:GET_DB:33 - DATABASE SERVER IS DEAD AND CONNECTION LOST DURING TRANSCATION... connection to server at "aws-1-ap-southeast-1.pooler.supabase.com" (13.213.241.248), port 6543 failed: FATAL:  Circuit breaker open: Too many authentication errors
connection to server at "aws-1-ap-southeast-1.pooler.supabase.com" (13.213.241.248), port 6543 failed: FATAL:  Circuit breaker open: Too many authentication errors

2026-03-25 12:21:08.607 | CRITICAL | database:GET_DB:33 - DATABASE SERVER IS DEAD AND CONNECTION LOST DURING TRANSCATION... connection to server at "aws-1-ap-southeast-1.pooler.supabase.com" (13.213.241.248), port 6543 failed: FATAL:  Circuit breaker open: Too many authentication errors
connection to server at "aws-1-ap-southeast-1.pooler.supabase.com" (13.213.241.248), port 6543 failed: FATAL:  Circuit breaker open: Too many authentication errors

2026-03-25 12:21:08.623 | CRITICAL | database:GET_DB:33 - DATABASE SERVER IS DEAD AND CONNECTION LOST DURING TRANSCATION... connection to server at "aws-1-ap-southeast-1.pooler.supabase.com" (13.213.241.248), port 6543 failed: FATAL:  Circuit breaker open: Too many authentication errors
connection to server at "aws-1-ap-southeast-1.pooler.supabase.com" (13.213.241.248), port 6543 failed: FATAL:  Circuit breaker open: Too many authentication errors

2026-03-25 12:21:08.626 | CRITICAL | database:GET_DB:33 - DATABASE SERVER IS DEAD AND CONNECTION LOST DURING TRANSCATION... connection to server at "aws-1-ap-southeast-1.pooler.supabase.com" (13.213.241.248), port 6543 failed: FATAL:  Circuit breaker open: Too many authentication errors
connection to server at "aws-1-ap-southeast-1.pooler.supabase.com" (13.213.241.248), port 6543 failed: FATAL:  Circuit breaker open: Too many authentication errors

2026-03-25 12:21:43.784 | CRITICAL | database:GET_DB:33 - DATABASE SERVER IS DEAD AND CONNECTION LOST DURING TRANSCATION... connection to server at "aws-1-ap-southeast-1.pooler.supabase.com" (13.213.241.248), port 6543 failed: FATAL:  Circuit breaker open: Too many authentication errors
connection to server at "aws-1-ap-southeast-1.pooler.supabase.com" (13.213.241.248), port 6543 failed: FATAL:  Circuit breaker open: Too many authentication errors

2026-03-25 12:21:43.784 | CRITICAL | database:GET_DB:33 - DATABASE SERVER IS DEAD AND CONNECTION LOST DURING TRANSCATION... connection to server at "aws-1-ap-southeast-1.pooler.supabase.com" (13.213.241.248), port 6543 failed: FATAL:  Circuit breaker open: Too many authentication errors
connection to server at "aws-1-ap-southeast-1.pooler.supabase.com" (13.213.241.248), port 6543 failed: FATAL:  Circuit breaker open: Too many authentication errors

2026-03-25 12:21:43.787 | CRITICAL | database:GET_DB:33 - DATABASE SERVER IS DEAD AND CONNECTION LOST DURING TRANSCATION... connection to server at "aws-1-ap-southeast-1.pooler.supabase.com" (13.213.241.248), port 6543 failed: FATAL:  Circuit breaker open: Too many authentication errors
connection to server at "aws-1-ap-southeast-1.pooler.supabase.com" (13.213.241.248), port 6543 failed: FATAL:  Circuit breaker open: Too many authentication errors

2026-03-25 12:21:43.787 | CRITICAL | database:GET_DB:33 - DATABASE SERVER IS DEAD AND CONNECTION LOST DURING TRANSCATION... connection to server at "aws-1-ap-southeast-1.pooler.supabase.com" (13.213.241.248), port 6543 failed: FATAL:  Circuit breaker open: Too many authentication errors
connection to server at "aws-1-ap-southeast-1.pooler.supabase.com" (13.213.241.248), port 6543 failed: FATAL:  Circuit breaker open: Too many authentication errors

2026-03-25 12:22:33.907 | CRITICAL | database:GET_DB:33 - DATABASE SERVER IS DEAD AND CONNECTION LOST DURING TRANSCATION... connection to server at "aws-1-ap-southeast-1.pooler.supabase.com" (3.1.167.181), port 6543 failed: FATAL:  Authentication error, reason: "Authentication query failed: Connection to database not available", context: Handshake
connection to server at "aws-1-ap-southeast-1.pooler.supabase.com" (3.1.167.181), port 6543 failed: FATAL:  Authentication error, reason: "Authentication query failed: Connection to database not available", context: Handshake

2026-03-25 12:22:33.908 | CRITICAL | database:GET_DB:33 - DATABASE SERVER IS DEAD AND CONNECTION LOST DURING TRANSCATION... connection to server at "aws-1-ap-southeast-1.pooler.supabase.com" (3.1.167.181), port 6543 failed: FATAL:  Authentication error, reason: "Authentication query failed: Connection to database not available", context: Handshake
connection to server at "aws-1-ap-southeast-1.pooler.supabase.com" (3.1.167.181), port 6543 failed: FATAL:  Authentication error, reason: "Authentication query failed: Connection to database not available", context: Handshake

2026-03-25 12:22:33.908 | CRITICAL | database:GET_DB:33 - DATABASE SERVER IS DEAD AND CONNECTION LOST DURING TRANSCATION... connection to server at "aws-1-ap-southeast-1.pooler.supabase.com" (3.1.167.181), port 6543 failed: FATAL:  Authentication error, reason: "Authentication query failed: Connection to database not available", context: Handshake
connection to server at "aws-1-ap-southeast-1.pooler.supabase.com" (3.1.167.181), port 6543 failed: FATAL:  Authentication error, reason: "Authentication query failed: Connection to database not available", context: Handshake

2026-03-25 12:22:33.908 | CRITICAL | database:GET_DB:33 - DATABASE SERVER IS DEAD AND CONNECTION LOST DURING TRANSCATION... connection to server at "aws-1-ap-southeast-1.pooler.supabase.com" (3.1.167.181), port 6543 failed: FATAL:  Authentication error, reason: "Authentication query failed: Connection to database not available", context: Handshake
connection to server at "aws-1-ap-southeast-1.pooler.supabase.com" (3.1.167.181), port 6543 failed: FATAL:  Authentication error, reason: "Authentication query failed: Connection to database not available", context: Handshake

2026-03-25 12:22:34.069 | CRITICAL | database:GET_DB:33 - DATABASE SERVER IS DEAD AND CONNECTION LOST DURING TRANSCATION... connection to server at "aws-1-ap-southeast-1.pooler.supabase.com" (3.1.167.181), port 6543 failed: FATAL:  Authentication error, reason: "Authentication query failed: Connection to database not available", context: Handshake
connection to server at "aws-1-ap-southeast-1.pooler.supabase.com" (3.1.167.181), port 6543 failed: FATAL:  Circuit breaker open: Failed to retrieve database credentials

2026-03-25 12:22:55.492 | CRITICAL | database:GET_DB:33 - DATABASE SERVER IS DEAD AND CONNECTION LOST DURING TRANSCATION... connection to server at "aws-1-ap-southeast-1.pooler.supabase.com" (13.213.241.248), port 5432 failed: FATAL:  Circuit breaker open: Too many authentication errors
connection to server at "aws-1-ap-southeast-1.pooler.supabase.com" (13.213.241.248), port 5432 failed: FATAL:  Circuit breaker open: Too many authentication errors

2026-03-25 12:22:55.518 | CRITICAL | database:GET_DB:33 - DATABASE SERVER IS DEAD AND CONNECTION LOST DURING TRANSCATION... connection to server at "aws-1-ap-southeast-1.pooler.supabase.com" (13.213.241.248), port 5432 failed: FATAL:  Circuit breaker open: Too many authentication errors
connection to server at "aws-1-ap-southeast-1.pooler.supabase.com" (13.213.241.248), port 5432 failed: FATAL:  Circuit breaker open: Too many authentication errors

2026-03-25 12:22:55.526 | CRITICAL | database:GET_DB:33 - DATABASE SERVER IS DEAD AND CONNECTION LOST DURING TRANSCATION... connection to server at "aws-1-ap-southeast-1.pooler.supabase.com" (13.213.241.248), port 5432 failed: FATAL:  Circuit breaker open: Too many authentication errors
connection to server at "aws-1-ap-southeast-1.pooler.supabase.com" (13.213.241.248), port 5432 failed: FATAL:  Circuit breaker open: Too many authentication errors

2026-03-25 12:22:55.540 | CRITICAL | database:GET_DB:33 - DATABASE SERVER IS DEAD AND CONNECTION LOST DURING TRANSCATION... connection to server at "aws-1-ap-southeast-1.pooler.supabase.com" (13.213.241.248), port 5432 failed: FATAL:  Circuit breaker open: Too many authentication errors
connection to server at "aws-1-ap-southeast-1.pooler.supabase.com" (13.213.241.248), port 5432 failed: FATAL:  Circuit breaker open: Too many authentication errors

2026-03-25 12:23:10.770 | CRITICAL | database:GET_DB:33 - DATABASE SERVER IS DEAD AND CONNECTION LOST DURING TRANSCATION... connection to server at "aws-1-ap-southeast-1.pooler.supabase.com" (13.213.241.248), port 5432 failed: FATAL:  Circuit breaker open: Too many authentication errors
connection to server at "aws-1-ap-southeast-1.pooler.supabase.com" (13.213.241.248), port 5432 failed: FATAL:  Circuit breaker open: Too many authentication errors

2026-03-25 12:23:10.776 | CRITICAL | database:GET_DB:33 - DATABASE SERVER IS DEAD AND CONNECTION LOST DURING TRANSCATION... connection to server at "aws-1-ap-southeast-1.pooler.supabase.com" (13.213.241.248), port 5432 failed: FATAL:  Circuit breaker open: Too many authentication errors
connection to server at "aws-1-ap-southeast-1.pooler.supabase.com" (13.213.241.248), port 5432 failed: FATAL:  Circuit breaker open: Too many authentication errors

2026-03-25 12:23:10.804 | CRITICAL | database:GET_DB:33 - DATABASE SERVER IS DEAD AND CONNECTION LOST DURING TRANSCATION... connection to server at "aws-1-ap-southeast-1.pooler.supabase.com" (13.213.241.248), port 5432 failed: FATAL:  Circuit breaker open: Too many authentication errors
connection to server at "aws-1-ap-southeast-1.pooler.supabase.com" (13.213.241.248), port 5432 failed: FATAL:  Circuit breaker open: Too many authentication errors

2026-03-25 12:23:10.822 | CRITICAL | database:GET_DB:33 - DATABASE SERVER IS DEAD AND CONNECTION LOST DURING TRANSCATION... connection to server at "aws-1-ap-southeast-1.pooler.supabase.com" (13.213.241.248), port 5432 failed: FATAL:  Circuit breaker open: Too many authentication errors
connection to server at "aws-1-ap-southeast-1.pooler.supabase.com" (13.213.241.248), port 5432 failed: FATAL:  Circuit breaker open: Too many authentication errors

2026-03-25 12:25:30.695 | CRITICAL | database:GET_DB:33 - DATABASE SERVER IS DEAD AND CONNECTION LOST DURING TRANSCATION... connection to server at "aws-1-ap-southeast-1.pooler.supabase.com" (3.1.167.181), port 6543 failed: FATAL:  Circuit breaker open: Failed to retrieve database credentials
connection to server at "aws-1-ap-southeast-1.pooler.supabase.com" (3.1.167.181), port 6543 failed: FATAL:  Circuit breaker open: Failed to retrieve database credentials

2026-03-25 12:25:30.727 | CRITICAL | database:GET_DB:33 - DATABASE SERVER IS DEAD AND CONNECTION LOST DURING TRANSCATION... connection to server at "aws-1-ap-southeast-1.pooler.supabase.com" (3.1.167.181), port 6543 failed: FATAL:  Circuit breaker open: Failed to retrieve database credentials
connection to server at "aws-1-ap-southeast-1.pooler.supabase.com" (3.1.167.181), port 6543 failed: FATAL:  Circuit breaker open: Failed to retrieve database credentials

2026-03-25 12:25:30.734 | CRITICAL | database:GET_DB:33 - DATABASE SERVER IS DEAD AND CONNECTION LOST DURING TRANSCATION... connection to server at "aws-1-ap-southeast-1.pooler.supabase.com" (3.1.167.181), port 6543 failed: FATAL:  Circuit breaker open: Failed to retrieve database credentials
connection to server at "aws-1-ap-southeast-1.pooler.supabase.com" (3.1.167.181), port 6543 failed: FATAL:  Circuit breaker open: Failed to retrieve database credentials

2026-03-25 12:25:30.734 | CRITICAL | database:GET_DB:33 - DATABASE SERVER IS DEAD AND CONNECTION LOST DURING TRANSCATION... connection to server at "aws-1-ap-southeast-1.pooler.supabase.com" (3.1.167.181), port 6543 failed: FATAL:  Circuit breaker open: Failed to retrieve database credentials
connection to server at "aws-1-ap-southeast-1.pooler.supabase.com" (3.1.167.181), port 6543 failed: FATAL:  Circuit breaker open: Failed to retrieve database credentials

2026-03-25 12:25:53.105 | CRITICAL | database:GET_DB:33 - DATABASE SERVER IS DEAD AND CONNECTION LOST DURING TRANSCATION... connection to server at "aws-1-ap-southeast-1.pooler.supabase.com" (3.1.167.181), port 6543 failed: FATAL:  Circuit breaker open: Failed to retrieve database credentials
connection to server at "aws-1-ap-southeast-1.pooler.supabase.com" (3.1.167.181), port 6543 failed: FATAL:  Circuit breaker open: Failed to retrieve database credentials

2026-03-25 12:25:53.106 | CRITICAL | database:GET_DB:33 - DATABASE SERVER IS DEAD AND CONNECTION LOST DURING TRANSCATION... connection to server at "aws-1-ap-southeast-1.pooler.supabase.com" (3.1.167.181), port 6543 failed: FATAL:  Circuit breaker open: Failed to retrieve database credentials
connection to server at "aws-1-ap-southeast-1.pooler.supabase.com" (3.1.167.181), port 6543 failed: FATAL:  Circuit breaker open: Failed to retrieve database credentials

2026-03-25 12:25:53.124 | CRITICAL | database:GET_DB:33 - DATABASE SERVER IS DEAD AND CONNECTION LOST DURING TRANSCATION... connection to server at "aws-1-ap-southeast-1.pooler.supabase.com" (3.1.167.181), port 6543 failed: FATAL:  Circuit breaker open: Failed to retrieve database credentials
connection to server at "aws-1-ap-southeast-1.pooler.supabase.com" (3.1.167.181), port 6543 failed: FATAL:  Circuit breaker open: Failed to retrieve database credentials

2026-03-25 12:25:53.124 | CRITICAL | database:GET_DB:33 - DATABASE SERVER IS DEAD AND CONNECTION LOST DURING TRANSCATION... connection to server at "aws-1-ap-southeast-1.pooler.supabase.com" (3.1.167.181), port 6543 failed: FATAL:  Circuit breaker open: Failed to retrieve database credentials
connection to server at "aws-1-ap-southeast-1.pooler.supabase.com" (3.1.167.181), port 6543 failed: FATAL:  Circuit breaker open: Failed to retrieve database credentials

2026-03-25 12:26:51.804 | CRITICAL | database:GET_DB:33 - DATABASE SERVER IS DEAD AND CONNECTION LOST DURING TRANSCATION... connection to server at "aws-1-ap-southeast-1.pooler.supabase.com" (13.213.241.248), port 6543 failed: FATAL:  password authentication failed for user "postgres"
connection to server at "aws-1-ap-southeast-1.pooler.supabase.com" (13.213.241.248), port 6543 failed: FATAL:  Circuit breaker open: Failed to retrieve database credentials

2026-03-25 12:26:51.816 | CRITICAL | database:GET_DB:33 - DATABASE SERVER IS DEAD AND CONNECTION LOST DURING TRANSCATION... connection to server at "aws-1-ap-southeast-1.pooler.supabase.com" (13.213.241.248), port 6543 failed: FATAL:  password authentication failed for user "postgres"
connection to server at "aws-1-ap-southeast-1.pooler.supabase.com" (13.213.241.248), port 6543 failed: FATAL:  Circuit breaker open: Failed to retrieve database credentials

2026-03-25 12:26:51.832 | CRITICAL | database:GET_DB:33 - DATABASE SERVER IS DEAD AND CONNECTION LOST DURING TRANSCATION... connection to server at "aws-1-ap-southeast-1.pooler.supabase.com" (13.213.241.248), port 6543 failed: FATAL:  password authentication failed for user "postgres"
connection to server at "aws-1-ap-southeast-1.pooler.supabase.com" (13.213.241.248), port 6543 failed: FATAL:  Circuit breaker open: Failed to retrieve database credentials

2026-03-25 12:26:51.835 | CRITICAL | database:GET_DB:33 - DATABASE SERVER IS DEAD AND CONNECTION LOST DURING TRANSCATION... connection to server at "aws-1-ap-southeast-1.pooler.supabase.com" (13.213.241.248), port 6543 failed: FATAL:  password authentication failed for user "postgres"
connection to server at "aws-1-ap-southeast-1.pooler.supabase.com" (13.213.241.248), port 6543 failed: FATAL:  Circuit breaker open: Failed to retrieve database credentials

2026-03-25 12:30:36.454 | CRITICAL | database:GET_DB:33 - DATABASE SERVER IS DEAD AND CONNECTION LOST DURING TRANSCATION... could not translate host name "db.abkspargekqnfnnyxkqx.supabase.co" to address: Name or service not known

2026-03-25 12:30:36.454 | CRITICAL | database:GET_DB:33 - DATABASE SERVER IS DEAD AND CONNECTION LOST DURING TRANSCATION... could not translate host name "db.abkspargekqnfnnyxkqx.supabase.co" to address: Name or service not known

2026-03-25 12:30:36.455 | CRITICAL | database:GET_DB:33 - DATABASE SERVER IS DEAD AND CONNECTION LOST DURING TRANSCATION... could not translate host name "db.abkspargekqnfnnyxkqx.supabase.co" to address: Name or service not known

2026-03-25 12:30:36.455 | CRITICAL | database:GET_DB:33 - DATABASE SERVER IS DEAD AND CONNECTION LOST DURING TRANSCATION... could not translate host name "db.abkspargekqnfnnyxkqx.supabase.co" to address: Name or service not known

2026-03-25 12:30:57.693 | CRITICAL | database:GET_DB:33 - DATABASE SERVER IS DEAD AND CONNECTION LOST DURING TRANSCATION... could not translate host name "db.abkspargekqnfnnyxkqx.supabase.co" to address: Name or service not known

2026-03-25 12:30:57.693 | CRITICAL | database:GET_DB:33 - DATABASE SERVER IS DEAD AND CONNECTION LOST DURING TRANSCATION... could not translate host name "db.abkspargekqnfnnyxkqx.supabase.co" to address: Name or service not known

2026-03-25 12:30:57.693 | CRITICAL | database:GET_DB:33 - DATABASE SERVER IS DEAD AND CONNECTION LOST DURING TRANSCATION... could not translate host name "db.abkspargekqnfnnyxkqx.supabase.co" to address: Name or service not known

2026-03-25 12:30:57.694 | CRITICAL | database:GET_DB:33 - DATABASE SERVER IS DEAD AND CONNECTION LOST DURING TRANSCATION... could not translate host name "db.abkspargekqnfnnyxkqx.supabase.co" to address: Name or service not known

2026-03-25 12:32:19.805 | CRITICAL | database:GET_DB:33 - DATABASE SERVER IS DEAD AND CONNECTION LOST DURING TRANSCATION... connection to server at "aws-1-ap-southeast-1.pooler.supabase.com" (13.213.241.248), port 5432 failed: FATAL:  Circuit breaker open: Failed to retrieve database credentials

2026-03-25 12:32:19.818 | CRITICAL | database:GET_DB:33 - DATABASE SERVER IS DEAD AND CONNECTION LOST DURING TRANSCATION... connection to server at "aws-1-ap-southeast-1.pooler.supabase.com" (13.213.241.248), port 5432 failed: FATAL:  Circuit breaker open: Failed to retrieve database credentials

2026-03-25 12:32:19.818 | CRITICAL | database:GET_DB:33 - DATABASE SERVER IS DEAD AND CONNECTION LOST DURING TRANSCATION... connection to server at "aws-1-ap-southeast-1.pooler.supabase.com" (13.213.241.248), port 5432 failed: FATAL:  Circuit breaker open: Failed to retrieve database credentials

2026-03-25 12:32:19.820 | CRITICAL | database:GET_DB:33 - DATABASE SERVER IS DEAD AND CONNECTION LOST DURING TRANSCATION... connection to server at "aws-1-ap-southeast-1.pooler.supabase.com" (13.213.241.248), port 5432 failed: FATAL:  Circuit breaker open: Failed to retrieve database credentials

2026-03-25 12:32:47.038 | CRITICAL | database:GET_DB:33 - DATABASE SERVER IS DEAD AND CONNECTION LOST DURING TRANSCATION... connection to server at "aws-1-ap-southeast-1.pooler.supabase.com" (13.213.241.248), port 5432 failed: FATAL:  password authentication failed for user "postgres"
connection to server at "aws-1-ap-southeast-1.pooler.supabase.com" (13.213.241.248), port 5432 failed: FATAL:  password authentication failed for user "postgres"

2026-03-25 12:32:51.657 | CRITICAL | database:GET_DB:33 - DATABASE SERVER IS DEAD AND CONNECTION LOST DURING TRANSCATION... connection to server at "aws-1-ap-southeast-1.pooler.supabase.com" (13.213.241.248), port 5432 failed: SSL connection has been closed unexpectedly

2026-03-25 12:32:51.671 | CRITICAL | database:GET_DB:33 - DATABASE SERVER IS DEAD AND CONNECTION LOST DURING TRANSCATION... connection to server at "aws-1-ap-southeast-1.pooler.supabase.com" (13.213.241.248), port 5432 failed: SSL connection has been closed unexpectedly

2026-03-25 12:32:51.678 | CRITICAL | database:GET_DB:33 - DATABASE SERVER IS DEAD AND CONNECTION LOST DURING TRANSCATION... connection to server at "aws-1-ap-southeast-1.pooler.supabase.com" (13.213.241.248), port 5432 failed: SSL connection has been closed unexpectedly

2026-03-25 12:34:41.333 | CRITICAL | database:GET_DB:33 - DATABASE SERVER IS DEAD AND CONNECTION LOST DURING TRANSCATION... connection to server at "aws-1-ap-southeast-1.pooler.supabase.com" (3.1.167.181), port 5432 failed: FATAL:  password authentication failed for user "postgres"
connection to server at "aws-1-ap-southeast-1.pooler.supabase.com" (3.1.167.181), port 5432 failed: FATAL:  password authentication failed for user "postgres"

2026-03-25 12:34:51.240 | CRITICAL | database:GET_DB:33 - DATABASE SERVER IS DEAD AND CONNECTION LOST DURING TRANSCATION... connection to server at "aws-1-ap-southeast-1.pooler.supabase.com" (3.1.167.181), port 5432 failed: FATAL:  password authentication failed for user "postgres"
connection to server at "aws-1-ap-southeast-1.pooler.supabase.com" (3.1.167.181), port 5432 failed: FATAL:  password authentication failed for user "postgres"

2026-03-25 12:34:51.282 | CRITICAL | database:GET_DB:33 - DATABASE SERVER IS DEAD AND CONNECTION LOST DURING TRANSCATION... connection to server at "aws-1-ap-southeast-1.pooler.supabase.com" (3.1.167.181), port 5432 failed: FATAL:  password authentication failed for user "postgres"
connection to server at "aws-1-ap-southeast-1.pooler.supabase.com" (3.1.167.181), port 5432 failed: FATAL:  password authentication failed for user "postgres"

2026-03-25 12:34:51.325 | CRITICAL | database:GET_DB:33 - DATABASE SERVER IS DEAD AND CONNECTION LOST DURING TRANSCATION... connection to server at "aws-1-ap-southeast-1.pooler.supabase.com" (3.1.167.181), port 5432 failed: FATAL:  password authentication failed for user "postgres"
connection to server at "aws-1-ap-southeast-1.pooler.supabase.com" (3.1.167.181), port 5432 failed: FATAL:  password authentication failed for user "postgres"

2026-03-25 13:47:09.880 | ERROR    | database:GET_DB:55 - LOGIC ERROR OR BACKEND ERROR => relation "schema_sales.sales" does not exist
LINE 1: ...           from schema_customers.customers c join schema_sal...
                                                             ^
QUERY:  select c.name , sum(s.price) , count(*) , c.cust_id                                                    from schema_customers.customers c join schema_sales.sales s on c.cust_id = s.cust_id  where (TO_CHAR(s.created_at, 'YY-MM') = TO_CHAR(CURRENT_DATE, 'YY-MM')) and s.sales_status::varchar <> 'deleted' and c.is_active = true  group by c.cust_id order by sum(s.price) desc limit 1
CONTEXT:  PL/pgSQL function schema_customers.display_customer_stats() line 18 at SQL statement

2026-03-25 13:47:09.880 | ERROR    | database:GET_DB:55 - LOGIC ERROR OR BACKEND ERROR => relation "schema_sales.sales" does not exist
LINE 1: SELECT COUNT(*)                   FROM schema_sales.sales  w...
                                               ^
QUERY:  SELECT COUNT(*)                   FROM schema_sales.sales  where sales_status::varchar <> 'deleted' and created_at::date = now()::date
CONTEXT:  PL/pgSQL function schema_sales.display_sales_stats() line 16 at SQL statement

2026-03-25 13:47:09.928 | ERROR    | database:GET_DB:55 - LOGIC ERROR OR BACKEND ERROR => function schema_sales.display_all_sales(unknown) does not exist
LINE 1: select * from schema_sales.display_all_sales('{"start":null,...
                      ^
HINT:  No function matches the given name and argument types. You might need to add explicit type casts.

2026-03-25 13:47:19.749 | ERROR    | database:GET_DB:55 - LOGIC ERROR OR BACKEND ERROR => relation "schema_users.users" does not exist
LINE 1: ...user_name FROM schema_customers.customers c join  schema_use...
                                                             ^
QUERY:  SELECT c.cust_id,c.name,c.cell_phone,c.address,c.unit_price,c.advance_money,c.is_active,c.active_status_changed_at,c.modified_at,u.user_name FROM schema_customers.customers c join  schema_users.users u  
	on c.modified_by = u.user_id
	where cust_id = ID
CONTEXT:  PL/pgSQL function schema_customers.display_customer(integer) line 8 at RETURN QUERY

2026-03-25 13:47:23.910 | ERROR    | database:GET_DB:55 - LOGIC ERROR OR BACKEND ERROR => relation "schema_users.users" does not exist
LINE 1: ...user_name FROM schema_customers.customers c join  schema_use...
                                                             ^
QUERY:  SELECT c.cust_id,c.name,c.cell_phone,c.address,c.unit_price,c.advance_money,c.is_active,c.active_status_changed_at,c.modified_at,u.user_name FROM schema_customers.customers c join  schema_users.users u  
	on c.modified_by = u.user_id
	where cust_id = ID
CONTEXT:  PL/pgSQL function schema_customers.display_customer(integer) line 8 at RETURN QUERY

2026-03-25 13:48:16.223 | ERROR    | database:GET_DB:55 - LOGIC ERROR OR BACKEND ERROR => relation "schema_sales.sales" does not exist
LINE 1: ...           from schema_customers.customers c join schema_sal...
                                                             ^
QUERY:  select c.name , sum(s.price) , count(*) , c.cust_id                                                    from schema_customers.customers c join schema_sales.sales s on c.cust_id = s.cust_id  where (TO_CHAR(s.created_at, 'YY-MM') = TO_CHAR(CURRENT_DATE, 'YY-MM')) and s.sales_status::varchar <> 'deleted' and c.is_active = true  group by c.cust_id order by sum(s.price) desc limit 1
CONTEXT:  PL/pgSQL function schema_customers.display_customer_stats() line 18 at SQL statement

2026-03-25 13:48:25.270 | ERROR    | database:GET_DB:55 - LOGIC ERROR OR BACKEND ERROR => relation "schema_users.users" does not exist
LINE 1: ...user_name FROM schema_customers.customers c join  schema_use...
                                                             ^
QUERY:  SELECT c.cust_id,c.name,c.cell_phone,c.address,c.unit_price,c.advance_money,c.is_active,c.active_status_changed_at,c.modified_at,u.user_name FROM schema_customers.customers c join  schema_users.users u  
	on c.modified_by = u.user_id
	where cust_id = ID
CONTEXT:  PL/pgSQL function schema_customers.display_customer(integer) line 8 at RETURN QUERY

2026-03-25 13:48:30.960 | ERROR    | database:GET_DB:55 - LOGIC ERROR OR BACKEND ERROR => relation "schema_users.users" does not exist
LINE 1: ...user_name FROM schema_customers.customers c join  schema_use...
                                                             ^
QUERY:  SELECT c.cust_id,c.name,c.cell_phone,c.address,c.unit_price,c.advance_money,c.is_active,c.active_status_changed_at,c.modified_at,u.user_name FROM schema_customers.customers c join  schema_users.users u  
	on c.modified_by = u.user_id
	where cust_id = ID
CONTEXT:  PL/pgSQL function schema_customers.display_customer(integer) line 8 at RETURN QUERY

2026-03-25 13:48:31.604 | ERROR    | database:GET_DB:55 - LOGIC ERROR OR BACKEND ERROR => relation "schema_users.users" does not exist
LINE 1: ...user_name FROM schema_customers.customers c join  schema_use...
                                                             ^
QUERY:  SELECT c.cust_id,c.name,c.cell_phone,c.address,c.unit_price,c.advance_money,c.is_active,c.active_status_changed_at,c.modified_at,u.user_name FROM schema_customers.customers c join  schema_users.users u  
	on c.modified_by = u.user_id
	where cust_id = ID
CONTEXT:  PL/pgSQL function schema_customers.display_customer(integer) line 8 at RETURN QUERY

2026-03-25 13:48:34.151 | ERROR    | database:GET_DB:55 - LOGIC ERROR OR BACKEND ERROR => function schema_sales.display_all_sales(unknown) does not exist
LINE 1: select * from schema_sales.display_all_sales('{"start":"2026...
                      ^
HINT:  No function matches the given name and argument types. You might need to add explicit type casts.

2026-03-25 13:48:34.970 | ERROR    | database:GET_DB:55 - LOGIC ERROR OR BACKEND ERROR => function schema_sales.display_all_sales(unknown) does not exist
LINE 1: select * from schema_sales.display_all_sales('{"start":"2026...
                      ^
HINT:  No function matches the given name and argument types. You might need to add explicit type casts.

2026-03-25 13:48:35.467 | ERROR    | database:GET_DB:55 - LOGIC ERROR OR BACKEND ERROR => function schema_sales.display_all_sales(unknown) does not exist
LINE 1: select * from schema_sales.display_all_sales('{"start":"2026...
                      ^
HINT:  No function matches the given name and argument types. You might need to add explicit type casts.

2026-03-25 13:49:15.089 | ERROR    | database:GET_DB:55 - LOGIC ERROR OR BACKEND ERROR => structure of query does not match function result type
DETAIL:  Number of returned columns (7) does not match expected column count (6).
CONTEXT:  SQL statement "SELECT TOTAL_CUST, TOTAL_ACTIVE, TOTAL_INACTIVE , customer_name , amt , deliveries,CUSTOMER_ID"
PL/pgSQL function schema_customers.display_customer_stats() line 20 at RETURN QUERY

2026-03-25 13:49:31.548 | ERROR    | database:GET_DB:55 - LOGIC ERROR OR BACKEND ERROR => structure of query does not match function result type
DETAIL:  Number of returned columns (7) does not match expected column count (6).
CONTEXT:  SQL statement "SELECT TOTAL_CUST, TOTAL_ACTIVE, TOTAL_INACTIVE , customer_name , amt , deliveries,CUSTOMER_ID"
PL/pgSQL function schema_customers.display_customer_stats() line 20 at RETURN QUERY

2026-03-25 13:49:49.555 | ERROR    | database:GET_DB:55 - LOGIC ERROR OR BACKEND ERROR => type "sales_category" does not exist
LINE 2: ...VALUES (v_consumer_name, v_cust_id, v_sales_type::sales_cate...
                                                             ^
QUERY:  INSERT INTO schema_sales.sales (consumer_name, cust_id, sales_type, litres, bottles, price, sales_status, modified_by, created_at)
            VALUES (v_consumer_name, v_cust_id, v_sales_type::sales_category, v_litres, v_bottles, v_price, v_sales_status::sales_status, 
                    v_user_id::int, v_reporting_time)
CONTEXT:  PL/pgSQL function schema_sales.add_sales(jsonb) line 117 at SQL statement

2026-03-25 13:50:08.717 | ERROR    | database:GET_DB:55 - LOGIC ERROR OR BACKEND ERROR => structure of query does not match function result type
DETAIL:  Number of returned columns (7) does not match expected column count (6).
CONTEXT:  SQL statement "SELECT TOTAL_CUST, TOTAL_ACTIVE, TOTAL_INACTIVE , customer_name , amt , deliveries,CUSTOMER_ID"
PL/pgSQL function schema_customers.display_customer_stats() line 20 at RETURN QUERY

2026-03-25 13:52:03.902 | ERROR    | database:GET_DB:55 - LOGIC ERROR OR BACKEND ERROR => type "sales_category" does not exist
LINE 2: ...VALUES (v_consumer_name, v_cust_id, v_sales_type::sales_cate...
                                                             ^
QUERY:  INSERT INTO schema_sales.sales (consumer_name, cust_id, sales_type, litres, bottles, price, sales_status, modified_by, created_at)
        VALUES (v_consumer_name, v_cust_id, v_sales_type::sales_category, v_litres, v_bottles, v_price, v_sales_status::sales_status, 
                v_user_id, v_reporting_time)
CONTEXT:  PL/pgSQL function schema_sales.add_sales(jsonb) line 126 at SQL statement

2026-03-25 13:52:31.191 | ERROR    | database:GET_DB:55 - LOGIC ERROR OR BACKEND ERROR => structure of query does not match function result type
DETAIL:  Number of returned columns (7) does not match expected column count (6).
CONTEXT:  SQL statement "SELECT TOTAL_CUST, TOTAL_ACTIVE, TOTAL_INACTIVE , customer_name , amt , deliveries,CUSTOMER_ID"
PL/pgSQL function schema_customers.display_customer_stats() line 20 at RETURN QUERY

2026-03-25 13:52:43.360 | ERROR    | database:GET_DB:55 - LOGIC ERROR OR BACKEND ERROR => structure of query does not match function result type
DETAIL:  Number of returned columns (7) does not match expected column count (6).
CONTEXT:  SQL statement "SELECT TOTAL_CUST, TOTAL_ACTIVE, TOTAL_INACTIVE , customer_name , amt , deliveries,CUSTOMER_ID"
PL/pgSQL function schema_customers.display_customer_stats() line 20 at RETURN QUERY

2026-03-25 14:00:46.693 | ERROR    | database:GET_DB:55 - LOGIC ERROR OR BACKEND ERROR => structure of query does not match function result type
DETAIL:  Number of returned columns (7) does not match expected column count (6).
CONTEXT:  SQL statement "SELECT TOTAL_CUST, TOTAL_ACTIVE, TOTAL_INACTIVE , customer_name , amt , deliveries,CUSTOMER_ID"
PL/pgSQL function schema_customers.display_customer_stats() line 20 at RETURN QUERY

2026-03-25 14:00:59.492 | ERROR    | database:GET_DB:55 - LOGIC ERROR OR BACKEND ERROR => type "sales_category" does not exist
LINE 2: ...VALUES (v_consumer_name, v_cust_id, v_sales_type::sales_cate...
                                                             ^
QUERY:  INSERT INTO schema_sales.sales (consumer_name, cust_id, sales_type, litres, bottles, price, sales_status, modified_by, created_at)
        VALUES (v_consumer_name, v_cust_id, v_sales_type::sales_category, v_litres, v_bottles, v_price, v_sales_status::sales_status, 
                v_user_id, v_reporting_time)
CONTEXT:  PL/pgSQL function schema_sales.add_sales(jsonb) line 126 at SQL statement

2026-03-25 14:02:56.843 | ERROR    | database:GET_DB:55 - LOGIC ERROR OR BACKEND ERROR => type "sales_category" does not exist
LINE 2: ...VALUES (v_consumer_name, v_cust_id, v_sales_type::sales_cate...
                                                             ^
QUERY:  INSERT INTO schema_sales.sales (consumer_name, cust_id, sales_type, litres, bottles, price, sales_status, modified_by, created_at)
            VALUES (v_consumer_name, v_cust_id, v_sales_type::sales_category, v_litres, v_bottles, v_price, v_sales_status::sales_status, 
                    v_user_id::int, v_reporting_time)
CONTEXT:  PL/pgSQL function schema_sales.add_sales(jsonb) line 117 at SQL statement

2026-03-25 14:05:54.819 | ERROR    | database:GET_DB:55 - LOGIC ERROR OR BACKEND ERROR => type "sales_status" does not exist
LINE 3: sales_status = v_sales_status::sales_status,
                                       ^
QUERY:  update schema_sales.sales 
set 
sales_status = v_sales_status::sales_status,
modified_by = v_user_id,
modified_at = now()

where sales_id = v_sales_id
CONTEXT:  PL/pgSQL function schema_sales.update_sales_status(jsonb) line 28 at SQL statement

2026-03-25 14:13:03.202 | CRITICAL | database:GET_DB:33 - DATABASE SERVER IS DEAD AND CONNECTION LOST DURING TRANSCATION... connection to server at "aws-1-ap-southeast-1.pooler.supabase.com" (13.213.241.248), port 5432 failed: FATAL:  password authentication failed for user "postgres"
connection to server at "aws-1-ap-southeast-1.pooler.supabase.com" (13.213.241.248), port 5432 failed: FATAL:  Circuit breaker open: Too many authentication errors

2026-03-25 14:13:03.214 | CRITICAL | database:GET_DB:33 - DATABASE SERVER IS DEAD AND CONNECTION LOST DURING TRANSCATION... connection to server at "aws-1-ap-southeast-1.pooler.supabase.com" (13.213.241.248), port 5432 failed: FATAL:  password authentication failed for user "postgres"
connection to server at "aws-1-ap-southeast-1.pooler.supabase.com" (13.213.241.248), port 5432 failed: FATAL:  Circuit breaker open: Too many authentication errors

2026-03-25 14:13:03.235 | CRITICAL | database:GET_DB:33 - DATABASE SERVER IS DEAD AND CONNECTION LOST DURING TRANSCATION... connection to server at "aws-1-ap-southeast-1.pooler.supabase.com" (13.213.241.248), port 5432 failed: FATAL:  password authentication failed for user "postgres"
connection to server at "aws-1-ap-southeast-1.pooler.supabase.com" (13.213.241.248), port 5432 failed: FATAL:  Circuit breaker open: Too many authentication errors

2026-03-25 14:13:03.240 | CRITICAL | database:GET_DB:33 - DATABASE SERVER IS DEAD AND CONNECTION LOST DURING TRANSCATION... connection to server at "aws-1-ap-southeast-1.pooler.supabase.com" (13.213.241.248), port 5432 failed: FATAL:  password authentication failed for user "postgres"
connection to server at "aws-1-ap-southeast-1.pooler.supabase.com" (13.213.241.248), port 5432 failed: FATAL:  Circuit breaker open: Too many authentication errors

2026-03-25 14:14:04.059 | CRITICAL | database:GET_DB:33 - DATABASE SERVER IS DEAD AND CONNECTION LOST DURING TRANSCATION... connection to server at "aws-1-ap-southeast-1.pooler.supabase.com" (3.1.167.181), port 5432 failed: FATAL:  password authentication failed for user "postgres"
connection to server at "aws-1-ap-southeast-1.pooler.supabase.com" (3.1.167.181), port 5432 failed: FATAL:  Circuit breaker open: Too many authentication errors

2026-03-25 14:14:04.062 | CRITICAL | database:GET_DB:33 - DATABASE SERVER IS DEAD AND CONNECTION LOST DURING TRANSCATION... connection to server at "aws-1-ap-southeast-1.pooler.supabase.com" (3.1.167.181), port 5432 failed: FATAL:  password authentication failed for user "postgres"
connection to server at "aws-1-ap-southeast-1.pooler.supabase.com" (3.1.167.181), port 5432 failed: FATAL:  Circuit breaker open: Too many authentication errors

2026-03-25 14:14:04.082 | CRITICAL | database:GET_DB:33 - DATABASE SERVER IS DEAD AND CONNECTION LOST DURING TRANSCATION... connection to server at "aws-1-ap-southeast-1.pooler.supabase.com" (3.1.167.181), port 5432 failed: FATAL:  password authentication failed for user "postgres"
connection to server at "aws-1-ap-southeast-1.pooler.supabase.com" (3.1.167.181), port 5432 failed: FATAL:  Circuit breaker open: Too many authentication errors

2026-03-25 14:14:04.086 | CRITICAL | database:GET_DB:33 - DATABASE SERVER IS DEAD AND CONNECTION LOST DURING TRANSCATION... connection to server at "aws-1-ap-southeast-1.pooler.supabase.com" (3.1.167.181), port 5432 failed: FATAL:  password authentication failed for user "postgres"
connection to server at "aws-1-ap-southeast-1.pooler.supabase.com" (3.1.167.181), port 5432 failed: FATAL:  Circuit breaker open: Too many authentication errors

2026-03-25 14:14:46.673 | CRITICAL | database:GET_DB:33 - DATABASE SERVER IS DEAD AND CONNECTION LOST DURING TRANSCATION... connection to server at "aws-1-ap-southeast-1.pooler.supabase.com" (3.1.167.181), port 5432 failed: FATAL:  Circuit breaker open: Too many authentication errors
connection to server at "aws-1-ap-southeast-1.pooler.supabase.com" (3.1.167.181), port 5432 failed: FATAL:  Circuit breaker open: Too many authentication errors

2026-03-25 14:14:46.674 | CRITICAL | database:GET_DB:33 - DATABASE SERVER IS DEAD AND CONNECTION LOST DURING TRANSCATION... connection to server at "aws-1-ap-southeast-1.pooler.supabase.com" (3.1.167.181), port 5432 failed: FATAL:  Circuit breaker open: Too many authentication errors
connection to server at "aws-1-ap-southeast-1.pooler.supabase.com" (3.1.167.181), port 5432 failed: FATAL:  Circuit breaker open: Too many authentication errors

2026-03-25 14:14:46.675 | CRITICAL | database:GET_DB:33 - DATABASE SERVER IS DEAD AND CONNECTION LOST DURING TRANSCATION... connection to server at "aws-1-ap-southeast-1.pooler.supabase.com" (3.1.167.181), port 5432 failed: FATAL:  Circuit breaker open: Too many authentication errors
connection to server at "aws-1-ap-southeast-1.pooler.supabase.com" (3.1.167.181), port 5432 failed: FATAL:  Circuit breaker open: Too many authentication errors

2026-03-25 14:14:46.695 | CRITICAL | database:GET_DB:33 - DATABASE SERVER IS DEAD AND CONNECTION LOST DURING TRANSCATION... connection to server at "aws-1-ap-southeast-1.pooler.supabase.com" (3.1.167.181), port 5432 failed: FATAL:  Circuit breaker open: Too many authentication errors
connection to server at "aws-1-ap-southeast-1.pooler.supabase.com" (3.1.167.181), port 5432 failed: FATAL:  Circuit breaker open: Too many authentication errors

2026-03-25 14:15:00.394 | CRITICAL | database:GET_DB:33 - DATABASE SERVER IS DEAD AND CONNECTION LOST DURING TRANSCATION... connection to server at "aws-1-ap-southeast-1.pooler.supabase.com" (3.1.167.181), port 5432 failed: FATAL:  Circuit breaker open: Too many authentication errors
connection to server at "aws-1-ap-southeast-1.pooler.supabase.com" (3.1.167.181), port 5432 failed: FATAL:  Circuit breaker open: Too many authentication errors

2026-03-25 14:15:00.396 | CRITICAL | database:GET_DB:33 - DATABASE SERVER IS DEAD AND CONNECTION LOST DURING TRANSCATION... connection to server at "aws-1-ap-southeast-1.pooler.supabase.com" (3.1.167.181), port 5432 failed: FATAL:  Circuit breaker open: Too many authentication errors
connection to server at "aws-1-ap-southeast-1.pooler.supabase.com" (3.1.167.181), port 5432 failed: FATAL:  Circuit breaker open: Too many authentication errors

2026-03-25 14:15:00.396 | CRITICAL | database:GET_DB:33 - DATABASE SERVER IS DEAD AND CONNECTION LOST DURING TRANSCATION... connection to server at "aws-1-ap-southeast-1.pooler.supabase.com" (3.1.167.181), port 5432 failed: FATAL:  Circuit breaker open: Too many authentication errors
connection to server at "aws-1-ap-southeast-1.pooler.supabase.com" (3.1.167.181), port 5432 failed: FATAL:  Circuit breaker open: Too many authentication errors

2026-03-25 14:15:00.421 | CRITICAL | database:GET_DB:33 - DATABASE SERVER IS DEAD AND CONNECTION LOST DURING TRANSCATION... connection to server at "aws-1-ap-southeast-1.pooler.supabase.com" (3.1.167.181), port 5432 failed: FATAL:  Circuit breaker open: Too many authentication errors
connection to server at "aws-1-ap-southeast-1.pooler.supabase.com" (3.1.167.181), port 5432 failed: FATAL:  Circuit breaker open: Too many authentication errors

2026-03-25 14:20:20.275 | CRITICAL | database:GET_DB:33 - DATABASE SERVER IS DEAD AND CONNECTION LOST DURING TRANSCATION... connection to server at "aws-1-ap-southeast-1.pooler.supabase.com" (13.213.241.248), port 5432 failed: FATAL:  Circuit breaker open: Too many authentication errors
connection to server at "aws-1-ap-southeast-1.pooler.supabase.com" (13.213.241.248), port 5432 failed: FATAL:  Circuit breaker open: Too many authentication errors

2026-03-25 14:20:20.277 | CRITICAL | database:GET_DB:33 - DATABASE SERVER IS DEAD AND CONNECTION LOST DURING TRANSCATION... connection to server at "aws-1-ap-southeast-1.pooler.supabase.com" (13.213.241.248), port 5432 failed: FATAL:  Circuit breaker open: Too many authentication errors
connection to server at "aws-1-ap-southeast-1.pooler.supabase.com" (13.213.241.248), port 5432 failed: FATAL:  Circuit breaker open: Too many authentication errors

2026-03-25 14:20:20.277 | CRITICAL | database:GET_DB:33 - DATABASE SERVER IS DEAD AND CONNECTION LOST DURING TRANSCATION... connection to server at "aws-1-ap-southeast-1.pooler.supabase.com" (13.213.241.248), port 5432 failed: FATAL:  Circuit breaker open: Too many authentication errors
connection to server at "aws-1-ap-southeast-1.pooler.supabase.com" (13.213.241.248), port 5432 failed: FATAL:  Circuit breaker open: Too many authentication errors

2026-03-25 14:20:20.277 | CRITICAL | database:GET_DB:33 - DATABASE SERVER IS DEAD AND CONNECTION LOST DURING TRANSCATION... connection to server at "aws-1-ap-southeast-1.pooler.supabase.com" (13.213.241.248), port 5432 failed: FATAL:  Circuit breaker open: Too many authentication errors
connection to server at "aws-1-ap-southeast-1.pooler.supabase.com" (13.213.241.248), port 5432 failed: FATAL:  Circuit breaker open: Too many authentication errors

2026-03-25 14:20:42.598 | CRITICAL | database:GET_DB:33 - DATABASE SERVER IS DEAD AND CONNECTION LOST DURING TRANSCATION... connection to server at "aws-1-ap-southeast-1.pooler.supabase.com" (13.213.241.248), port 5432 failed: FATAL:  Circuit breaker open: Too many authentication errors
connection to server at "aws-1-ap-southeast-1.pooler.supabase.com" (13.213.241.248), port 5432 failed: FATAL:  Circuit breaker open: Too many authentication errors

2026-03-25 14:20:42.620 | CRITICAL | database:GET_DB:33 - DATABASE SERVER IS DEAD AND CONNECTION LOST DURING TRANSCATION... connection to server at "aws-1-ap-southeast-1.pooler.supabase.com" (13.213.241.248), port 5432 failed: FATAL:  Circuit breaker open: Too many authentication errors
connection to server at "aws-1-ap-southeast-1.pooler.supabase.com" (13.213.241.248), port 5432 failed: FATAL:  Circuit breaker open: Too many authentication errors

2026-03-25 14:20:42.626 | CRITICAL | database:GET_DB:33 - DATABASE SERVER IS DEAD AND CONNECTION LOST DURING TRANSCATION... connection to server at "aws-1-ap-southeast-1.pooler.supabase.com" (13.213.241.248), port 5432 failed: FATAL:  Circuit breaker open: Too many authentication errors
connection to server at "aws-1-ap-southeast-1.pooler.supabase.com" (13.213.241.248), port 5432 failed: FATAL:  Circuit breaker open: Too many authentication errors

2026-03-25 14:20:42.627 | CRITICAL | database:GET_DB:33 - DATABASE SERVER IS DEAD AND CONNECTION LOST DURING TRANSCATION... connection to server at "aws-1-ap-southeast-1.pooler.supabase.com" (13.213.241.248), port 5432 failed: FATAL:  Circuit breaker open: Too many authentication errors
connection to server at "aws-1-ap-southeast-1.pooler.supabase.com" (13.213.241.248), port 5432 failed: FATAL:  Circuit breaker open: Too many authentication errors

2026-03-25 14:40:38.537 | CRITICAL | database:GET_DB:33 - DATABASE SERVER IS DEAD AND CONNECTION LOST DURING TRANSCATION... connection to server at "aws-1-ap-southeast-1.pooler.supabase.com" (13.213.241.248), port 5432 failed: FATAL:  password authentication failed for user "postgres"
connection to server at "aws-1-ap-southeast-1.pooler.supabase.com" (13.213.241.248), port 5432 failed: FATAL:  password authentication failed for user "postgres"

2026-03-25 14:40:38.553 | CRITICAL | database:GET_DB:33 - DATABASE SERVER IS DEAD AND CONNECTION LOST DURING TRANSCATION... connection to server at "aws-1-ap-southeast-1.pooler.supabase.com" (13.213.241.248), port 5432 failed: FATAL:  password authentication failed for user "postgres"
connection to server at "aws-1-ap-southeast-1.pooler.supabase.com" (13.213.241.248), port 5432 failed: FATAL:  password authentication failed for user "postgres"

2026-03-25 14:40:38.553 | CRITICAL | database:GET_DB:33 - DATABASE SERVER IS DEAD AND CONNECTION LOST DURING TRANSCATION... connection to server at "aws-1-ap-southeast-1.pooler.supabase.com" (13.213.241.248), port 5432 failed: FATAL:  password authentication failed for user "postgres"
connection to server at "aws-1-ap-southeast-1.pooler.supabase.com" (13.213.241.248), port 5432 failed: FATAL:  password authentication failed for user "postgres"

2026-03-25 14:40:38.568 | CRITICAL | database:GET_DB:33 - DATABASE SERVER IS DEAD AND CONNECTION LOST DURING TRANSCATION... connection to server at "aws-1-ap-southeast-1.pooler.supabase.com" (13.213.241.248), port 5432 failed: FATAL:  password authentication failed for user "postgres"
connection to server at "aws-1-ap-southeast-1.pooler.supabase.com" (13.213.241.248), port 5432 failed: FATAL:  password authentication failed for user "postgres"

2026-03-25 14:44:09.903 | CRITICAL | database:GET_DB:33 - DATABASE SERVER IS DEAD AND CONNECTION LOST DURING TRANSCATION... could not translate host name "aws-1-ap-southeast-1.pooler.supabase.com" to address: Name or service not known

2026-03-25 14:44:09.904 | CRITICAL | database:GET_DB:33 - DATABASE SERVER IS DEAD AND CONNECTION LOST DURING TRANSCATION... could not translate host name "aws-1-ap-southeast-1.pooler.supabase.com" to address: Name or service not known

2026-03-25 14:44:09.904 | CRITICAL | database:GET_DB:33 - DATABASE SERVER IS DEAD AND CONNECTION LOST DURING TRANSCATION... could not translate host name "aws-1-ap-southeast-1.pooler.supabase.com" to address: Name or service not known

2026-03-25 14:44:09.904 | CRITICAL | database:GET_DB:33 - DATABASE SERVER IS DEAD AND CONNECTION LOST DURING TRANSCATION... could not translate host name "aws-1-ap-southeast-1.pooler.supabase.com" to address: Name or service not known

2026-03-25 14:45:50.325 | CRITICAL | database:GET_DB:33 - DATABASE SERVER IS DEAD AND CONNECTION LOST DURING TRANSCATION... connection to server at "aws-1-ap-southeast-1.pooler.supabase.com" (13.213.241.248), port 6543 failed: FATAL:  password authentication failed for user "postgres"
connection to server at "aws-1-ap-southeast-1.pooler.supabase.com" (13.213.241.248), port 6543 failed: FATAL:  password authentication failed for user "postgres"

2026-03-25 14:45:50.420 | CRITICAL | database:GET_DB:33 - DATABASE SERVER IS DEAD AND CONNECTION LOST DURING TRANSCATION... connection to server at "aws-1-ap-southeast-1.pooler.supabase.com" (13.213.241.248), port 6543 failed: FATAL:  password authentication failed for user "postgres"
connection to server at "aws-1-ap-southeast-1.pooler.supabase.com" (13.213.241.248), port 6543 failed: FATAL:  password authentication failed for user "postgres"

2026-03-25 14:45:50.420 | CRITICAL | database:GET_DB:33 - DATABASE SERVER IS DEAD AND CONNECTION LOST DURING TRANSCATION... connection to server at "aws-1-ap-southeast-1.pooler.supabase.com" (13.213.241.248), port 6543 failed: FATAL:  password authentication failed for user "postgres"
connection to server at "aws-1-ap-southeast-1.pooler.supabase.com" (13.213.241.248), port 6543 failed: FATAL:  password authentication failed for user "postgres"

2026-03-25 14:45:50.420 | CRITICAL | database:GET_DB:33 - DATABASE SERVER IS DEAD AND CONNECTION LOST DURING TRANSCATION... connection to server at "aws-1-ap-southeast-1.pooler.supabase.com" (13.213.241.248), port 6543 failed: FATAL:  password authentication failed for user "postgres"
connection to server at "aws-1-ap-southeast-1.pooler.supabase.com" (13.213.241.248), port 6543 failed: FATAL:  password authentication failed for user "postgres"

2026-03-25 14:46:20.365 | CRITICAL | database:GET_DB:33 - DATABASE SERVER IS DEAD AND CONNECTION LOST DURING TRANSCATION... connection to server at "aws-1-ap-southeast-1.pooler.supabase.com" (3.1.167.181), port 5432 failed: FATAL:  password authentication failed for user "postgres"
connection to server at "aws-1-ap-southeast-1.pooler.supabase.com" (3.1.167.181), port 5432 failed: FATAL:  password authentication failed for user "postgres"

2026-03-25 14:46:20.365 | CRITICAL | database:GET_DB:33 - DATABASE SERVER IS DEAD AND CONNECTION LOST DURING TRANSCATION... connection to server at "aws-1-ap-southeast-1.pooler.supabase.com" (3.1.167.181), port 5432 failed: FATAL:  password authentication failed for user "postgres"
connection to server at "aws-1-ap-southeast-1.pooler.supabase.com" (3.1.167.181), port 5432 failed: FATAL:  password authentication failed for user "postgres"

2026-03-25 14:46:20.368 | CRITICAL | database:GET_DB:33 - DATABASE SERVER IS DEAD AND CONNECTION LOST DURING TRANSCATION... connection to server at "aws-1-ap-southeast-1.pooler.supabase.com" (3.1.167.181), port 5432 failed: FATAL:  password authentication failed for user "postgres"
connection to server at "aws-1-ap-southeast-1.pooler.supabase.com" (3.1.167.181), port 5432 failed: FATAL:  password authentication failed for user "postgres"

2026-03-25 14:46:20.376 | CRITICAL | database:GET_DB:33 - DATABASE SERVER IS DEAD AND CONNECTION LOST DURING TRANSCATION... connection to server at "aws-1-ap-southeast-1.pooler.supabase.com" (3.1.167.181), port 5432 failed: FATAL:  password authentication failed for user "postgres"
connection to server at "aws-1-ap-southeast-1.pooler.supabase.com" (3.1.167.181), port 5432 failed: FATAL:  password authentication failed for user "postgres"

2026-03-25 14:48:40.690 | CRITICAL | database:GET_DB:33 - DATABASE SERVER IS DEAD AND CONNECTION LOST DURING TRANSCATION... connection to server at "aws-1-ap-southeast-1.pooler.supabase.com" (3.1.167.181), port 5432 failed: FATAL:  password authentication failed for user "postgres"
connection to server at "aws-1-ap-southeast-1.pooler.supabase.com" (3.1.167.181), port 5432 failed: FATAL:  Circuit breaker open: Too many authentication errors

2026-03-25 14:48:40.691 | CRITICAL | database:GET_DB:33 - DATABASE SERVER IS DEAD AND CONNECTION LOST DURING TRANSCATION... connection to server at "aws-1-ap-southeast-1.pooler.supabase.com" (3.1.167.181), port 5432 failed: FATAL:  password authentication failed for user "postgres"
connection to server at "aws-1-ap-southeast-1.pooler.supabase.com" (3.1.167.181), port 5432 failed: FATAL:  Circuit breaker open: Too many authentication errors

2026-03-25 14:48:40.691 | CRITICAL | database:GET_DB:33 - DATABASE SERVER IS DEAD AND CONNECTION LOST DURING TRANSCATION... connection to server at "aws-1-ap-southeast-1.pooler.supabase.com" (3.1.167.181), port 5432 failed: FATAL:  password authentication failed for user "postgres"
connection to server at "aws-1-ap-southeast-1.pooler.supabase.com" (3.1.167.181), port 5432 failed: FATAL:  Circuit breaker open: Too many authentication errors

2026-03-25 14:48:40.691 | CRITICAL | database:GET_DB:33 - DATABASE SERVER IS DEAD AND CONNECTION LOST DURING TRANSCATION... connection to server at "aws-1-ap-southeast-1.pooler.supabase.com" (3.1.167.181), port 5432 failed: FATAL:  password authentication failed for user "postgres"
connection to server at "aws-1-ap-southeast-1.pooler.supabase.com" (3.1.167.181), port 5432 failed: FATAL:  Circuit breaker open: Too many authentication errors

2026-03-25 14:49:59.177 | CRITICAL | database:GET_DB:33 - DATABASE SERVER IS DEAD AND CONNECTION LOST DURING TRANSCATION... connection to server at "aws-1-ap-southeast-1.pooler.supabase.com" (3.1.167.181), port 5432 failed: FATAL:  Circuit breaker open: Too many authentication errors
connection to server at "aws-1-ap-southeast-1.pooler.supabase.com" (3.1.167.181), port 5432 failed: FATAL:  Circuit breaker open: Too many authentication errors

2026-03-25 14:49:59.177 | CRITICAL | database:GET_DB:33 - DATABASE SERVER IS DEAD AND CONNECTION LOST DURING TRANSCATION... connection to server at "aws-1-ap-southeast-1.pooler.supabase.com" (3.1.167.181), port 5432 failed: FATAL:  Circuit breaker open: Too many authentication errors
connection to server at "aws-1-ap-southeast-1.pooler.supabase.com" (3.1.167.181), port 5432 failed: FATAL:  Circuit breaker open: Too many authentication errors

2026-03-25 14:49:59.178 | CRITICAL | database:GET_DB:33 - DATABASE SERVER IS DEAD AND CONNECTION LOST DURING TRANSCATION... connection to server at "aws-1-ap-southeast-1.pooler.supabase.com" (3.1.167.181), port 5432 failed: FATAL:  Circuit breaker open: Too many authentication errors
connection to server at "aws-1-ap-southeast-1.pooler.supabase.com" (3.1.167.181), port 5432 failed: FATAL:  Circuit breaker open: Too many authentication errors

2026-03-25 14:49:59.178 | CRITICAL | database:GET_DB:33 - DATABASE SERVER IS DEAD AND CONNECTION LOST DURING TRANSCATION... connection to server at "aws-1-ap-southeast-1.pooler.supabase.com" (3.1.167.181), port 5432 failed: FATAL:  Circuit breaker open: Too many authentication errors
connection to server at "aws-1-ap-southeast-1.pooler.supabase.com" (3.1.167.181), port 5432 failed: FATAL:  Circuit breaker open: Too many authentication errors

2026-03-25 19:07:39.210 | ERROR    | database:GET_DB:55 - LOGIC ERROR OR BACKEND ERROR => relation "schema_sales.sales" does not exist
LINE 1: SELECT COUNT(*)                   FROM schema_sales.sales  w...
                                               ^
QUERY:  SELECT COUNT(*)                   FROM schema_sales.sales  where sales_status::varchar <> 'deleted' and created_at::date = now()::date
CONTEXT:  PL/pgSQL function schema_sales.display_sales_stats() line 16 at SQL statement

2026-03-25 19:07:39.225 | ERROR    | database:GET_DB:55 - LOGIC ERROR OR BACKEND ERROR => function schema_sales.display_all_sales(unknown) does not exist
LINE 1: select * from schema_sales.display_all_sales('{"start":null,...
                      ^
HINT:  No function matches the given name and argument types. You might need to add explicit type casts.

2026-03-25 19:07:39.252 | ERROR    | database:GET_DB:55 - LOGIC ERROR OR BACKEND ERROR => relation "schema_sales.sales" does not exist
LINE 1: ...           from schema_customers.customers c join schema_sal...
                                                             ^
QUERY:  select c.name , sum(s.price) , count(*) , c.cust_id                                                    from schema_customers.customers c join schema_sales.sales s on c.cust_id = s.cust_id  where (TO_CHAR(s.created_at, 'YY-MM') = TO_CHAR(CURRENT_DATE, 'YY-MM')) and s.sales_status::varchar <> 'deleted' and c.is_active = true  group by c.cust_id order by sum(s.price) desc limit 1
CONTEXT:  PL/pgSQL function schema_customers.display_customer_stats() line 18 at SQL statement

2026-03-25 19:07:49.621 | ERROR    | database:GET_DB:55 - LOGIC ERROR OR BACKEND ERROR => relation "schema_users.users" does not exist
LINE 1: ...user_name FROM schema_customers.customers c join  schema_use...
                                                             ^
QUERY:  SELECT c.cust_id,c.name,c.cell_phone,c.address,c.unit_price,c.advance_money,c.is_active,c.active_status_changed_at,c.modified_at,u.user_name FROM schema_customers.customers c join  schema_users.users u  
	on c.modified_by = u.user_id
	where cust_id = ID
CONTEXT:  PL/pgSQL function schema_customers.display_customer(integer) line 8 at RETURN QUERY

2026-03-25 19:07:51.749 | ERROR    | database:GET_DB:55 - LOGIC ERROR OR BACKEND ERROR => relation "schema_users.users" does not exist
LINE 1: ...user_name FROM schema_customers.customers c join  schema_use...
                                                             ^
QUERY:  SELECT c.cust_id,c.name,c.cell_phone,c.address,c.unit_price,c.advance_money,c.is_active,c.active_status_changed_at,c.modified_at,u.user_name FROM schema_customers.customers c join  schema_users.users u  
	on c.modified_by = u.user_id
	where cust_id = ID
CONTEXT:  PL/pgSQL function schema_customers.display_customer(integer) line 8 at RETURN QUERY

2026-03-25 20:09:53.790 | CRITICAL | database:GET_DB:33 - DATABASE SERVER IS DEAD AND CONNECTION LOST DURING TRANSCATION... could not translate host name "aws-1-ap-southeast-1.pooler.supabase.com" to address: Name or service not known

2026-03-25 20:09:53.790 | CRITICAL | database:GET_DB:33 - DATABASE SERVER IS DEAD AND CONNECTION LOST DURING TRANSCATION... could not translate host name "aws-1-ap-southeast-1.pooler.supabase.com" to address: Name or service not known

2026-03-25 20:09:53.791 | CRITICAL | database:GET_DB:33 - DATABASE SERVER IS DEAD AND CONNECTION LOST DURING TRANSCATION... could not translate host name "aws-1-ap-southeast-1.pooler.supabase.com" to address: Name or service not known

2026-03-25 20:09:53.791 | CRITICAL | database:GET_DB:33 - DATABASE SERVER IS DEAD AND CONNECTION LOST DURING TRANSCATION... could not translate host name "aws-1-ap-southeast-1.pooler.supabase.com" to address: Name or service not known

2026-03-25 20:10:00.908 | CRITICAL | database:GET_DB:33 - DATABASE SERVER IS DEAD AND CONNECTION LOST DURING TRANSCATION... could not translate host name "aws-1-ap-southeast-1.pooler.supabase.com" to address: Name or service not known

2026-03-25 20:10:01.337 | CRITICAL | database:GET_DB:33 - DATABASE SERVER IS DEAD AND CONNECTION LOST DURING TRANSCATION... could not translate host name "aws-1-ap-southeast-1.pooler.supabase.com" to address: Name or service not known

2026-03-25 20:10:02.298 | CRITICAL | database:GET_DB:33 - DATABASE SERVER IS DEAD AND CONNECTION LOST DURING TRANSCATION... could not translate host name "aws-1-ap-southeast-1.pooler.supabase.com" to address: Name or service not known

2026-03-25 20:10:03.437 | CRITICAL | database:GET_DB:33 - DATABASE SERVER IS DEAD AND CONNECTION LOST DURING TRANSCATION... could not translate host name "aws-1-ap-southeast-1.pooler.supabase.com" to address: Name or service not known

2026-03-25 20:10:04.771 | CRITICAL | database:GET_DB:33 - DATABASE SERVER IS DEAD AND CONNECTION LOST DURING TRANSCATION... could not translate host name "aws-1-ap-southeast-1.pooler.supabase.com" to address: Name or service not known

2026-03-25 20:10:07.949 | CRITICAL | database:GET_DB:33 - DATABASE SERVER IS DEAD AND CONNECTION LOST DURING TRANSCATION... could not translate host name "aws-1-ap-southeast-1.pooler.supabase.com" to address: Name or service not known

2026-03-25 20:10:07.960 | CRITICAL | database:GET_DB:33 - DATABASE SERVER IS DEAD AND CONNECTION LOST DURING TRANSCATION... could not translate host name "aws-1-ap-southeast-1.pooler.supabase.com" to address: Name or service not known

2026-03-25 20:10:07.979 | CRITICAL | database:GET_DB:33 - DATABASE SERVER IS DEAD AND CONNECTION LOST DURING TRANSCATION... could not translate host name "aws-1-ap-southeast-1.pooler.supabase.com" to address: Name or service not known

2026-03-25 20:10:07.993 | CRITICAL | database:GET_DB:33 - DATABASE SERVER IS DEAD AND CONNECTION LOST DURING TRANSCATION... could not translate host name "aws-1-ap-southeast-1.pooler.supabase.com" to address: Name or service not known

2026-03-25 20:10:53.238 | CRITICAL | database:GET_DB:33 - DATABASE SERVER IS DEAD AND CONNECTION LOST DURING TRANSCATION... could not translate host name "aws-1-ap-southeast-1.pooler.supabase.com" to address: Name or service not known

2026-03-25 20:10:54.451 | CRITICAL | database:GET_DB:33 - DATABASE SERVER IS DEAD AND CONNECTION LOST DURING TRANSCATION... could not translate host name "aws-1-ap-southeast-1.pooler.supabase.com" to address: Name or service not known

2026-03-25 20:11:02.358 | CRITICAL | database:GET_DB:33 - DATABASE SERVER IS DEAD AND CONNECTION LOST DURING TRANSCATION... could not translate host name "aws-1-ap-southeast-1.pooler.supabase.com" to address: Name or service not known

2026-03-25 20:11:16.299 | CRITICAL | database:GET_DB:33 - DATABASE SERVER IS DEAD AND CONNECTION LOST DURING TRANSCATION... connection to server at "aws-1-ap-southeast-1.pooler.supabase.com" (13.213.241.248), port 5432 failed: Connection timed out (0x0000274C/10060)
	Is the server running on that host and accepting TCP/IP connections?
connection to server at "aws-1-ap-southeast-1.pooler.supabase.com" (3.1.167.181), port 5432 failed: Connection timed out (0x0000274C/10060)
	Is the server running on that host and accepting TCP/IP connections?

2026-03-25 20:11:21.385 | CRITICAL | database:GET_DB:33 - DATABASE SERVER IS DEAD AND CONNECTION LOST DURING TRANSCATION... could not translate host name "aws-1-ap-southeast-1.pooler.supabase.com" to address: Name or service not known

2026-03-25 20:11:21.385 | CRITICAL | database:GET_DB:33 - DATABASE SERVER IS DEAD AND CONNECTION LOST DURING TRANSCATION... could not translate host name "aws-1-ap-southeast-1.pooler.supabase.com" to address: Name or service not known

2026-03-25 20:11:21.385 | CRITICAL | database:GET_DB:33 - DATABASE SERVER IS DEAD AND CONNECTION LOST DURING TRANSCATION... could not translate host name "aws-1-ap-southeast-1.pooler.supabase.com" to address: Name or service not known

2026-03-25 20:11:21.385 | CRITICAL | database:GET_DB:33 - DATABASE SERVER IS DEAD AND CONNECTION LOST DURING TRANSCATION... could not translate host name "aws-1-ap-southeast-1.pooler.supabase.com" to address: Name or service not known

2026-03-25 20:11:26.153 | CRITICAL | database:GET_DB:33 - DATABASE SERVER IS DEAD AND CONNECTION LOST DURING TRANSCATION... connection to server at "aws-1-ap-southeast-1.pooler.supabase.com" (13.213.241.248), port 5432 failed: Connection timed out (0x0000274C/10060)
	Is the server running on that host and accepting TCP/IP connections?
connection to server at "aws-1-ap-southeast-1.pooler.supabase.com" (3.1.167.181), port 5432 failed: Connection timed out (0x0000274C/10060)
	Is the server running on that host and accepting TCP/IP connections?

2026-03-25 20:11:26.772 | CRITICAL | database:GET_DB:33 - DATABASE SERVER IS DEAD AND CONNECTION LOST DURING TRANSCATION... connection to server at "aws-1-ap-southeast-1.pooler.supabase.com" (13.213.241.248), port 5432 failed: server closed the connection unexpectedly
	This probably means the server terminated abnormally
	before or while processing the request.
SSL SYSCALL error: Connection reset by peer (0x00002746/10054)
connection to server at "aws-1-ap-southeast-1.pooler.supabase.com" (13.213.241.248), port 5432 failed: Connection timed out (0x0000274C/10060)
	Is the server running on that host and accepting TCP/IP connections?
connection to server at "aws-1-ap-southeast-1.pooler.supabase.com" (3.1.167.181), port 5432 failed: Connection timed out (0x0000274C/10060)
	Is the server running on that host and accepting TCP/IP connections?

2026-03-25 20:11:30.615 | CRITICAL | database:GET_DB:33 - DATABASE SERVER IS DEAD AND CONNECTION LOST DURING TRANSCATION... connection to server at "aws-1-ap-southeast-1.pooler.supabase.com" (13.213.241.248), port 5432 failed: Connection timed out (0x0000274C/10060)
	Is the server running on that host and accepting TCP/IP connections?
connection to server at "aws-1-ap-southeast-1.pooler.supabase.com" (3.1.167.181), port 5432 failed: Connection timed out (0x0000274C/10060)
	Is the server running on that host and accepting TCP/IP connections?

2026-03-25 20:11:56.560 | CRITICAL | database:GET_DB:33 - DATABASE SERVER IS DEAD AND CONNECTION LOST DURING TRANSCATION... could not translate host name "aws-1-ap-southeast-1.pooler.supabase.com" to address: Name or service not known

2026-03-25 20:11:56.560 | CRITICAL | database:GET_DB:33 - DATABASE SERVER IS DEAD AND CONNECTION LOST DURING TRANSCATION... could not translate host name "aws-1-ap-southeast-1.pooler.supabase.com" to address: Name or service not known

2026-03-25 20:11:56.560 | CRITICAL | database:GET_DB:33 - DATABASE SERVER IS DEAD AND CONNECTION LOST DURING TRANSCATION... could not translate host name "aws-1-ap-southeast-1.pooler.supabase.com" to address: Name or service not known

2026-03-25 20:11:56.560 | CRITICAL | database:GET_DB:33 - DATABASE SERVER IS DEAD AND CONNECTION LOST DURING TRANSCATION... could not translate host name "aws-1-ap-southeast-1.pooler.supabase.com" to address: Name or service not known

2026-03-25 20:21:37.819 | ERROR    | database:GET_DB:44 - API REQUEST DATA VALIDATION IS VIOLATED => 1 validation error:
  {'type': 'int_parsing', 'loc': ('path', 'id'), 'msg': 'Input should be a valid integer, unable to parse string as an integer', 'input': 'flush'}

  File "C:\Users\Mr-Computer\Desktop\APP\backend\sales_module\sales.py", line 144, in get_sales
    GET /sales/{id}
2026-03-25 20:21:58.131 | ERROR    | database:GET_DB:44 - API REQUEST DATA VALIDATION IS VIOLATED => 1 validation error:
  {'type': 'int_parsing', 'loc': ('path', 'id'), 'msg': 'Input should be a valid integer, unable to parse string as an integer', 'input': 'flushCust'}

  File "C:\Users\Mr-Computer\Desktop\APP\backend\sales_module\sales.py", line 144, in get_sales
    GET /sales/{id}
2026-03-26 08:56:36.397 | ERROR    | database:GET_DB:64 - LOGIC ERROR OR BACKEND ERROR => insert or update on table "customers" violates foreign key constraint "fk_users"
DETAIL:  Key (modified_by)=(1) is not present in table "users".
CONTEXT:  SQL statement "INSERT INTO schema_customers.customers (
        name, 
        cell_phone, 
        address, 
        unit_price, 
        is_active, 
        advance_money,
		modified_by,
		regular_bottles
		
    ) 
    VALUES (
        p_name, 
        p_cell_phone, 
        p_address, 
        p_unit_price, 
        p_is_active, 
        p_advance_money,
		p_modified_by,
		p_regular_bottles
    )"
PL/pgSQL function schema_customers.add_customer(jsonb) line 54 at SQL statement

2026-03-26 08:58:38.941 | ERROR    | database:GET_DB:64 - LOGIC ERROR OR BACKEND ERROR => structure of query does not match function result type
DETAIL:  Number of returned columns (11) does not match expected column count (10).
CONTEXT:  SQL statement "SELECT c.cust_id,c.name,c.cell_phone,c.address,c.unit_price,c.advance_money,c.is_active,c.active_status_changed_at,c.modified_at,u.user_name , c.regular_bottles FROM schema_customers.customers c join  schema_users.users u  
	on c.modified_by = u.user_id
	where cust_id = ID"
PL/pgSQL function schema_customers.display_customer(integer) line 11 at RETURN QUERY

2026-03-26 09:01:01.010 | ERROR    | database:GET_DB:64 - LOGIC ERROR OR BACKEND ERROR => type "sales_category" does not exist
LINE 2: ...VALUES (v_consumer_name, v_cust_id, v_sales_type::sales_cate...
                                                             ^
QUERY:  INSERT INTO schema_sales.sales (consumer_name, cust_id, sales_type, litres, bottles, price, sales_status, modified_by, created_at)
            VALUES (v_consumer_name, v_cust_id, v_sales_type::sales_category, v_litres, v_bottles, v_price, v_sales_status::sales_status, 
                    v_user_id::int, v_reporting_time)
CONTEXT:  PL/pgSQL function schema_sales.add_sales(jsonb) line 114 at SQL statement

2026-03-26 09:04:33.016 | ERROR    | database:GET_DB:64 - LOGIC ERROR OR BACKEND ERROR => type "sales_status" does not exist
LINE 3: sales_status = v_sales_status::sales_status,
                                       ^
QUERY:  update schema_sales.sales 
set 
sales_status = v_sales_status::sales_status,
modified_by = v_user_id,
modified_at = now()

where sales_id = v_sales_id
CONTEXT:  PL/pgSQL function schema_sales.update_sales_status(jsonb) line 28 at SQL statement

2026-03-26 13:46:13.672 | ERROR    | database:GET_DB:53 - API REQUEST DATA VALIDATION IS VIOLATED => 1 validation error:
  {'type': 'int_parsing', 'loc': ('path', 'id'), 'msg': 'Input should be a valid integer, unable to parse string as an integer', 'input': 'regular'}

  File "C:\Users\Mr-Computer\Desktop\APP\backend\customer_module\customer.py", line 134, in display_customer
    GET /customer/{id}
2026-03-26 13:49:11.223 | ERROR    | database:GET_DB:53 - API REQUEST DATA VALIDATION IS VIOLATED => 1 validation error:
  {'type': 'int_parsing', 'loc': ('path', 'id'), 'msg': 'Input should be a valid integer, unable to parse string as an integer', 'input': 'regular'}

  File "C:\Users\Mr-Computer\Desktop\APP\backend\customer_module\customer.py", line 134, in display_customer
    GET /customer/{id}
2026-03-26 13:49:14.884 | ERROR    | database:GET_DB:53 - API REQUEST DATA VALIDATION IS VIOLATED => 1 validation error:
  {'type': 'int_parsing', 'loc': ('path', 'id'), 'msg': 'Input should be a valid integer, unable to parse string as an integer', 'input': 'regular'}

  File "C:\Users\Mr-Computer\Desktop\APP\backend\customer_module\customer.py", line 134, in display_customer
    GET /customer/{id}
2026-03-26 13:50:06.897 | ERROR    | database:GET_DB:53 - API REQUEST DATA VALIDATION IS VIOLATED => 1 validation error:
  {'type': 'int_parsing', 'loc': ('path', 'id'), 'msg': 'Input should be a valid integer, unable to parse string as an integer', 'input': 'regular'}

  File "C:\Users\Mr-Computer\Desktop\APP\backend\customer_module\customer.py", line 134, in display_customer
    GET /customer/{id}
2026-03-26 13:50:19.782 | ERROR    | database:GET_DB:53 - API REQUEST DATA VALIDATION IS VIOLATED => 1 validation error:
  {'type': 'int_parsing', 'loc': ('path', 'id'), 'msg': 'Input should be a valid integer, unable to parse string as an integer', 'input': 'regular'}

  File "C:\Users\Mr-Computer\Desktop\APP\backend\customer_module\customer.py", line 134, in display_customer
    GET /customer/{id}
2026-03-26 13:50:22.571 | ERROR    | database:GET_DB:53 - API REQUEST DATA VALIDATION IS VIOLATED => 1 validation error:
  {'type': 'int_parsing', 'loc': ('path', 'id'), 'msg': 'Input should be a valid integer, unable to parse string as an integer', 'input': 'regular'}

  File "C:\Users\Mr-Computer\Desktop\APP\backend\customer_module\customer.py", line 134, in display_customer
    GET /customer/{id}
2026-03-26 19:43:36.299 | ERROR    | database:GET_DB:53 - API REQUEST DATA VALIDATION IS VIOLATED => 1 validation error:
  {'type': 'int_parsing', 'loc': ('path', 'id'), 'msg': 'Input should be a valid integer, unable to parse string as an integer', 'input': 'dispatch-customer'}

  File "C:\Users\Mr-Computer\Desktop\APP\backend\sales_module\sales.py", line 162, in get_sales
    GET /sales/{id}
2026-03-26 19:44:16.657 | ERROR    | database:GET_DB:53 - API REQUEST DATA VALIDATION IS VIOLATED => 1 validation error:
  {'type': 'int_parsing', 'loc': ('path', 'id'), 'msg': 'Input should be a valid integer, unable to parse string as an integer', 'input': 'dispatch-customer'}

  File "C:\Users\Mr-Computer\Desktop\APP\backend\sales_module\sales.py", line 162, in get_sales
    GET /sales/{id}
2026-03-26 19:44:22.928 | ERROR    | database:GET_DB:53 - API REQUEST DATA VALIDATION IS VIOLATED => 1 validation error:
  {'type': 'int_parsing', 'loc': ('path', 'id'), 'msg': 'Input should be a valid integer, unable to parse string as an integer', 'input': 'dispatch-customer'}

  File "C:\Users\Mr-Computer\Desktop\APP\backend\sales_module\sales.py", line 162, in get_sales
    GET /sales/{id}
2026-03-26 20:12:26.897 | ERROR    | database:GET_DB:53 - API REQUEST DATA VALIDATION IS VIOLATED => 1 validation error:
  {'type': 'int_parsing', 'loc': ('path', 'id'), 'msg': 'Input should be a valid integer, unable to parse string as an integer', 'input': 'dispatch_customers'}

  File "C:\Users\Mr-Computer\Desktop\APP\backend\sales_module\sales.py", line 162, in get_sales
    GET /sales/{id}
2026-03-26 20:14:06.020 | ERROR    | database:GET_DB:53 - API REQUEST DATA VALIDATION IS VIOLATED => 1 validation error:
  {'type': 'int_parsing', 'loc': ('path', 'id'), 'msg': 'Input should be a valid integer, unable to parse string as an integer', 'input': 'dispatch_customers'}

  File "C:\Users\Mr-Computer\Desktop\APP\backend\sales_module\sales.py", line 162, in get_sales
    GET /sales/{id}
2026-03-26 20:15:03.015 | ERROR    | database:GET_DB:53 - API REQUEST DATA VALIDATION IS VIOLATED => 1 validation error:
  {'type': 'int_parsing', 'loc': ('path', 'id'), 'msg': 'Input should be a valid integer, unable to parse string as an integer', 'input': 'dispatch_customers'}

  File "C:\Users\Mr-Computer\Desktop\APP\backend\sales_module\sales.py", line 162, in get_sales
    GET /sales/{id}
2026-03-26 20:15:04.467 | ERROR    | database:GET_DB:53 - API REQUEST DATA VALIDATION IS VIOLATED => 1 validation error:
  {'type': 'int_parsing', 'loc': ('path', 'id'), 'msg': 'Input should be a valid integer, unable to parse string as an integer', 'input': 'dispatch_customers'}

  File "C:\Users\Mr-Computer\Desktop\APP\backend\sales_module\sales.py", line 162, in get_sales
    GET /sales/{id}
2026-03-27 01:24:12.718 | ERROR    | database:GET_DB:64 - LOGIC ERROR OR BACKEND ERROR => function schema_customers.dispatch_customers(unknown) does not exist
LINE 1: select * from schema_customers.dispatch_customers('{"consume...
                      ^
HINT:  No function matches the given name and argument types. You might need to add explicit type casts.

2026-03-27 01:26:07.351 | ERROR    | database:GET_DB:64 - LOGIC ERROR OR BACKEND ERROR => schema_sales.add_sales(unknown) is a procedure
LINE 1: select * from schema_sales.add_sales('{"consumer_name":null,...
                      ^
HINT:  To call a procedure, use CALL.

2026-03-27 01:26:22.584 | ERROR    | database:GET_DB:64 - LOGIC ERROR OR BACKEND ERROR => schema_sales.add_sales(unknown) is a procedure
LINE 1: select * from schema_sales.add_sales('{"consumer_name":null,...
                      ^
HINT:  To call a procedure, use CALL.

2026-03-27 02:46:36.045 | ERROR    | database:GET_DB:64 - LOGIC ERROR OR BACKEND ERROR => type "sales_category" does not exist
LINE 2: ...VALUES (v_consumer_name, v_cust_id, v_sales_type::sales_cate...
                                                             ^
QUERY:  INSERT INTO schema_sales.sales (consumer_name, cust_id, sales_type, litres, bottles, price, sales_status, modified_by, created_at)
        VALUES (v_consumer_name, v_cust_id, v_sales_type::sales_category, v_litres, v_bottles, v_price, v_sales_status::sales_status, 
                v_user_id, v_reporting_time)
CONTEXT:  PL/pgSQL function schema_sales.add_sales(jsonb) line 123 at SQL statement

2026-03-27 02:48:04.230 | ERROR    | database:GET_DB:64 - LOGIC ERROR OR BACKEND ERROR => type "sales_category" does not exist
LINE 2: ...VALUES (v_consumer_name, v_cust_id, v_sales_type::sales_cate...
                                                             ^
QUERY:  INSERT INTO schema_sales.sales (consumer_name, cust_id, sales_type, litres, bottles, price, sales_status, modified_by, created_at)
        VALUES (v_consumer_name, v_cust_id, v_sales_type::sales_category, v_litres, v_bottles, v_price, v_sales_status::schema_sales.sales_status, 
                v_user_id, v_reporting_time)
CONTEXT:  PL/pgSQL function schema_sales.add_sales(jsonb) line 123 at SQL statement

2026-03-27 02:48:26.367 | ERROR    | database:GET_DB:64 - LOGIC ERROR OR BACKEND ERROR => type "sales_category" does not exist
LINE 2: ...VALUES (v_consumer_name, v_cust_id, v_sales_type::sales_cate...
                                                             ^
QUERY:  INSERT INTO schema_sales.sales (consumer_name, cust_id, sales_type, litres, bottles, price, sales_status, modified_by, created_at)
        VALUES (v_consumer_name, v_cust_id, v_sales_type::sales_category, v_litres, v_bottles, v_price, v_sales_status::schema_sales.sales_status, 
                v_user_id, v_reporting_time)
CONTEXT:  PL/pgSQL function schema_sales.add_sales(jsonb) line 123 at SQL statement

2026-03-27 07:56:29.307 | ERROR    | database:GET_DB:53 - API REQUEST DATA VALIDATION IS VIOLATED => 1 validation error:
  {'type': 'int_parsing', 'loc': ('path', 'id'), 'msg': 'Input should be a valid integer, unable to parse string as an integer', 'input': 'dispatch_today'}

  File "C:\Users\Mr-Computer\Desktop\APP\backend\sales_module\sales.py", line 224, in get_sales
    GET /sales/{id}
2026-03-27 07:56:50.353 | ERROR    | database:GET_DB:53 - API REQUEST DATA VALIDATION IS VIOLATED => 1 validation error:
  {'type': 'int_parsing', 'loc': ('path', 'id'), 'msg': 'Input should be a valid integer, unable to parse string as an integer', 'input': 'dispatch_today'}

  File "C:\Users\Mr-Computer\Desktop\APP\backend\sales_module\sales.py", line 224, in get_sales
    GET /sales/{id}
2026-03-27 07:56:51.346 | ERROR    | database:GET_DB:53 - API REQUEST DATA VALIDATION IS VIOLATED => 1 validation error:
  {'type': 'int_parsing', 'loc': ('path', 'id'), 'msg': 'Input should be a valid integer, unable to parse string as an integer', 'input': 'dispatch_today'}

  File "C:\Users\Mr-Computer\Desktop\APP\backend\sales_module\sales.py", line 224, in get_sales
    GET /sales/{id}
2026-03-27 07:57:13.001 | ERROR    | database:GET_DB:53 - API REQUEST DATA VALIDATION IS VIOLATED => 1 validation error:
  {'type': 'int_parsing', 'loc': ('path', 'id'), 'msg': 'Input should be a valid integer, unable to parse string as an integer', 'input': 'dispatch_today'}

  File "C:\Users\Mr-Computer\Desktop\APP\backend\sales_module\sales.py", line 224, in get_sales
    GET /sales/{id}
2026-03-27 07:57:15.272 | ERROR    | database:GET_DB:53 - API REQUEST DATA VALIDATION IS VIOLATED => 1 validation error:
  {'type': 'int_parsing', 'loc': ('path', 'id'), 'msg': 'Input should be a valid integer, unable to parse string as an integer', 'input': 'dispatch_today'}

  File "C:\Users\Mr-Computer\Desktop\APP\backend\sales_module\sales.py", line 224, in get_sales
    GET /sales/{id}
2026-03-27 07:59:25.966 | ERROR    | database:GET_DB:53 - API REQUEST DATA VALIDATION IS VIOLATED => 1 validation error:
  {'type': 'int_parsing', 'loc': ('path', 'id'), 'msg': 'Input should be a valid integer, unable to parse string as an integer', 'input': 'dispatch_today'}

  File "C:\Users\Mr-Computer\Desktop\APP\backend\sales_module\sales.py", line 224, in get_sales
    GET /sales/{id}
2026-03-27 07:59:26.913 | ERROR    | database:GET_DB:53 - API REQUEST DATA VALIDATION IS VIOLATED => 1 validation error:
  {'type': 'int_parsing', 'loc': ('path', 'id'), 'msg': 'Input should be a valid integer, unable to parse string as an integer', 'input': 'dispatch_today'}

  File "C:\Users\Mr-Computer\Desktop\APP\backend\sales_module\sales.py", line 224, in get_sales
    GET /sales/{id}
2026-03-27 07:59:28.011 | ERROR    | database:GET_DB:53 - API REQUEST DATA VALIDATION IS VIOLATED => 1 validation error:
  {'type': 'int_parsing', 'loc': ('path', 'id'), 'msg': 'Input should be a valid integer, unable to parse string as an integer', 'input': 'dispatch_today'}

  File "C:\Users\Mr-Computer\Desktop\APP\backend\sales_module\sales.py", line 224, in get_sales
    GET /sales/{id}
2026-03-27 08:13:46.625 | ERROR    | database:GET_DB:53 - API REQUEST DATA VALIDATION IS VIOLATED => 1 validation error:
  {'type': 'int_parsing', 'loc': ('path', 'id'), 'msg': 'Input should be a valid integer, unable to parse string as an integer', 'input': 'dispatch_today'}

  File "C:\Users\Mr-Computer\Desktop\APP\backend\sales_module\sales.py", line 224, in get_sales
    GET /sales/{id}
2026-03-27 08:25:42.487 | ERROR    | database:GET_DB:53 - API REQUEST DATA VALIDATION IS VIOLATED => 1 validation error:
  {'type': 'int_parsing', 'loc': ('path', 'id'), 'msg': 'Input should be a valid integer, unable to parse string as an integer', 'input': 'dispatch_today'}

  File "C:\Users\Mr-Computer\Desktop\APP\backend\sales_module\sales.py", line 224, in get_sales
    GET /sales/{id}
2026-03-27 08:25:43.226 | ERROR    | database:GET_DB:53 - API REQUEST DATA VALIDATION IS VIOLATED => 1 validation error:
  {'type': 'int_parsing', 'loc': ('path', 'id'), 'msg': 'Input should be a valid integer, unable to parse string as an integer', 'input': 'dispatch_today'}

  File "C:\Users\Mr-Computer\Desktop\APP\backend\sales_module\sales.py", line 224, in get_sales
    GET /sales/{id}
2026-03-27 08:26:18.700 | ERROR    | database:GET_DB:53 - API REQUEST DATA VALIDATION IS VIOLATED => 1 validation error:
  {'type': 'int_parsing', 'loc': ('path', 'id'), 'msg': 'Input should be a valid integer, unable to parse string as an integer', 'input': 'dispatch_today'}

  File "C:\Users\Mr-Computer\Desktop\APP\backend\sales_module\sales.py", line 224, in get_sales
    GET /sales/{id}
2026-03-27 08:26:19.219 | ERROR    | database:GET_DB:53 - API REQUEST DATA VALIDATION IS VIOLATED => 1 validation error:
  {'type': 'int_parsing', 'loc': ('path', 'id'), 'msg': 'Input should be a valid integer, unable to parse string as an integer', 'input': 'dispatch_today'}

  File "C:\Users\Mr-Computer\Desktop\APP\backend\sales_module\sales.py", line 224, in get_sales
    GET /sales/{id}
2026-03-27 08:26:19.588 | ERROR    | database:GET_DB:53 - API REQUEST DATA VALIDATION IS VIOLATED => 1 validation error:
  {'type': 'int_parsing', 'loc': ('path', 'id'), 'msg': 'Input should be a valid integer, unable to parse string as an integer', 'input': 'dispatch_today'}

  File "C:\Users\Mr-Computer\Desktop\APP\backend\sales_module\sales.py", line 224, in get_sales
    GET /sales/{id}
2026-03-27 08:26:22.625 | ERROR    | database:GET_DB:53 - API REQUEST DATA VALIDATION IS VIOLATED => 1 validation error:
  {'type': 'int_parsing', 'loc': ('path', 'id'), 'msg': 'Input should be a valid integer, unable to parse string as an integer', 'input': 'dispatch_today'}

  File "C:\Users\Mr-Computer\Desktop\APP\backend\sales_module\sales.py", line 224, in get_sales
    GET /sales/{id}
2026-03-27 08:26:23.162 | ERROR    | database:GET_DB:53 - API REQUEST DATA VALIDATION IS VIOLATED => 1 validation error:
  {'type': 'int_parsing', 'loc': ('path', 'id'), 'msg': 'Input should be a valid integer, unable to parse string as an integer', 'input': 'dispatch_today'}

  File "C:\Users\Mr-Computer\Desktop\APP\backend\sales_module\sales.py", line 224, in get_sales
    GET /sales/{id}
2026-03-27 08:27:35.658 | ERROR    | database:GET_DB:53 - API REQUEST DATA VALIDATION IS VIOLATED => 1 validation error:
  {'type': 'int_parsing', 'loc': ('path', 'id'), 'msg': 'Input should be a valid integer, unable to parse string as an integer', 'input': 'dispatch_today'}

  File "C:\Users\Mr-Computer\Desktop\APP\backend\sales_module\sales.py", line 224, in get_sales
    GET /sales/{id}
2026-03-27 08:27:36.418 | ERROR    | database:GET_DB:53 - API REQUEST DATA VALIDATION IS VIOLATED => 1 validation error:
  {'type': 'int_parsing', 'loc': ('path', 'id'), 'msg': 'Input should be a valid integer, unable to parse string as an integer', 'input': 'dispatch_today'}

  File "C:\Users\Mr-Computer\Desktop\APP\backend\sales_module\sales.py", line 224, in get_sales
    GET /sales/{id}
2026-03-27 08:29:03.272 | ERROR    | database:GET_DB:53 - API REQUEST DATA VALIDATION IS VIOLATED => 1 validation error:
  {'type': 'int_parsing', 'loc': ('path', 'id'), 'msg': 'Input should be a valid integer, unable to parse string as an integer', 'input': 'dispatch_today'}

  File "C:\Users\Mr-Computer\Desktop\APP\backend\sales_module\sales.py", line 224, in get_sales
    GET /sales/{id}
2026-03-27 08:29:14.311 | ERROR    | database:GET_DB:53 - API REQUEST DATA VALIDATION IS VIOLATED => 1 validation error:
  {'type': 'int_parsing', 'loc': ('path', 'id'), 'msg': 'Input should be a valid integer, unable to parse string as an integer', 'input': 'dispatch_today'}

  File "C:\Users\Mr-Computer\Desktop\APP\backend\sales_module\sales.py", line 224, in get_sales
    GET /sales/{id}
2026-03-27 08:29:15.984 | ERROR    | database:GET_DB:53 - API REQUEST DATA VALIDATION IS VIOLATED => 1 validation error:
  {'type': 'int_parsing', 'loc': ('path', 'id'), 'msg': 'Input should be a valid integer, unable to parse string as an integer', 'input': 'dispatch_today'}

  File "C:\Users\Mr-Computer\Desktop\APP\backend\sales_module\sales.py", line 224, in get_sales
    GET /sales/{id}
2026-03-27 08:29:20.355 | ERROR    | database:GET_DB:53 - API REQUEST DATA VALIDATION IS VIOLATED => 1 validation error:
  {'type': 'int_parsing', 'loc': ('path', 'id'), 'msg': 'Input should be a valid integer, unable to parse string as an integer', 'input': 'dispatch_today'}

  File "C:\Users\Mr-Computer\Desktop\APP\backend\sales_module\sales.py", line 224, in get_sales
    GET /sales/{id}
2026-03-27 08:29:21.785 | ERROR    | database:GET_DB:53 - API REQUEST DATA VALIDATION IS VIOLATED => 1 validation error:
  {'type': 'int_parsing', 'loc': ('path', 'id'), 'msg': 'Input should be a valid integer, unable to parse string as an integer', 'input': 'dispatch_today'}

  File "C:\Users\Mr-Computer\Desktop\APP\backend\sales_module\sales.py", line 224, in get_sales
    GET /sales/{id}
2026-03-27 08:29:23.076 | ERROR    | database:GET_DB:53 - API REQUEST DATA VALIDATION IS VIOLATED => 1 validation error:
  {'type': 'int_parsing', 'loc': ('path', 'id'), 'msg': 'Input should be a valid integer, unable to parse string as an integer', 'input': 'dispatch_today'}

  File "C:\Users\Mr-Computer\Desktop\APP\backend\sales_module\sales.py", line 224, in get_sales
    GET /sales/{id}
2026-03-27 08:29:24.627 | ERROR    | database:GET_DB:53 - API REQUEST DATA VALIDATION IS VIOLATED => 1 validation error:
  {'type': 'int_parsing', 'loc': ('path', 'id'), 'msg': 'Input should be a valid integer, unable to parse string as an integer', 'input': 'dispatch_today'}

  File "C:\Users\Mr-Computer\Desktop\APP\backend\sales_module\sales.py", line 224, in get_sales
    GET /sales/{id}
2026-03-27 08:29:27.496 | ERROR    | database:GET_DB:53 - API REQUEST DATA VALIDATION IS VIOLATED => 1 validation error:
  {'type': 'int_parsing', 'loc': ('path', 'id'), 'msg': 'Input should be a valid integer, unable to parse string as an integer', 'input': 'dispatch_today'}

  File "C:\Users\Mr-Computer\Desktop\APP\backend\sales_module\sales.py", line 224, in get_sales
    GET /sales/{id}
2026-03-27 08:29:31.050 | ERROR    | database:GET_DB:53 - API REQUEST DATA VALIDATION IS VIOLATED => 1 validation error:
  {'type': 'int_parsing', 'loc': ('path', 'id'), 'msg': 'Input should be a valid integer, unable to parse string as an integer', 'input': 'dispatch_today'}

  File "C:\Users\Mr-Computer\Desktop\APP\backend\sales_module\sales.py", line 224, in get_sales
    GET /sales/{id}
2026-03-27 08:29:34.015 | ERROR    | database:GET_DB:53 - API REQUEST DATA VALIDATION IS VIOLATED => 1 validation error:
  {'type': 'int_parsing', 'loc': ('path', 'id'), 'msg': 'Input should be a valid integer, unable to parse string as an integer', 'input': 'dispatch_today'}

  File "C:\Users\Mr-Computer\Desktop\APP\backend\sales_module\sales.py", line 224, in get_sales
    GET /sales/{id}
2026-03-27 08:29:36.348 | ERROR    | database:GET_DB:53 - API REQUEST DATA VALIDATION IS VIOLATED => 1 validation error:
  {'type': 'int_parsing', 'loc': ('path', 'id'), 'msg': 'Input should be a valid integer, unable to parse string as an integer', 'input': 'dispatch_today'}

  File "C:\Users\Mr-Computer\Desktop\APP\backend\sales_module\sales.py", line 224, in get_sales
    GET /sales/{id}
2026-03-27 08:29:37.104 | ERROR    | database:GET_DB:53 - API REQUEST DATA VALIDATION IS VIOLATED => 1 validation error:
  {'type': 'int_parsing', 'loc': ('path', 'id'), 'msg': 'Input should be a valid integer, unable to parse string as an integer', 'input': 'dispatch_today'}

  File "C:\Users\Mr-Computer\Desktop\APP\backend\sales_module\sales.py", line 224, in get_sales
    GET /sales/{id}
2026-03-27 08:34:42.269 | ERROR    | database:GET_DB:53 - API REQUEST DATA VALIDATION IS VIOLATED => 1 validation error:
  {'type': 'int_parsing', 'loc': ('path', 'id'), 'msg': 'Input should be a valid integer, unable to parse string as an integer', 'input': 'dispatch_today'}

  File "C:\Users\Mr-Computer\Desktop\APP\backend\sales_module\sales.py", line 224, in get_sales
    GET /sales/{id}
2026-03-27 08:39:02.698 | ERROR    | database:GET_DB:53 - API REQUEST DATA VALIDATION IS VIOLATED => 1 validation error:
  {'type': 'int_parsing', 'loc': ('path', 'id'), 'msg': 'Input should be a valid integer, unable to parse string as an integer', 'input': 'dispatch_today'}

  File "C:\Users\Mr-Computer\Desktop\APP\backend\sales_module\sales.py", line 224, in get_sales
    GET /sales/{id}
2026-03-27 08:39:03.313 | ERROR    | database:GET_DB:53 - API REQUEST DATA VALIDATION IS VIOLATED => 1 validation error:
  {'type': 'int_parsing', 'loc': ('path', 'id'), 'msg': 'Input should be a valid integer, unable to parse string as an integer', 'input': 'dispatch_today'}

  File "C:\Users\Mr-Computer\Desktop\APP\backend\sales_module\sales.py", line 224, in get_sales
    GET /sales/{id}
2026-03-27 08:39:03.735 | ERROR    | database:GET_DB:53 - API REQUEST DATA VALIDATION IS VIOLATED => 1 validation error:
  {'type': 'int_parsing', 'loc': ('path', 'id'), 'msg': 'Input should be a valid integer, unable to parse string as an integer', 'input': 'dispatch_today'}

  File "C:\Users\Mr-Computer\Desktop\APP\backend\sales_module\sales.py", line 224, in get_sales
    GET /sales/{id}
2026-03-27 08:39:04.065 | ERROR    | database:GET_DB:53 - API REQUEST DATA VALIDATION IS VIOLATED => 1 validation error:
  {'type': 'int_parsing', 'loc': ('path', 'id'), 'msg': 'Input should be a valid integer, unable to parse string as an integer', 'input': 'dispatch_today'}

  File "C:\Users\Mr-Computer\Desktop\APP\backend\sales_module\sales.py", line 224, in get_sales
    GET /sales/{id}
2026-03-27 08:39:04.236 | ERROR    | database:GET_DB:53 - API REQUEST DATA VALIDATION IS VIOLATED => 1 validation error:
  {'type': 'int_parsing', 'loc': ('path', 'id'), 'msg': 'Input should be a valid integer, unable to parse string as an integer', 'input': 'dispatch_today'}

  File "C:\Users\Mr-Computer\Desktop\APP\backend\sales_module\sales.py", line 224, in get_sales
    GET /sales/{id}
2026-03-27 08:39:09.857 | ERROR    | database:GET_DB:53 - API REQUEST DATA VALIDATION IS VIOLATED => 1 validation error:
  {'type': 'int_parsing', 'loc': ('path', 'id'), 'msg': 'Input should be a valid integer, unable to parse string as an integer', 'input': 'dispatch_today'}

  File "C:\Users\Mr-Computer\Desktop\APP\backend\sales_module\sales.py", line 224, in get_sales
    GET /sales/{id}
2026-03-27 08:43:30.342 | ERROR    | database:GET_DB:64 - LOGIC ERROR OR BACKEND ERROR => schema "schema_utils" does not exist
LINE 1: select * from schema_utils.dispatch_today()
                      ^

2026-03-27 08:43:51.960 | ERROR    | database:GET_DB:64 - LOGIC ERROR OR BACKEND ERROR => schema "schema_utils" does not exist
LINE 1: select * from schema_utils.dispatch_today()
                      ^

2026-03-27 08:44:12.644 | ERROR    | database:GET_DB:64 - LOGIC ERROR OR BACKEND ERROR => 1 validation error for Response
status
  Input should be a valid boolean [type=bool_type, input_value=[(False,)], input_type=list]
    For further information visit https://errors.pydantic.dev/2.12/v/bool_type
2026-03-27 08:45:56.821 | ERROR    | database:GET_DB:64 - LOGIC ERROR OR BACKEND ERROR => 1 validation error for Response
status
  Input should be a valid boolean [type=bool_type, input_value=[(False,)], input_type=list]
    For further information visit https://errors.pydantic.dev/2.12/v/bool_type
2026-03-27 08:46:11.988 | ERROR    | database:GET_DB:64 - LOGIC ERROR OR BACKEND ERROR => 1 validation error for Response
status
  Input should be a valid boolean [type=bool_type, input_value=[(False,)], input_type=list]
    For further information visit https://errors.pydantic.dev/2.12/v/bool_type
2026-03-27 08:46:25.158 | ERROR    | database:GET_DB:64 - LOGIC ERROR OR BACKEND ERROR => 1 validation error for Response
status
  Input should be a valid boolean [type=bool_type, input_value=[(False,)], input_type=list]
    For further information visit https://errors.pydantic.dev/2.12/v/bool_type
2026-03-27 09:17:30.390 | ERROR    | database:GET_DB:53 - API REQUEST DATA VALIDATION IS VIOLATED => 1 validation error:
  {'type': 'model_attributes_type', 'loc': ('body',), 'msg': 'Input should be a valid dictionary or object to extract fields from', 'input': [{'cust_id': 2, 'bottles': 100, 'price': 10000, 'sales_status': 'pending', 'sales_type': 'account'}]}

  File "C:\Users\Mr-Computer\Desktop\APP\backend\sales_module\sales.py", line 42, in dispatch
    POST /sales/dispatch
2026-03-27 09:18:48.417 | ERROR    | database:GET_DB:64 - LOGIC ERROR OR BACKEND ERROR => 'dict' object has no attribute 'dumps'
2026-03-27 09:19:57.236 | ERROR    | database:GET_DB:64 - LOGIC ERROR OR BACKEND ERROR => 'dict' object has no attribute 'dumps'
2026-03-27 12:29:12.380 | ERROR    | auth:authenticate_user:45 - ERROR OCCURED DURING USER AUTHENTICATION => column "username" does not exist
LINE 1: SELECT * FROM schema_users.users WHERE username = 'string'
                                               ^
HINT:  Perhaps you meant to reference the column "users.user_name".

2026-03-27 12:29:25.884 | ERROR    | auth:authenticate_user:45 - ERROR OCCURED DURING USER AUTHENTICATION => column "username" does not exist
LINE 1: SELECT * FROM schema_users.users WHERE username = 'string'
                                               ^
HINT:  Perhaps you meant to reference the column "users.user_name".

2026-03-27 12:29:55.612 | ERROR    | auth:authenticate_user:45 - ERROR OCCURED DURING USER AUTHENTICATION => column "username" does not exist
LINE 1: SELECT * FROM schema_users.users WHERE username = 'string'
                                               ^
HINT:  Perhaps you meant to reference the column "users.user_name".

2026-03-27 12:38:18.345 | ERROR    | auth:authenticate_user:42 - ERROR OCCURED DURING USER AUTHENTICATION => no results to fetch
2026-03-27 12:41:23.572 | ERROR    | auth:authenticate_user:42 - ERROR OCCURED DURING USER AUTHENTICATION => no results to fetch
2026-03-27 12:41:55.698 | ERROR    | auth:authenticate_user:43 - ERROR OCCURED DURING USER AUTHENTICATION => relation "users" does not exist
LINE 1: SELECT user_id, user_name, password, role FROM users WHERE u...
                                                       ^

2026-03-27 12:42:51.682 | ERROR    | auth:authenticate_user:43 - ERROR OCCURED DURING USER AUTHENTICATION => relation "users" does not exist
LINE 1: SELECT user_id, user_name, password, role FROM users WHERE u...
                                                       ^

2026-03-27 12:43:20.373 | ERROR    | auth:authenticate_user:43 - ERROR OCCURED DURING USER AUTHENTICATION => relation "users" does not exist
LINE 1: SELECT user_id, user_name, password, role FROM users WHERE u...
                                                       ^

2026-03-27 12:52:35.167 | ERROR    | database:GET_DB:64 - LOGIC ERROR OR BACKEND ERROR => relation "utils.dispatched_logs" does not exist
LINE 1: select exists (select * from utils.dispatched_logs dl where ...
                                     ^
QUERY:  select exists (select * from utils.dispatched_logs dl where dl.dispatched_at::date = now()::date )
CONTEXT:  PL/pgSQL function utils.dispatch_today() line 5 at RETURN QUERY

2026-03-27 12:52:39.739 | ERROR    | database:GET_DB:64 - LOGIC ERROR OR BACKEND ERROR => relation "schema_customers.customers" does not exist
LINE 1: SELECT COUNT(*)                 FROM schema_customers.custom...
                                             ^
QUERY:  SELECT COUNT(*)                 FROM schema_customers.customers
CONTEXT:  PL/pgSQL function schema_customers.display_customer_stats() line 15 at SQL statement

2026-03-27 12:52:39.790 | ERROR    | database:GET_DB:64 - LOGIC ERROR OR BACKEND ERROR => relation "schema_customers.customers" does not exist
LINE 1: select cust_id, name ,cell_phone, is_active from schema_cust...
                                                         ^
QUERY:  select cust_id, name ,cell_phone, is_active from schema_customers.customers order by modified_at desc
CONTEXT:  PL/pgSQL function schema_customers.display_all_customers() line 3 at RETURN QUERY

2026-03-27 12:52:39.791 | ERROR    | database:GET_DB:64 - LOGIC ERROR OR BACKEND ERROR => relation "schema_sales.sales" does not exist
LINE 2: from schema_sales.sales s left join schema_customers.custome...
             ^
QUERY:  select s.sales_id,coalesce(c.name,s.consumer_name),s.cust_id,s.sales_type,s.litres,s.bottles,s.price,s.sales_status 
from schema_sales.sales s left join schema_customers.customers c on s.cust_id = c.cust_id where created_at::date = now()::date ORDER BY CREATED_AT DESC
CONTEXT:  PL/pgSQL function schema_sales.display_all_sales(jsonb) line 14 at RETURN QUERY

2026-03-27 12:52:39.871 | ERROR    | database:GET_DB:64 - LOGIC ERROR OR BACKEND ERROR => relation "schema_sales.sales" does not exist
LINE 1: SELECT COUNT(*)                   FROM schema_sales.sales  w...
                                               ^
QUERY:  SELECT COUNT(*)                   FROM schema_sales.sales  where sales_status::varchar <> 'deleted' and created_at::date = now()::date
CONTEXT:  PL/pgSQL function schema_sales.display_sales_stats() line 17 at SQL statement

2026-03-27 12:52:41.004 | ERROR    | database:GET_DB:64 - LOGIC ERROR OR BACKEND ERROR => relation "utils.dispatched_logs" does not exist
LINE 1: select exists (select * from utils.dispatched_logs dl where ...
                                     ^
QUERY:  select exists (select * from utils.dispatched_logs dl where dl.dispatched_at::date = now()::date )
CONTEXT:  PL/pgSQL function utils.dispatch_today() line 5 at RETURN QUERY

2026-03-27 12:52:45.725 | ERROR    | database:GET_DB:64 - LOGIC ERROR OR BACKEND ERROR => relation "utils.dispatched_logs" does not exist
LINE 1: select exists (select * from utils.dispatched_logs dl where ...
                                     ^
QUERY:  select exists (select * from utils.dispatched_logs dl where dl.dispatched_at::date = now()::date )
CONTEXT:  PL/pgSQL function utils.dispatch_today() line 5 at RETURN QUERY

2026-03-27 12:52:57.085 | ERROR    | database:GET_DB:64 - LOGIC ERROR OR BACKEND ERROR => relation "utils.dispatched_logs" does not exist
LINE 1: select exists (select * from utils.dispatched_logs dl where ...
                                     ^
QUERY:  select exists (select * from utils.dispatched_logs dl where dl.dispatched_at::date = now()::date )
CONTEXT:  PL/pgSQL function utils.dispatch_today() line 5 at RETURN QUERY

2026-03-27 14:01:40.157 | ERROR    | database:GET_DB:64 - LOGIC ERROR OR BACKEND ERROR => COALESCE types text and timestamp with time zone cannot be matched
LINE 1: coalesce((payload ->> 'dispatched_at'),now())::timestamp
                                               ^
QUERY:  coalesce((payload ->> 'dispatched_at'),now())::timestamp
CONTEXT:  PL/pgSQL function utils.dispatch(jsonb) line 5 during statement block local variable initialization

2026-03-27 14:02:05.491 | ERROR    | database:GET_DB:64 - LOGIC ERROR OR BACKEND ERROR => COALESCE types text and timestamp with time zone cannot be matched
LINE 1: coalesce((payload ->> 'dispatched_at'),now())::timestamp
                                               ^
QUERY:  coalesce((payload ->> 'dispatched_at'),now())::timestamp
CONTEXT:  PL/pgSQL function utils.dispatch(jsonb) line 5 during statement block local variable initialization

2026-03-27 14:03:20.337 | ERROR    | database:GET_DB:64 - LOGIC ERROR OR BACKEND ERROR => COALESCE types text and timestamp without time zone cannot be matched
LINE 1: coalesce((payload ->> 'dispatched_at'),now()::timestamp)::ti...
                                               ^
QUERY:  coalesce((payload ->> 'dispatched_at'),now()::timestamp)::timestamp
CONTEXT:  PL/pgSQL function utils.dispatch(jsonb) line 5 during statement block local variable initialization

2026-03-27 14:03:50.251 | ERROR    | database:GET_DB:64 - LOGIC ERROR OR BACKEND ERROR => COALESCE types text and timestamp without time zone cannot be matched
LINE 1: coalesce((payload ->> 'dispatched_at'),now()::timestamp)::ti...
                                               ^
QUERY:  coalesce((payload ->> 'dispatched_at'),now()::timestamp)::timestamp
CONTEXT:  PL/pgSQL function utils.dispatch(jsonb) line 5 during statement block local variable initialization

2026-03-27 14:06:51.551 | ERROR    | database:GET_DB:64 - LOGIC ERROR OR BACKEND ERROR => insert or update on table "customers" violates foreign key constraint "fk_users"
DETAIL:  Key (modified_by)=(0) is not present in table "users".
CONTEXT:  SQL statement "INSERT INTO schema_customers.customers (
        name, 
        cell_phone, 
        address, 
        unit_price, 
        is_active, 
        advance_money,
		modified_by,
		regular_bottles
		
    ) 
    VALUES (
        p_name, 
        p_cell_phone, 
        p_address, 
        p_unit_price, 
        p_is_active, 
        p_advance_money,
		p_modified_by,
		p_regular_bottles
    )"
PL/pgSQL function schema_customers.add_customer(jsonb) line 54 at SQL statement

2026-03-27 14:06:52.401 | ERROR    | database:GET_DB:64 - LOGIC ERROR OR BACKEND ERROR => insert or update on table "customers" violates foreign key constraint "fk_users"
DETAIL:  Key (modified_by)=(0) is not present in table "users".
CONTEXT:  SQL statement "INSERT INTO schema_customers.customers (
        name, 
        cell_phone, 
        address, 
        unit_price, 
        is_active, 
        advance_money,
		modified_by,
		regular_bottles
		
    ) 
    VALUES (
        p_name, 
        p_cell_phone, 
        p_address, 
        p_unit_price, 
        p_is_active, 
        p_advance_money,
		p_modified_by,
		p_regular_bottles
    )"
PL/pgSQL function schema_customers.add_customer(jsonb) line 54 at SQL statement

2026-03-27 14:06:53.250 | ERROR    | database:GET_DB:64 - LOGIC ERROR OR BACKEND ERROR => insert or update on table "customers" violates foreign key constraint "fk_users"
DETAIL:  Key (modified_by)=(0) is not present in table "users".
CONTEXT:  SQL statement "INSERT INTO schema_customers.customers (
        name, 
        cell_phone, 
        address, 
        unit_price, 
        is_active, 
        advance_money,
		modified_by,
		regular_bottles
		
    ) 
    VALUES (
        p_name, 
        p_cell_phone, 
        p_address, 
        p_unit_price, 
        p_is_active, 
        p_advance_money,
		p_modified_by,
		p_regular_bottles
    )"
PL/pgSQL function schema_customers.add_customer(jsonb) line 54 at SQL statement

2026-03-27 14:06:54.117 | ERROR    | database:GET_DB:64 - LOGIC ERROR OR BACKEND ERROR => insert or update on table "customers" violates foreign key constraint "fk_users"
DETAIL:  Key (modified_by)=(0) is not present in table "users".
CONTEXT:  SQL statement "INSERT INTO schema_customers.customers (
        name, 
        cell_phone, 
        address, 
        unit_price, 
        is_active, 
        advance_money,
		modified_by,
		regular_bottles
		
    ) 
    VALUES (
        p_name, 
        p_cell_phone, 
        p_address, 
        p_unit_price, 
        p_is_active, 
        p_advance_money,
		p_modified_by,
		p_regular_bottles
    )"
PL/pgSQL function schema_customers.add_customer(jsonb) line 54 at SQL statement

2026-03-27 14:06:54.944 | ERROR    | database:GET_DB:64 - LOGIC ERROR OR BACKEND ERROR => insert or update on table "customers" violates foreign key constraint "fk_users"
DETAIL:  Key (modified_by)=(0) is not present in table "users".
CONTEXT:  SQL statement "INSERT INTO schema_customers.customers (
        name, 
        cell_phone, 
        address, 
        unit_price, 
        is_active, 
        advance_money,
		modified_by,
		regular_bottles
		
    ) 
    VALUES (
        p_name, 
        p_cell_phone, 
        p_address, 
        p_unit_price, 
        p_is_active, 
        p_advance_money,
		p_modified_by,
		p_regular_bottles
    )"
PL/pgSQL function schema_customers.add_customer(jsonb) line 54 at SQL statement

2026-03-27 14:06:55.821 | ERROR    | database:GET_DB:64 - LOGIC ERROR OR BACKEND ERROR => insert or update on table "customers" violates foreign key constraint "fk_users"
DETAIL:  Key (modified_by)=(0) is not present in table "users".
CONTEXT:  SQL statement "INSERT INTO schema_customers.customers (
        name, 
        cell_phone, 
        address, 
        unit_price, 
        is_active, 
        advance_money,
		modified_by,
		regular_bottles
		
    ) 
    VALUES (
        p_name, 
        p_cell_phone, 
        p_address, 
        p_unit_price, 
        p_is_active, 
        p_advance_money,
		p_modified_by,
		p_regular_bottles
    )"
PL/pgSQL function schema_customers.add_customer(jsonb) line 54 at SQL statement

2026-03-27 14:06:56.682 | ERROR    | database:GET_DB:64 - LOGIC ERROR OR BACKEND ERROR => insert or update on table "customers" violates foreign key constraint "fk_users"
DETAIL:  Key (modified_by)=(0) is not present in table "users".
CONTEXT:  SQL statement "INSERT INTO schema_customers.customers (
        name, 
        cell_phone, 
        address, 
        unit_price, 
        is_active, 
        advance_money,
		modified_by,
		regular_bottles
		
    ) 
    VALUES (
        p_name, 
        p_cell_phone, 
        p_address, 
        p_unit_price, 
        p_is_active, 
        p_advance_money,
		p_modified_by,
		p_regular_bottles
    )"
PL/pgSQL function schema_customers.add_customer(jsonb) line 54 at SQL statement

