2026-03-28 08:13:00.674 | INFO     | auth:authenticate_user:42 - USER AUTHENTICATION ATTEMPT FOR USERNAME => (1, 'muzzy', '$2b$12$WSRtEkQIDDv.xWyFu6JI5uGMU8I6ksKdEk7IqgrLP6dNxk7xvAJBq', 'admin')
2026-03-28 08:13:02.041 | INFO     | customer_module.customer:display_all_customers_stats:31 - FETCHING CUSTOMERS STATS...
2026-03-28 08:13:02.041 | INFO     | customer_module.customer:display_all_customers:16 - FETCHING ALL CUSTOMERS...
2026-03-28 08:13:02.139 | INFO     | sales_module.sales:get_all_sales:226 - GETTING ALL SALES....
2026-03-28 08:13:02.154 | INFO     | sales_module.sales:display_all_sales_stats:138 - FETCHING SALES STATS...
2026-03-28 08:13:02.249 | SUCCESS  | customer_module.customer:display_all_customers:22 - FETCHED ALL CUSTOMERS...
2026-03-28 08:13:02.264 | SUCCESS  | customer_module.customer:display_all_customers_stats:37 - FETCHED CUSTOMERS STATS...
2026-03-28 08:13:02.339 | SUCCESS  | sales_module.sales:get_all_sales:236 - NO SALES FETCH...
2026-03-28 08:13:02.339 | SUCCESS  | sales_module.sales:display_all_sales_stats:146 - NO SALES SO NO STATS FETCHED...
2026-03-28 08:13:05.086 | INFO     | sales_module.sales:dispatch_today:32 - FETCHING TODAY'S DISPATCH STATUS...
2026-03-28 08:13:05.316 | SUCCESS  | sales_module.sales:dispatch_today:37 - FETCHED TODAY'S DISPATCH STATUS...
2026-03-28 08:13:05.340 | INFO     | sales_module.sales:dispatch_today:38 - DISPATCH STATUS: False
2026-03-28 08:13:05.910 | INFO     | sales_module.sales:dispatch_customers:16 - FETCHING CUSTOMERS TO DISPATCH...
2026-03-28 08:13:06.093 | SUCCESS  | sales_module.sales:dispatch_customers:23 - FETCHED CUSTOMERS TO DISPATCH...
2026-03-28 08:13:07.435 | INFO     | sales_module.sales:dispatch_today:32 - FETCHING TODAY'S DISPATCH STATUS...
2026-03-28 08:13:07.672 | SUCCESS  | sales_module.sales:dispatch_today:37 - FETCHED TODAY'S DISPATCH STATUS...
2026-03-28 08:13:07.711 | INFO     | sales_module.sales:dispatch_today:38 - DISPATCH STATUS: False
2026-03-28 08:13:08.325 | INFO     | sales_module.sales:dispatch_customers:16 - FETCHING CUSTOMERS TO DISPATCH...
2026-03-28 08:13:08.513 | SUCCESS  | sales_module.sales:dispatch_customers:23 - FETCHED CUSTOMERS TO DISPATCH...
2026-03-28 08:13:09.263 | INFO     | sales_module.sales:dispatch_today:32 - FETCHING TODAY'S DISPATCH STATUS...
2026-03-28 08:13:09.460 | SUCCESS  | sales_module.sales:dispatch_today:37 - FETCHED TODAY'S DISPATCH STATUS...
2026-03-28 08:13:09.462 | INFO     | sales_module.sales:dispatch_today:38 - DISPATCH STATUS: False
2026-03-28 08:13:10.044 | INFO     | sales_module.sales:dispatch_customers:16 - FETCHING CUSTOMERS TO DISPATCH...
2026-03-28 08:13:10.280 | SUCCESS  | sales_module.sales:dispatch_customers:23 - FETCHED CUSTOMERS TO DISPATCH...
2026-03-28 08:14:20.747 | INFO     | auth:authenticate_user:42 - USER AUTHENTICATION ATTEMPT FOR USERNAME => (1, 'muzzy', '$2b$12$WSRtEkQIDDv.xWyFu6JI5uGMU8I6ksKdEk7IqgrLP6dNxk7xvAJBq', 'admin')
2026-03-28 08:14:22.127 | INFO     | customer_module.customer:display_all_customers_stats:31 - FETCHING CUSTOMERS STATS...
2026-03-28 08:14:22.186 | INFO     | sales_module.sales:display_all_sales_stats:138 - FETCHING SALES STATS...
2026-03-28 08:14:22.186 | INFO     | customer_module.customer:display_all_customers:16 - FETCHING ALL CUSTOMERS...
2026-03-28 08:14:22.200 | INFO     | sales_module.sales:get_all_sales:226 - GETTING ALL SALES....
2026-03-28 08:14:22.200 | INFO     | sales_module.sales:dispatch_today:32 - FETCHING TODAY'S DISPATCH STATUS...
2026-03-28 08:14:22.316 | SUCCESS  | customer_module.customer:display_all_customers_stats:37 - FETCHED CUSTOMERS STATS...
2026-03-28 08:14:22.355 | SUCCESS  | sales_module.sales:display_all_sales_stats:146 - NO SALES SO NO STATS FETCHED...
2026-03-28 08:14:22.370 | SUCCESS  | customer_module.customer:display_all_customers:22 - FETCHED ALL CUSTOMERS...
2026-03-28 08:14:22.370 | SUCCESS  | sales_module.sales:dispatch_today:37 - FETCHED TODAY'S DISPATCH STATUS...
2026-03-28 08:14:22.376 | SUCCESS  | sales_module.sales:get_all_sales:236 - NO SALES FETCH...
2026-03-28 08:14:22.388 | INFO     | sales_module.sales:dispatch_today:38 - DISPATCH STATUS: False
2026-03-28 08:14:23.101 | INFO     | sales_module.sales:dispatch_customers:16 - FETCHING CUSTOMERS TO DISPATCH...
2026-03-28 08:14:23.320 | SUCCESS  | sales_module.sales:dispatch_customers:23 - FETCHED CUSTOMERS TO DISPATCH...
2026-03-28 08:14:27.400 | INFO     | customer_module.customer:display_customer:136 - GETTING THE CUSTOMER 70 ...
2026-03-28 08:14:27.593 | SUCCESS  | customer_module.customer:display_customer:145 - GOT THE CUSTOMER 70 ...
2026-03-28 08:14:34.804 | INFO     | customer_module.customer:update_customer:100 - UPDATING THE CUSTOMER 70 => {'unit_price': 80, 'user_id': 1, 'regular_bottles': 4} ..
2026-03-28 08:14:34.995 | SUCCESS  | customer_module.customer:update_customer:103 - UPDATED THE CUSTOMER 70 ...
2026-03-28 08:14:35.786 | INFO     | customer_module.customer:display_customer:136 - GETTING THE CUSTOMER 70 ...
2026-03-28 08:14:35.817 | INFO     | customer_module.customer:display_all_customers_stats:31 - FETCHING CUSTOMERS STATS...
2026-03-28 08:14:35.855 | INFO     | customer_module.customer:display_all_customers:16 - FETCHING ALL CUSTOMERS...
2026-03-28 08:14:35.905 | INFO     | sales_module.sales:display_all_sales_stats:138 - FETCHING SALES STATS...
2026-03-28 08:14:35.916 | INFO     | sales_module.sales:get_all_sales:226 - GETTING ALL SALES....
2026-03-28 08:14:35.958 | SUCCESS  | customer_module.customer:display_customer:145 - GOT THE CUSTOMER 70 ...
2026-03-28 08:14:36.017 | SUCCESS  | customer_module.customer:display_all_customers_stats:37 - FETCHED CUSTOMERS STATS...
2026-03-28 08:14:36.032 | SUCCESS  | customer_module.customer:display_all_customers:22 - FETCHED ALL CUSTOMERS...
2026-03-28 08:14:36.101 | SUCCESS  | sales_module.sales:get_all_sales:236 - NO SALES FETCH...
2026-03-28 08:14:36.101 | SUCCESS  | sales_module.sales:display_all_sales_stats:146 - NO SALES SO NO STATS FETCHED...
2026-03-28 08:14:41.401 | INFO     | sales_module.sales:search_customer:172 - SEARCHING CUSTOMER: gulshan...
2026-03-28 08:14:41.581 | SUCCESS  | sales_module.sales:search_customer:179 - FETCHED CUSTOMER: gulshan
2026-03-28 08:14:42.850 | INFO     | sales_module.sales:search_customer:172 - SEARCHING CUSTOMER: gulshan chandio...
2026-03-28 08:14:43.044 | SUCCESS  | sales_module.sales:search_customer:179 - FETCHED CUSTOMER: gulshan chandio
2026-03-28 08:14:45.568 | INFO     | sales_module.sales:add_sales:70 - ADDING THE SALES
2026-03-28 08:14:45.749 | SUCCESS  | sales_module.sales:add_sales:72 - ADDED THE SALES ...
2026-03-28 08:14:46.363 | INFO     | customer_module.customer:display_all_customers_stats:31 - FETCHING CUSTOMERS STATS...
2026-03-28 08:14:46.386 | INFO     | sales_module.sales:display_all_sales_stats:138 - FETCHING SALES STATS...
2026-03-28 08:14:46.397 | INFO     | customer_module.customer:display_all_customers:16 - FETCHING ALL CUSTOMERS...
2026-03-28 08:14:46.397 | INFO     | sales_module.sales:get_all_sales:226 - GETTING ALL SALES....
2026-03-28 08:14:46.546 | SUCCESS  | customer_module.customer:display_all_customers_stats:37 - FETCHED CUSTOMERS STATS...
2026-03-28 08:14:46.556 | SUCCESS  | sales_module.sales:display_all_sales_stats:144 - FETCHED SALES STATS...
2026-03-28 08:14:46.571 | SUCCESS  | sales_module.sales:get_all_sales:233 - FETCHED ALL SALES...
2026-03-28 08:14:46.572 | SUCCESS  | customer_module.customer:display_all_customers:22 - FETCHED ALL CUSTOMERS...
2026-03-28 08:14:48.664 | INFO     | sales_module.sales:get_all_sales:226 - GETTING ALL SALES....
2026-03-28 08:14:48.835 | SUCCESS  | sales_module.sales:get_all_sales:233 - FETCHED ALL SALES...
2026-03-28 08:14:51.441 | INFO     | sales_module.sales:dispatch_today:32 - FETCHING TODAY'S DISPATCH STATUS...
2026-03-28 08:14:51.616 | SUCCESS  | sales_module.sales:dispatch_today:37 - FETCHED TODAY'S DISPATCH STATUS...
2026-03-28 08:14:51.618 | INFO     | sales_module.sales:dispatch_today:38 - DISPATCH STATUS: False
2026-03-28 08:14:52.184 | INFO     | sales_module.sales:dispatch_customers:16 - FETCHING CUSTOMERS TO DISPATCH...
2026-03-28 08:14:52.369 | SUCCESS  | sales_module.sales:dispatch_customers:23 - FETCHED CUSTOMERS TO DISPATCH...
2026-03-28 08:15:57.373 | INFO     | sales_module.sales:dispatch:44 - {"sales_list":[{"consumer_name":null,"cust_id":70,"sales_type":"account","litres":null,"bottles":4,"price":360,"user_id":1,"sales_status":"paid","reporting_time":null},{"consumer_name":null,"cust_id":10,"sales_type":"account","litres":null,"bottles":2,"price":160,"user_id":1,"sales_status":"pending","reporting_time":null},{"consumer_name":null,"cust_id":11,"sales_type":"account","litres":null,"bottles":2,"price":120,"user_id":1,"sales_status":"pending","reporting_time":null}],"dispatched_by":"1"}
2026-03-28 08:15:57.393 | INFO     | sales_module.sales:dispatch:45 - FETCHING CUSTOMERS TO DISPATCH...
2026-03-28 08:15:57.788 | INFO     | sales_module.sales:dispatch:53 - SALE: {"consumer_name":null,"cust_id":70,"sales_type":"account","litres":null,"bottles":4,"price":360,"user_id":1,"sales_status":"paid","reporting_time":null}
2026-03-28 08:15:57.896 | INFO     | sales_module.sales:dispatch:53 - SALE: {"consumer_name":null,"cust_id":10,"sales_type":"account","litres":null,"bottles":2,"price":160,"user_id":1,"sales_status":"pending","reporting_time":null}
2026-03-28 08:15:57.987 | INFO     | sales_module.sales:dispatch:53 - SALE: {"consumer_name":null,"cust_id":11,"sales_type":"account","litres":null,"bottles":2,"price":120,"user_id":1,"sales_status":"pending","reporting_time":null}
2026-03-28 08:15:58.072 | SUCCESS  | sales_module.sales:dispatch:55 - DISPATCHED THE CUSTOMERS...
2026-03-28 08:15:58.748 | INFO     | customer_module.customer:display_all_customers_stats:31 - FETCHING CUSTOMERS STATS...
2026-03-28 08:15:58.794 | INFO     | customer_module.customer:display_all_customers:16 - FETCHING ALL CUSTOMERS...
2026-03-28 08:15:58.878 | INFO     | sales_module.sales:display_all_sales_stats:138 - FETCHING SALES STATS...
2026-03-28 08:15:58.909 | INFO     | sales_module.sales:get_all_sales:226 - GETTING ALL SALES....
2026-03-28 08:15:58.940 | SUCCESS  | customer_module.customer:display_all_customers_stats:37 - FETCHED CUSTOMERS STATS...
2026-03-28 08:15:58.979 | SUCCESS  | customer_module.customer:display_all_customers:22 - FETCHED ALL CUSTOMERS...
2026-03-28 08:15:59.051 | SUCCESS  | sales_module.sales:display_all_sales_stats:144 - FETCHED SALES STATS...
2026-03-28 08:15:59.106 | SUCCESS  | sales_module.sales:get_all_sales:233 - FETCHED ALL SALES...
2026-03-28 08:18:39.850 | INFO     | sales_module.sales:dispatch_today:32 - FETCHING TODAY'S DISPATCH STATUS...
2026-03-28 08:18:40.023 | SUCCESS  | sales_module.sales:dispatch_today:37 - FETCHED TODAY'S DISPATCH STATUS...
2026-03-28 08:18:40.028 | INFO     | sales_module.sales:dispatch_today:38 - DISPATCH STATUS: True
2026-03-28 08:18:41.610 | INFO     | sales_module.sales:get_all_sales:226 - GETTING ALL SALES....
2026-03-28 08:18:41.787 | SUCCESS  | sales_module.sales:get_all_sales:233 - FETCHED ALL SALES...
2026-03-28 08:18:42.976 | INFO     | sales_module.sales:get_all_sales:226 - GETTING ALL SALES....
2026-03-28 08:18:43.169 | SUCCESS  | sales_module.sales:get_all_sales:233 - FETCHED ALL SALES...
2026-03-28 08:18:44.349 | INFO     | sales_module.sales:dispatch_today:32 - FETCHING TODAY'S DISPATCH STATUS...
2026-03-28 08:18:44.513 | SUCCESS  | sales_module.sales:dispatch_today:37 - FETCHED TODAY'S DISPATCH STATUS...
2026-03-28 08:18:44.516 | INFO     | sales_module.sales:dispatch_today:38 - DISPATCH STATUS: True
2026-03-28 08:18:53.003 | INFO     | sales_module.sales:dispatch_today:32 - FETCHING TODAY'S DISPATCH STATUS...
2026-03-28 08:18:53.178 | SUCCESS  | sales_module.sales:dispatch_today:37 - FETCHED TODAY'S DISPATCH STATUS...
2026-03-28 08:18:53.179 | INFO     | sales_module.sales:dispatch_today:38 - DISPATCH STATUS: True
2026-03-28 08:18:56.006 | INFO     | sales_module.sales:dispatch_today:32 - FETCHING TODAY'S DISPATCH STATUS...
2026-03-28 08:18:56.190 | SUCCESS  | sales_module.sales:dispatch_today:37 - FETCHED TODAY'S DISPATCH STATUS...
2026-03-28 08:18:56.191 | INFO     | sales_module.sales:dispatch_today:38 - DISPATCH STATUS: True
2026-03-28 08:18:58.917 | INFO     | sales_module.sales:dispatch_today:32 - FETCHING TODAY'S DISPATCH STATUS...
2026-03-28 08:18:59.088 | SUCCESS  | sales_module.sales:dispatch_today:37 - FETCHED TODAY'S DISPATCH STATUS...
2026-03-28 08:18:59.088 | INFO     | sales_module.sales:dispatch_today:38 - DISPATCH STATUS: True
2026-03-28 08:30:26.349 | CRITICAL | database:GET_DB:42 - DATABASE SERVER IS DEAD AND CONNECTION LOST DURING TRANSCATION... could not translate host name "aws-1-ap-southeast-1.pooler.supabase.com" to address: Name or service not known

2026-03-28 08:30:35.726 | INFO     | customer_module.customer:update_customer:100 - UPDATING THE CUSTOMER 70 => {'is_active': False, 'user_id': 1, 'regular_bottles': 4} ..
2026-03-28 08:30:35.980 | SUCCESS  | customer_module.customer:update_customer:103 - UPDATED THE CUSTOMER 70 ...
2026-03-28 08:30:36.651 | INFO     | customer_module.customer:display_customer:136 - GETTING THE CUSTOMER 70 ...
2026-03-28 08:30:36.730 | INFO     | customer_module.customer:display_all_customers_stats:31 - FETCHING CUSTOMERS STATS...
2026-03-28 08:30:36.782 | INFO     | customer_module.customer:display_all_customers:16 - FETCHING ALL CUSTOMERS...
2026-03-28 08:30:36.830 | SUCCESS  | customer_module.customer:display_customer:145 - GOT THE CUSTOMER 70 ...
2026-03-28 08:30:36.830 | INFO     | sales_module.sales:get_all_sales:226 - GETTING ALL SALES....
2026-03-28 08:30:36.861 | INFO     | sales_module.sales:display_all_sales_stats:138 - FETCHING SALES STATS...
2026-03-28 08:30:36.923 | SUCCESS  | customer_module.customer:display_all_customers_stats:37 - FETCHED CUSTOMERS STATS...
2026-03-28 08:30:36.955 | SUCCESS  | customer_module.customer:display_all_customers:22 - FETCHED ALL CUSTOMERS...
2026-03-28 08:30:37.002 | SUCCESS  | sales_module.sales:get_all_sales:233 - FETCHED ALL SALES...
2026-03-28 08:30:37.054 | SUCCESS  | sales_module.sales:display_all_sales_stats:144 - FETCHED SALES STATS...
2026-03-28 08:30:59.461 | INFO     | sales_module.sales:get_sales:245 - GETTING SALES OF ID: 5...
2026-03-28 08:30:59.631 | SUCCESS  | sales_module.sales:get_sales:252 - FETCHED SALES WITH ID: 5
2026-03-28 08:31:14.308 | INFO     | sales_module.sales:dispatch_today:32 - FETCHING TODAY'S DISPATCH STATUS...
2026-03-28 08:31:14.503 | SUCCESS  | sales_module.sales:dispatch_today:37 - FETCHED TODAY'S DISPATCH STATUS...
2026-03-28 08:31:14.504 | INFO     | sales_module.sales:dispatch_today:38 - DISPATCH STATUS: True
2026-03-28 08:36:48.522 | INFO     | sales_module.sales:get_all_sales:226 - GETTING ALL SALES....
2026-03-28 08:36:48.733 | SUCCESS  | sales_module.sales:get_all_sales:233 - FETCHED ALL SALES...
2026-03-28 08:36:48.900 | INFO     | sales_module.sales:get_all_sales:226 - GETTING ALL SALES....
2026-03-28 08:36:49.073 | SUCCESS  | sales_module.sales:get_all_sales:233 - FETCHED ALL SALES...
2026-03-28 08:37:03.724 | INFO     | sales_module.sales:get_sales:245 - GETTING SALES OF ID: 5...
2026-03-28 08:37:03.902 | SUCCESS  | sales_module.sales:get_sales:252 - FETCHED SALES WITH ID: 5
2026-03-28 08:37:49.536 | INFO     | customer_module.customer:display_customer:136 - GETTING THE CUSTOMER 70 ...
2026-03-28 08:37:49.707 | SUCCESS  | customer_module.customer:display_customer:145 - GOT THE CUSTOMER 70 ...
2026-03-28 08:38:08.359 | INFO     | customer_module.customer:update_customer:100 - UPDATING THE CUSTOMER 70 => {'is_active': True, 'user_id': 1, 'regular_bottles': 4} ..
2026-03-28 08:38:08.538 | SUCCESS  | customer_module.customer:update_customer:103 - UPDATED THE CUSTOMER 70 ...
2026-03-28 08:38:09.169 | INFO     | customer_module.customer:display_customer:136 - GETTING THE CUSTOMER 70 ...
2026-03-28 08:38:09.190 | INFO     | customer_module.customer:display_all_customers_stats:31 - FETCHING CUSTOMERS STATS...
2026-03-28 08:38:09.190 | INFO     | customer_module.customer:display_all_customers:16 - FETCHING ALL CUSTOMERS...
2026-03-28 08:38:09.201 | INFO     | sales_module.sales:get_all_sales:226 - GETTING ALL SALES....
2026-03-28 08:38:09.225 | INFO     | sales_module.sales:display_all_sales_stats:138 - FETCHING SALES STATS...
2026-03-28 08:38:09.340 | SUCCESS  | customer_module.customer:display_customer:145 - GOT THE CUSTOMER 70 ...
2026-03-28 08:38:09.360 | SUCCESS  | customer_module.customer:display_all_customers:22 - FETCHED ALL CUSTOMERS...
2026-03-28 08:38:09.366 | SUCCESS  | customer_module.customer:display_all_customers_stats:37 - FETCHED CUSTOMERS STATS...
2026-03-28 08:38:09.383 | SUCCESS  | sales_module.sales:get_all_sales:233 - FETCHED ALL SALES...
2026-03-28 08:38:09.409 | SUCCESS  | sales_module.sales:display_all_sales_stats:144 - FETCHED SALES STATS...
2026-03-28 08:38:21.588 | INFO     | sales_module.sales:get_sales:245 - GETTING SALES OF ID: 6...
2026-03-28 08:38:21.756 | SUCCESS  | sales_module.sales:get_sales:252 - FETCHED SALES WITH ID: 6
2026-03-28 08:38:24.768 | INFO     | sales_module.sales:dispatch_today:32 - FETCHING TODAY'S DISPATCH STATUS...
2026-03-28 08:38:24.940 | SUCCESS  | sales_module.sales:dispatch_today:37 - FETCHED TODAY'S DISPATCH STATUS...
2026-03-28 08:38:24.942 | INFO     | sales_module.sales:dispatch_today:38 - DISPATCH STATUS: True
2026-03-28 09:49:43.757 | INFO     | auth:authenticate_user:42 - USER AUTHENTICATION ATTEMPT FOR USERNAME => (1, 'muzzy', '$2b$12$WSRtEkQIDDv.xWyFu6JI5uGMU8I6ksKdEk7IqgrLP6dNxk7xvAJBq', 'admin')
2026-03-28 09:49:44.903 | INFO     | customer_module.customer:display_all_customers_stats:31 - FETCHING CUSTOMERS STATS...
2026-03-28 09:49:44.925 | INFO     | customer_module.customer:display_all_customers:16 - FETCHING ALL CUSTOMERS...
2026-03-28 09:49:44.946 | INFO     | sales_module.sales:get_all_sales:226 - GETTING ALL SALES....
2026-03-28 09:49:44.970 | INFO     | sales_module.sales:display_all_sales_stats:138 - FETCHING SALES STATS...
2026-03-28 09:49:45.086 | SUCCESS  | customer_module.customer:display_all_customers_stats:37 - FETCHED CUSTOMERS STATS...
2026-03-28 09:49:45.107 | SUCCESS  | customer_module.customer:display_all_customers:22 - FETCHED ALL CUSTOMERS...
2026-03-28 09:49:45.138 | SUCCESS  | sales_module.sales:get_all_sales:233 - FETCHED ALL SALES...
2026-03-28 09:49:45.152 | SUCCESS  | sales_module.sales:display_all_sales_stats:144 - FETCHED SALES STATS...
2026-03-28 09:49:48.421 | INFO     | customer_module.customer:display_customer:136 - GETTING THE CUSTOMER 70 ...
2026-03-28 09:49:48.590 | SUCCESS  | customer_module.customer:display_customer:145 - GOT THE CUSTOMER 70 ...
2026-03-28 09:50:56.135 | INFO     | sales_module.sales:update_sales:192 - UPDATING THE SALES STATUS WITH ID: <built-in function id>
2026-03-28 09:50:56.314 | SUCCESS  | sales_module.sales:update_sales:194 - UPDATE THE SALES WITH ID <built-in function id> ...
2026-03-28 09:50:57.005 | INFO     | customer_module.customer:display_all_customers:16 - FETCHING ALL CUSTOMERS...
2026-03-28 09:50:57.005 | INFO     | customer_module.customer:display_all_customers_stats:31 - FETCHING CUSTOMERS STATS...
2026-03-28 09:50:57.020 | INFO     | sales_module.sales:display_all_sales_stats:138 - FETCHING SALES STATS...
2026-03-28 09:50:57.022 | INFO     | sales_module.sales:get_all_sales:226 - GETTING ALL SALES....
2026-03-28 09:50:57.178 | SUCCESS  | customer_module.customer:display_all_customers:22 - FETCHED ALL CUSTOMERS...
2026-03-28 09:50:57.181 | SUCCESS  | customer_module.customer:display_all_customers_stats:37 - FETCHED CUSTOMERS STATS...
2026-03-28 09:50:57.187 | SUCCESS  | sales_module.sales:display_all_sales_stats:144 - FETCHED SALES STATS...
2026-03-28 09:50:57.204 | SUCCESS  | sales_module.sales:get_all_sales:233 - FETCHED ALL SALES...
2026-03-28 09:50:58.882 | INFO     | sales_module.sales:get_sales:245 - GETTING SALES OF ID: 5...
2026-03-28 09:50:59.052 | SUCCESS  | sales_module.sales:get_sales:252 - FETCHED SALES WITH ID: 5
2026-03-28 09:51:18.248 | INFO     | sales_module.sales:get_sales:245 - GETTING SALES OF ID: 5...
2026-03-28 09:51:18.348 | INFO     | sales_module.sales:get_all_sales:226 - GETTING ALL SALES....
2026-03-28 09:51:18.402 | INFO     | customer_module.customer:display_customer:136 - GETTING THE CUSTOMER 70 ...
2026-03-28 09:51:18.432 | SUCCESS  | sales_module.sales:get_sales:252 - FETCHED SALES WITH ID: 5
2026-03-28 09:51:18.514 | SUCCESS  | sales_module.sales:get_all_sales:233 - FETCHED ALL SALES...
2026-03-28 09:51:18.578 | SUCCESS  | customer_module.customer:display_customer:145 - GOT THE CUSTOMER 70 ...
2026-03-28 09:55:21.211 | INFO     | customer_module.customer:update_customer:100 - UPDATING THE CUSTOMER 70 => {'is_active': False, 'user_id': 1, 'regular_bottles': 4} ..
2026-03-28 09:55:21.410 | SUCCESS  | customer_module.customer:update_customer:103 - UPDATED THE CUSTOMER 70 ...
2026-03-28 09:55:22.032 | INFO     | customer_module.customer:display_customer:136 - GETTING THE CUSTOMER 70 ...
2026-03-28 09:55:22.058 | INFO     | sales_module.sales:get_all_sales:226 - GETTING ALL SALES....
2026-03-28 09:55:22.058 | INFO     | customer_module.customer:display_all_customers:16 - FETCHING ALL CUSTOMERS...
2026-03-28 09:55:22.059 | INFO     | customer_module.customer:display_all_customers_stats:31 - FETCHING CUSTOMERS STATS...
2026-03-28 09:55:22.059 | INFO     | sales_module.sales:display_all_sales_stats:138 - FETCHING SALES STATS...
2026-03-28 09:55:22.211 | SUCCESS  | customer_module.customer:display_customer:145 - GOT THE CUSTOMER 70 ...
2026-03-28 09:55:22.241 | SUCCESS  | customer_module.customer:display_all_customers:22 - FETCHED ALL CUSTOMERS...
2026-03-28 09:55:22.242 | SUCCESS  | sales_module.sales:get_all_sales:233 - FETCHED ALL SALES...
2026-03-28 09:55:22.242 | SUCCESS  | sales_module.sales:display_all_sales_stats:144 - FETCHED SALES STATS...
2026-03-28 09:55:22.242 | SUCCESS  | customer_module.customer:display_all_customers_stats:37 - FETCHED CUSTOMERS STATS...
2026-03-28 09:55:33.576 | INFO     | customer_module.customer:update_customer:100 - UPDATING THE CUSTOMER 70 => {'is_active': True, 'user_id': 1, 'regular_bottles': 4} ..
2026-03-28 09:55:33.744 | SUCCESS  | customer_module.customer:update_customer:103 - UPDATED THE CUSTOMER 70 ...
2026-03-28 09:55:34.359 | INFO     | customer_module.customer:display_customer:136 - GETTING THE CUSTOMER 70 ...
2026-03-28 09:55:34.387 | INFO     | sales_module.sales:display_all_sales_stats:138 - FETCHING SALES STATS...
2026-03-28 09:55:34.389 | INFO     | customer_module.customer:display_all_customers:16 - FETCHING ALL CUSTOMERS...
2026-03-28 09:55:34.414 | INFO     | customer_module.customer:display_all_customers_stats:31 - FETCHING CUSTOMERS STATS...
2026-03-28 09:55:34.414 | INFO     | sales_module.sales:get_all_sales:226 - GETTING ALL SALES....
2026-03-28 09:55:34.538 | SUCCESS  | customer_module.customer:display_customer:145 - GOT THE CUSTOMER 70 ...
2026-03-28 09:55:34.551 | SUCCESS  | sales_module.sales:display_all_sales_stats:144 - FETCHED SALES STATS...
2026-03-28 09:55:34.569 | SUCCESS  | customer_module.customer:display_all_customers:22 - FETCHED ALL CUSTOMERS...
2026-03-28 09:55:34.600 | SUCCESS  | customer_module.customer:display_all_customers_stats:37 - FETCHED CUSTOMERS STATS...
2026-03-28 09:55:34.600 | SUCCESS  | sales_module.sales:get_all_sales:233 - FETCHED ALL SALES...
2026-03-28 10:00:46.474 | INFO     | sales_module.sales:get_sales:245 - GETTING SALES OF ID: 5...
2026-03-28 10:00:46.474 | INFO     | sales_module.sales:get_all_sales:226 - GETTING ALL SALES....
2026-03-28 10:00:46.475 | INFO     | customer_module.customer:display_customer:136 - GETTING THE CUSTOMER 70 ...
2026-03-28 10:00:46.648 | SUCCESS  | sales_module.sales:get_sales:252 - FETCHED SALES WITH ID: 5
2026-03-28 10:00:46.648 | SUCCESS  | sales_module.sales:get_all_sales:233 - FETCHED ALL SALES...
2026-03-28 10:00:46.648 | SUCCESS  | customer_module.customer:display_customer:145 - GOT THE CUSTOMER 70 ...
2026-03-28 10:04:32.625 | INFO     | sales_module.sales:get_sales:245 - GETTING SALES OF ID: 6...
2026-03-28 10:04:32.843 | SUCCESS  | sales_module.sales:get_sales:252 - FETCHED SALES WITH ID: 6
2026-03-28 10:04:34.670 | INFO     | sales_module.sales:get_sales:245 - GETTING SALES OF ID: 5...
2026-03-28 10:04:34.868 | SUCCESS  | sales_module.sales:get_sales:252 - FETCHED SALES WITH ID: 5
2026-03-28 10:04:46.430 | INFO     | sales_module.sales:dispatch_today:32 - FETCHING TODAY'S DISPATCH STATUS...
2026-03-28 10:04:46.611 | SUCCESS  | sales_module.sales:dispatch_today:37 - FETCHED TODAY'S DISPATCH STATUS...
2026-03-28 10:04:46.611 | INFO     | sales_module.sales:dispatch_today:38 - DISPATCH STATUS: True
2026-03-28 10:04:50.659 | INFO     | sales_module.sales:dispatch_today:32 - FETCHING TODAY'S DISPATCH STATUS...
2026-03-28 10:04:50.828 | SUCCESS  | sales_module.sales:dispatch_today:37 - FETCHED TODAY'S DISPATCH STATUS...
2026-03-28 10:04:50.829 | INFO     | sales_module.sales:dispatch_today:38 - DISPATCH STATUS: True
2026-03-28 10:04:58.063 | INFO     | auth:authenticate_user:42 - USER AUTHENTICATION ATTEMPT FOR USERNAME => (1, 'muzzy', '$2b$12$WSRtEkQIDDv.xWyFu6JI5uGMU8I6ksKdEk7IqgrLP6dNxk7xvAJBq', 'admin')
2026-03-28 10:04:59.201 | INFO     | customer_module.customer:display_all_customers_stats:31 - FETCHING CUSTOMERS STATS...
2026-03-28 10:04:59.227 | INFO     | customer_module.customer:display_all_customers:16 - FETCHING ALL CUSTOMERS...
2026-03-28 10:04:59.247 | INFO     | sales_module.sales:get_all_sales:226 - GETTING ALL SALES....
2026-03-28 10:04:59.281 | INFO     | sales_module.sales:display_all_sales_stats:138 - FETCHING SALES STATS...
2026-03-28 10:04:59.391 | SUCCESS  | customer_module.customer:display_all_customers_stats:37 - FETCHED CUSTOMERS STATS...
2026-03-28 10:04:59.404 | SUCCESS  | customer_module.customer:display_all_customers:22 - FETCHED ALL CUSTOMERS...
2026-03-28 10:04:59.422 | SUCCESS  | sales_module.sales:get_all_sales:233 - FETCHED ALL SALES...
2026-03-28 10:04:59.453 | SUCCESS  | sales_module.sales:display_all_sales_stats:144 - FETCHED SALES STATS...
2026-03-28 10:05:03.204 | INFO     | sales_module.sales:dispatch_today:32 - FETCHING TODAY'S DISPATCH STATUS...
2026-03-28 10:05:03.385 | SUCCESS  | sales_module.sales:dispatch_today:37 - FETCHED TODAY'S DISPATCH STATUS...
2026-03-28 10:05:03.399 | INFO     | sales_module.sales:dispatch_today:38 - DISPATCH STATUS: True
2026-03-28 10:05:09.242 | INFO     | auth:authenticate_user:42 - USER AUTHENTICATION ATTEMPT FOR USERNAME => (1, 'muzzy', '$2b$12$WSRtEkQIDDv.xWyFu6JI5uGMU8I6ksKdEk7IqgrLP6dNxk7xvAJBq', 'admin')
2026-03-28 10:05:10.435 | INFO     | customer_module.customer:display_all_customers:16 - FETCHING ALL CUSTOMERS...
2026-03-28 10:05:10.435 | INFO     | customer_module.customer:display_all_customers_stats:31 - FETCHING CUSTOMERS STATS...
2026-03-28 10:05:10.446 | INFO     | sales_module.sales:display_all_sales_stats:138 - FETCHING SALES STATS...
2026-03-28 10:05:10.464 | INFO     | sales_module.sales:get_all_sales:226 - GETTING ALL SALES....
2026-03-28 10:05:10.467 | INFO     | sales_module.sales:dispatch_today:32 - FETCHING TODAY'S DISPATCH STATUS...
2026-03-28 10:05:10.608 | SUCCESS  | customer_module.customer:display_all_customers:22 - FETCHED ALL CUSTOMERS...
2026-03-28 10:05:10.629 | SUCCESS  | customer_module.customer:display_all_customers_stats:37 - FETCHED CUSTOMERS STATS...
2026-03-28 10:05:10.633 | SUCCESS  | sales_module.sales:display_all_sales_stats:144 - FETCHED SALES STATS...
2026-03-28 10:05:10.642 | SUCCESS  | sales_module.sales:get_all_sales:233 - FETCHED ALL SALES...
2026-03-28 10:05:10.643 | SUCCESS  | sales_module.sales:dispatch_today:37 - FETCHED TODAY'S DISPATCH STATUS...
2026-03-28 10:05:10.742 | INFO     | sales_module.sales:dispatch_today:38 - DISPATCH STATUS: True
2026-03-28 10:05:17.977 | INFO     | auth:authenticate_user:42 - USER AUTHENTICATION ATTEMPT FOR USERNAME => (1, 'muzzy', '$2b$12$WSRtEkQIDDv.xWyFu6JI5uGMU8I6ksKdEk7IqgrLP6dNxk7xvAJBq', 'admin')
2026-03-28 10:05:19.127 | INFO     | customer_module.customer:display_all_customers:16 - FETCHING ALL CUSTOMERS...
2026-03-28 10:05:19.127 | INFO     | sales_module.sales:get_all_sales:226 - GETTING ALL SALES....
2026-03-28 10:05:19.131 | INFO     | sales_module.sales:dispatch_today:32 - FETCHING TODAY'S DISPATCH STATUS...
2026-03-28 10:05:19.134 | INFO     | sales_module.sales:display_all_sales_stats:138 - FETCHING SALES STATS...
2026-03-28 10:05:19.156 | INFO     | customer_module.customer:display_all_customers_stats:31 - FETCHING CUSTOMERS STATS...
2026-03-28 10:05:19.297 | SUCCESS  | sales_module.sales:get_all_sales:233 - FETCHED ALL SALES...
2026-03-28 10:05:19.297 | SUCCESS  | customer_module.customer:display_all_customers:22 - FETCHED ALL CUSTOMERS...
2026-03-28 10:05:19.297 | SUCCESS  | sales_module.sales:dispatch_today:37 - FETCHED TODAY'S DISPATCH STATUS...
2026-03-28 10:05:19.314 | SUCCESS  | sales_module.sales:display_all_sales_stats:144 - FETCHED SALES STATS...
2026-03-28 10:05:19.327 | INFO     | sales_module.sales:dispatch_today:38 - DISPATCH STATUS: True
2026-03-28 10:05:19.330 | SUCCESS  | customer_module.customer:display_all_customers_stats:37 - FETCHED CUSTOMERS STATS...
2026-03-28 10:05:24.275 | INFO     | auth:authenticate_user:42 - USER AUTHENTICATION ATTEMPT FOR USERNAME => (1, 'muzzy', '$2b$12$WSRtEkQIDDv.xWyFu6JI5uGMU8I6ksKdEk7IqgrLP6dNxk7xvAJBq', 'admin')
2026-03-28 10:05:25.410 | INFO     | customer_module.customer:display_all_customers:16 - FETCHING ALL CUSTOMERS...
2026-03-28 10:05:25.412 | INFO     | customer_module.customer:display_all_customers_stats:31 - FETCHING CUSTOMERS STATS...
2026-03-28 10:05:25.445 | INFO     | sales_module.sales:display_all_sales_stats:138 - FETCHING SALES STATS...
2026-03-28 10:05:25.445 | INFO     | sales_module.sales:get_all_sales:226 - GETTING ALL SALES....
2026-03-28 10:05:25.578 | SUCCESS  | customer_module.customer:display_all_customers:22 - FETCHED ALL CUSTOMERS...
2026-03-28 10:05:25.585 | SUCCESS  | customer_module.customer:display_all_customers_stats:37 - FETCHED CUSTOMERS STATS...
2026-03-28 10:05:25.629 | SUCCESS  | sales_module.sales:display_all_sales_stats:144 - FETCHED SALES STATS...
2026-03-28 10:05:25.637 | SUCCESS  | sales_module.sales:get_all_sales:233 - FETCHED ALL SALES...
2026-03-28 10:05:27.673 | INFO     | sales_module.sales:dispatch_today:32 - FETCHING TODAY'S DISPATCH STATUS...
2026-03-28 10:05:27.840 | SUCCESS  | sales_module.sales:dispatch_today:37 - FETCHED TODAY'S DISPATCH STATUS...
2026-03-28 10:05:27.841 | INFO     | sales_module.sales:dispatch_today:38 - DISPATCH STATUS: True
2026-03-28 11:59:21.266 | INFO     | sales_module.sales:dispatch_today:32 - FETCHING TODAY'S DISPATCH STATUS...
2026-03-28 11:59:21.526 | SUCCESS  | sales_module.sales:dispatch_today:37 - FETCHED TODAY'S DISPATCH STATUS...
2026-03-28 11:59:21.527 | INFO     | sales_module.sales:dispatch_today:38 - DISPATCH STATUS: True
2026-03-28 11:59:34.455 | INFO     | auth:authenticate_user:42 - USER AUTHENTICATION ATTEMPT FOR USERNAME => (1, 'muzzy', '$2b$12$WSRtEkQIDDv.xWyFu6JI5uGMU8I6ksKdEk7IqgrLP6dNxk7xvAJBq', 'admin')
2026-03-28 11:59:35.847 | INFO     | customer_module.customer:display_all_customers_stats:31 - FETCHING CUSTOMERS STATS...
2026-03-28 11:59:35.879 | INFO     | customer_module.customer:display_all_customers:16 - FETCHING ALL CUSTOMERS...
2026-03-28 11:59:35.917 | INFO     | sales_module.sales:get_all_sales:226 - GETTING ALL SALES....
2026-03-28 11:59:35.917 | INFO     | sales_module.sales:display_all_sales_stats:138 - FETCHING SALES STATS...
2026-03-28 11:59:36.050 | SUCCESS  | customer_module.customer:display_all_customers_stats:37 - FETCHED CUSTOMERS STATS...
2026-03-28 11:59:36.067 | SUCCESS  | customer_module.customer:display_all_customers:22 - FETCHED ALL CUSTOMERS...
2026-03-28 11:59:36.112 | SUCCESS  | sales_module.sales:get_all_sales:233 - FETCHED ALL SALES...
2026-03-28 11:59:36.112 | SUCCESS  | sales_module.sales:display_all_sales_stats:144 - FETCHED SALES STATS...
2026-03-28 11:59:43.425 | INFO     | sales_module.sales:dispatch_today:32 - FETCHING TODAY'S DISPATCH STATUS...
2026-03-28 11:59:43.617 | SUCCESS  | sales_module.sales:dispatch_today:37 - FETCHED TODAY'S DISPATCH STATUS...
2026-03-28 11:59:43.644 | INFO     | sales_module.sales:dispatch_today:38 - DISPATCH STATUS: True
2026-03-28 12:01:54.679 | INFO     | sales_module.sales:dispatch_today:32 - FETCHING TODAY'S DISPATCH STATUS...
2026-03-28 12:01:54.996 | SUCCESS  | sales_module.sales:dispatch_today:37 - FETCHED TODAY'S DISPATCH STATUS...
2026-03-28 12:01:54.999 | INFO     | sales_module.sales:dispatch_today:38 - DISPATCH STATUS: True
2026-03-28 12:02:02.288 | INFO     | sales_module.sales:dispatch_today:32 - FETCHING TODAY'S DISPATCH STATUS...
2026-03-28 12:02:02.459 | SUCCESS  | sales_module.sales:dispatch_today:37 - FETCHED TODAY'S DISPATCH STATUS...
2026-03-28 12:02:02.470 | INFO     | sales_module.sales:dispatch_today:38 - DISPATCH STATUS: True
2026-03-28 12:02:38.091 | INFO     | sales_module.sales:update_sales:192 - UPDATING THE SALES STATUS WITH ID: <built-in function id>
2026-03-28 12:02:38.312 | SUCCESS  | sales_module.sales:update_sales:194 - UPDATE THE SALES WITH ID <built-in function id> ...
2026-03-28 12:02:38.978 | INFO     | customer_module.customer:display_all_customers_stats:31 - FETCHING CUSTOMERS STATS...
2026-03-28 12:02:38.986 | INFO     | customer_module.customer:display_all_customers:16 - FETCHING ALL CUSTOMERS...
2026-03-28 12:02:39.030 | INFO     | sales_module.sales:display_all_sales_stats:138 - FETCHING SALES STATS...
2026-03-28 12:02:39.031 | INFO     | sales_module.sales:get_all_sales:226 - GETTING ALL SALES....
2026-03-28 12:02:39.184 | SUCCESS  | customer_module.customer:display_all_customers:22 - FETCHED ALL CUSTOMERS...
2026-03-28 12:02:39.188 | SUCCESS  | customer_module.customer:display_all_customers_stats:37 - FETCHED CUSTOMERS STATS...
2026-03-28 12:02:39.216 | SUCCESS  | sales_module.sales:get_all_sales:233 - FETCHED ALL SALES...
2026-03-28 12:02:39.216 | SUCCESS  | sales_module.sales:display_all_sales_stats:144 - FETCHED SALES STATS...
2026-03-28 12:02:55.913 | INFO     | sales_module.sales:get_all_sales:226 - GETTING ALL SALES....
2026-03-28 12:02:56.080 | SUCCESS  | sales_module.sales:get_all_sales:233 - FETCHED ALL SALES...
2026-03-28 12:02:57.313 | INFO     | sales_module.sales:get_all_sales:226 - GETTING ALL SALES....
2026-03-28 12:02:57.492 | SUCCESS  | sales_module.sales:get_all_sales:233 - FETCHED ALL SALES...
2026-03-28 12:03:14.647 | INFO     | sales_module.sales:add_sales:70 - ADDING THE SALES
2026-03-28 12:03:14.835 | SUCCESS  | sales_module.sales:add_sales:72 - ADDED THE SALES ...
2026-03-28 12:03:15.514 | INFO     | customer_module.customer:display_all_customers:16 - FETCHING ALL CUSTOMERS...
2026-03-28 12:03:15.515 | INFO     | customer_module.customer:display_all_customers_stats:31 - FETCHING CUSTOMERS STATS...
2026-03-28 12:03:15.552 | INFO     | sales_module.sales:get_all_sales:226 - GETTING ALL SALES....
2026-03-28 12:03:15.562 | INFO     | sales_module.sales:display_all_sales_stats:138 - FETCHING SALES STATS...
2026-03-28 12:03:15.690 | SUCCESS  | customer_module.customer:display_all_customers:22 - FETCHED ALL CUSTOMERS...
2026-03-28 12:03:15.696 | SUCCESS  | customer_module.customer:display_all_customers_stats:37 - FETCHED CUSTOMERS STATS...
2026-03-28 12:03:15.723 | SUCCESS  | sales_module.sales:get_all_sales:233 - FETCHED ALL SALES...
2026-03-28 12:03:15.749 | SUCCESS  | sales_module.sales:display_all_sales_stats:144 - FETCHED SALES STATS...
2026-03-28 12:03:34.960 | INFO     | sales_module.sales:add_sales:70 - ADDING THE SALES
2026-03-28 12:03:35.136 | SUCCESS  | sales_module.sales:add_sales:72 - ADDED THE SALES ...
2026-03-28 12:03:35.780 | INFO     | customer_module.customer:display_all_customers_stats:31 - FETCHING CUSTOMERS STATS...
2026-03-28 12:03:35.783 | INFO     | customer_module.customer:display_all_customers:16 - FETCHING ALL CUSTOMERS...
2026-03-28 12:03:35.809 | INFO     | sales_module.sales:display_all_sales_stats:138 - FETCHING SALES STATS...
2026-03-28 12:03:35.831 | INFO     | sales_module.sales:get_all_sales:226 - GETTING ALL SALES....
2026-03-28 12:03:35.955 | SUCCESS  | customer_module.customer:display_all_customers:22 - FETCHED ALL CUSTOMERS...
2026-03-28 12:03:35.956 | SUCCESS  | customer_module.customer:display_all_customers_stats:37 - FETCHED CUSTOMERS STATS...
2026-03-28 12:03:35.983 | SUCCESS  | sales_module.sales:display_all_sales_stats:144 - FETCHED SALES STATS...
2026-03-28 12:03:36.009 | SUCCESS  | sales_module.sales:get_all_sales:233 - FETCHED ALL SALES...
2026-03-28 12:06:28.721 | INFO     | sales_module.sales:update_sales:192 - UPDATING THE SALES STATUS WITH ID: <built-in function id>
2026-03-28 12:06:28.895 | SUCCESS  | sales_module.sales:update_sales:194 - UPDATE THE SALES WITH ID <built-in function id> ...
2026-03-28 12:06:29.536 | INFO     | customer_module.customer:display_all_customers_stats:31 - FETCHING CUSTOMERS STATS...
2026-03-28 12:06:29.569 | INFO     | customer_module.customer:display_all_customers:16 - FETCHING ALL CUSTOMERS...
2026-03-28 12:06:29.569 | INFO     | sales_module.sales:display_all_sales_stats:138 - FETCHING SALES STATS...
2026-03-28 12:06:29.571 | INFO     | sales_module.sales:get_all_sales:226 - GETTING ALL SALES....
2026-03-28 12:06:29.708 | SUCCESS  | customer_module.customer:display_all_customers_stats:37 - FETCHED CUSTOMERS STATS...
2026-03-28 12:06:29.746 | SUCCESS  | sales_module.sales:get_all_sales:233 - FETCHED ALL SALES...
2026-03-28 12:06:29.746 | SUCCESS  | sales_module.sales:display_all_sales_stats:144 - FETCHED SALES STATS...
2026-03-28 12:06:29.747 | SUCCESS  | customer_module.customer:display_all_customers:22 - FETCHED ALL CUSTOMERS...
2026-03-28 12:06:32.137 | INFO     | sales_module.sales:update_sales:192 - UPDATING THE SALES STATUS WITH ID: <built-in function id>
2026-03-28 12:06:32.306 | SUCCESS  | sales_module.sales:update_sales:194 - UPDATE THE SALES WITH ID <built-in function id> ...
2026-03-28 12:06:32.959 | INFO     | customer_module.customer:display_all_customers:16 - FETCHING ALL CUSTOMERS...
2026-03-28 12:06:32.970 | INFO     | customer_module.customer:display_all_customers_stats:31 - FETCHING CUSTOMERS STATS...
2026-03-28 12:06:32.971 | INFO     | sales_module.sales:display_all_sales_stats:138 - FETCHING SALES STATS...
2026-03-28 12:06:32.993 | INFO     | sales_module.sales:get_all_sales:226 - GETTING ALL SALES....
2026-03-28 12:06:33.135 | SUCCESS  | customer_module.customer:display_all_customers:22 - FETCHED ALL CUSTOMERS...
2026-03-28 12:06:33.164 | SUCCESS  | customer_module.customer:display_all_customers_stats:37 - FETCHED CUSTOMERS STATS...
2026-03-28 12:06:33.164 | SUCCESS  | sales_module.sales:display_all_sales_stats:144 - FETCHED SALES STATS...
2026-03-28 12:06:33.166 | SUCCESS  | sales_module.sales:get_all_sales:233 - FETCHED ALL SALES...
2026-03-28 12:07:07.788 | INFO     | sales_module.sales:dispatch_today:32 - FETCHING TODAY'S DISPATCH STATUS...
2026-03-28 12:07:08.062 | SUCCESS  | sales_module.sales:dispatch_today:37 - FETCHED TODAY'S DISPATCH STATUS...
2026-03-28 12:07:08.065 | INFO     | sales_module.sales:dispatch_today:38 - DISPATCH STATUS: True
2026-03-28 12:07:38.570 | INFO     | sales_module.sales:get_all_sales:226 - GETTING ALL SALES....
2026-03-28 12:07:38.829 | SUCCESS  | sales_module.sales:get_all_sales:233 - FETCHED ALL SALES...
2026-03-28 12:11:15.507 | INFO     | sales_module.sales:get_all_sales:226 - GETTING ALL SALES....
2026-03-28 12:11:15.681 | SUCCESS  | sales_module.sales:get_all_sales:233 - FETCHED ALL SALES...
2026-03-28 12:12:28.751 | INFO     | customer_module.customer:display_all_customers_stats:31 - FETCHING CUSTOMERS STATS...
2026-03-28 12:12:28.949 | SUCCESS  | customer_module.customer:display_all_customers_stats:37 - FETCHED CUSTOMERS STATS...
2026-03-28 12:15:20.698 | INFO     | sales_module.sales:display_all_sales_stats:138 - FETCHING SALES STATS...
2026-03-28 12:15:20.879 | SUCCESS  | sales_module.sales:display_all_sales_stats:144 - FETCHED SALES STATS...
2026-03-29 07:59:41.029 | ERROR    | auth:authenticate_user:56 - ERROR OCCURED DURING USER AUTHENTICATION => connection to server at "localhost" (::1), port 5432 failed: fe_sendauth: no password supplied

2026-03-29 08:00:18.176 | ERROR    | auth:authenticate_user:56 - ERROR OCCURED DURING USER AUTHENTICATION => connection to server at "localhost" (::1), port 5432 failed: fe_sendauth: no password supplied

2026-03-29 08:00:27.117 | ERROR    | auth:authenticate_user:56 - ERROR OCCURED DURING USER AUTHENTICATION => connection to server at "localhost" (::1), port 5432 failed: fe_sendauth: no password supplied

2026-03-29 08:00:28.142 | ERROR    | auth:authenticate_user:56 - ERROR OCCURED DURING USER AUTHENTICATION => connection to server at "localhost" (::1), port 5432 failed: fe_sendauth: no password supplied

2026-03-29 08:18:02.446 | ERROR    | auth:authenticate_user:62 - ERROR OCCURED DURING USER AUTHENTICATION => connection to server at "localhost" (::1), port 5432 failed: fe_sendauth: no password supplied

2026-03-29 08:18:15.721 | ERROR    | auth:authenticate_user:62 - ERROR OCCURED DURING USER AUTHENTICATION => connection to server at "localhost" (::1), port 5432 failed: fe_sendauth: no password supplied

2026-03-29 08:19:48.032 | ERROR    | auth:authenticate_user:64 - ERROR OCCURED DURING USER AUTHENTICATION => connection to server at "aws-1-ap-southeast-1.pooler.supabase.com" (13.213.241.248), port 5432 failed: FATAL:  password authentication failed for user "postgres"
connection to server at "aws-1-ap-southeast-1.pooler.supabase.com" (13.213.241.248), port 5432 failed: FATAL:  password authentication failed for user "postgres"

2026-03-29 08:21:00.522 | ERROR    | auth:authenticate_user:64 - ERROR OCCURED DURING USER AUTHENTICATION => relation "schema_users.users" does not exist
LINE 1: SELECT user_id, user_name, password, role FROM schema_users....
                                                       ^

2026-03-29 08:22:31.695 | ERROR    | auth:authenticate_user:64 - ERROR OCCURED DURING USER AUTHENTICATION => connection to server at "aws-1-ap-southeast-1.pooler.supabase.com" (13.213.241.248), port 5432 failed: FATAL:  password authentication failed for user "postgres"
connection to server at "aws-1-ap-southeast-1.pooler.supabase.com" (13.213.241.248), port 5432 failed: FATAL:  password authentication failed for user "postgres"

2026-03-29 08:23:28.027 | ERROR    | auth:authenticate_user:64 - ERROR OCCURED DURING USER AUTHENTICATION => connection to server at "aws-1-ap-southeast-1.pooler.supabase.com" (13.213.241.248), port 5432 failed: FATAL:  Authentication error, reason: "Authentication query failed: Connection to database not available", context: Handshake

2026-03-29 08:25:04.673 | ERROR    | auth:authenticate_user:64 - ERROR OCCURED DURING USER AUTHENTICATION => connection to server at "aws-1-ap-southeast-1.pooler.supabase.com" (13.213.241.248), port 5432 failed: FATAL:  Authentication error, reason: "Authentication query failed: Connection to database not available", context: Handshake

2026-03-29 08:26:15.381 | ERROR    | auth:authenticate_user:64 - ERROR OCCURED DURING USER AUTHENTICATION => connection to server at "aws-1-ap-southeast-1.pooler.supabase.com" (3.1.167.181), port 5432 failed: FATAL:  Authentication error, reason: "Authentication query failed: Connection to database not available", context: Handshake
connection to server at "aws-1-ap-southeast-1.pooler.supabase.com" (3.1.167.181), port 5432 failed: FATAL:  Authentication error, reason: "Authentication query failed: Connection to database not available", context: Handshake

2026-03-29 08:28:04.512 | INFO     | auth:authenticate_user:52 - USER AUTHENTICATION ATTEMPT FOR USERNAME => (1, 'muzzy', '$2b$12$WSRtEkQIDDv.xWyFu6JI5uGMU8I6ksKdEk7IqgrLP6dNxk7xvAJBq', 'admin')
2026-03-29 08:28:05.758 | CRITICAL | database:GET_DB:42 - DATABASE SERVER IS DEAD AND CONNECTION LOST DURING TRANSCATION... connection to server at "localhost" (::1), port 5432 failed: fe_sendauth: no password supplied

2026-03-29 08:28:05.852 | CRITICAL | database:GET_DB:42 - DATABASE SERVER IS DEAD AND CONNECTION LOST DURING TRANSCATION... connection to server at "localhost" (::1), port 5432 failed: fe_sendauth: no password supplied

2026-03-29 08:28:05.889 | CRITICAL | database:GET_DB:42 - DATABASE SERVER IS DEAD AND CONNECTION LOST DURING TRANSCATION... connection to server at "localhost" (::1), port 5432 failed: fe_sendauth: no password supplied

2026-03-29 08:28:05.917 | CRITICAL | database:GET_DB:42 - DATABASE SERVER IS DEAD AND CONNECTION LOST DURING TRANSCATION... connection to server at "localhost" (::1), port 5432 failed: fe_sendauth: no password supplied

2026-03-29 08:28:31.430 | CRITICAL | database:GET_DB:42 - DATABASE SERVER IS DEAD AND CONNECTION LOST DURING TRANSCATION... connection to server at "localhost" (::1), port 5432 failed: fe_sendauth: no password supplied

2026-03-29 08:28:32.532 | CRITICAL | database:GET_DB:42 - DATABASE SERVER IS DEAD AND CONNECTION LOST DURING TRANSCATION... connection to server at "localhost" (::1), port 5432 failed: fe_sendauth: no password supplied

2026-03-29 08:29:28.850 | INFO     | auth:authenticate_user:52 - USER AUTHENTICATION ATTEMPT FOR USERNAME => (1, 'muzzy', '$2b$12$WSRtEkQIDDv.xWyFu6JI5uGMU8I6ksKdEk7IqgrLP6dNxk7xvAJBq', 'admin')
2026-03-29 08:29:30.149 | CRITICAL | database:GET_DB:42 - DATABASE SERVER IS DEAD AND CONNECTION LOST DURING TRANSCATION... connection to server at "localhost" (::1), port 5432 failed: fe_sendauth: no password supplied

2026-03-29 08:29:30.266 | CRITICAL | database:GET_DB:42 - DATABASE SERVER IS DEAD AND CONNECTION LOST DURING TRANSCATION... connection to server at "localhost" (::1), port 5432 failed: fe_sendauth: no password supplied

2026-03-29 08:29:30.368 | CRITICAL | database:GET_DB:42 - DATABASE SERVER IS DEAD AND CONNECTION LOST DURING TRANSCATION... connection to server at "localhost" (::1), port 5432 failed: fe_sendauth: no password supplied

2026-03-29 08:29:30.374 | CRITICAL | database:GET_DB:42 - DATABASE SERVER IS DEAD AND CONNECTION LOST DURING TRANSCATION... connection to server at "localhost" (::1), port 5432 failed: fe_sendauth: no password supplied

2026-03-29 08:29:39.554 | INFO     | auth:authenticate_user:52 - USER AUTHENTICATION ATTEMPT FOR USERNAME => (1, 'muzzy', '$2b$12$WSRtEkQIDDv.xWyFu6JI5uGMU8I6ksKdEk7IqgrLP6dNxk7xvAJBq', 'admin')
2026-03-29 08:29:41.127 | INFO     | customer_module.customer:display_all_customers:16 - FETCHING ALL CUSTOMERS...
2026-03-29 08:29:41.128 | INFO     | sales_module.sales:display_all_sales_stats:138 - FETCHING SALES STATS...
2026-03-29 08:29:41.128 | INFO     | customer_module.customer:display_all_customers_stats:31 - FETCHING CUSTOMERS STATS...
2026-03-29 08:29:41.128 | INFO     | sales_module.sales:get_all_sales:226 - GETTING ALL SALES....
2026-03-29 08:29:41.363 | SUCCESS  | customer_module.customer:display_all_customers_stats:37 - FETCHED CUSTOMERS STATS...
2026-03-29 08:29:41.364 | SUCCESS  | sales_module.sales:display_all_sales_stats:146 - NO SALES SO NO STATS FETCHED...
2026-03-29 08:29:41.364 | SUCCESS  | customer_module.customer:display_all_customers:22 - FETCHED ALL CUSTOMERS...
2026-03-29 08:29:41.568 | SUCCESS  | sales_module.sales:get_all_sales:236 - NO SALES FETCH...
2026-03-29 08:29:43.887 | INFO     | sales_module.sales:dispatch_today:32 - FETCHING TODAY'S DISPATCH STATUS...
2026-03-29 08:29:44.070 | SUCCESS  | sales_module.sales:dispatch_today:37 - FETCHED TODAY'S DISPATCH STATUS...
2026-03-29 08:29:44.096 | INFO     | sales_module.sales:dispatch_today:38 - DISPATCH STATUS: False
2026-03-29 08:29:44.656 | INFO     | sales_module.sales:dispatch_customers:16 - FETCHING CUSTOMERS TO DISPATCH...
2026-03-29 08:29:44.832 | SUCCESS  | sales_module.sales:dispatch_customers:23 - FETCHED CUSTOMERS TO DISPATCH...
2026-04-25 14:59:19.396 | CRITICAL | database:GET_DB:43 - DATABASE SERVER IS DEAD AND CONNECTION LOST DURING TRANSCATION... connection to server at "localhost" (::1), port 5432 failed: fe_sendauth: no password supplied

2026-04-25 14:59:19.401 | CRITICAL | database:GET_DB:43 - DATABASE SERVER IS DEAD AND CONNECTION LOST DURING TRANSCATION... connection to server at "localhost" (::1), port 5432 failed: fe_sendauth: no password supplied

2026-04-25 14:59:19.408 | CRITICAL | database:GET_DB:43 - DATABASE SERVER IS DEAD AND CONNECTION LOST DURING TRANSCATION... connection to server at "localhost" (::1), port 5432 failed: fe_sendauth: no password supplied

2026-04-25 14:59:19.424 | CRITICAL | database:GET_DB:43 - DATABASE SERVER IS DEAD AND CONNECTION LOST DURING TRANSCATION... connection to server at "localhost" (::1), port 5432 failed: fe_sendauth: no password supplied

2026-04-25 14:59:24.509 | CRITICAL | database:GET_DB:43 - DATABASE SERVER IS DEAD AND CONNECTION LOST DURING TRANSCATION... connection to server at "localhost" (::1), port 5432 failed: fe_sendauth: no password supplied

2026-04-25 14:59:26.424 | CRITICAL | database:GET_DB:43 - DATABASE SERVER IS DEAD AND CONNECTION LOST DURING TRANSCATION... connection to server at "localhost" (::1), port 5432 failed: fe_sendauth: no password supplied

2026-04-25 14:59:31.045 | CRITICAL | database:GET_DB:43 - DATABASE SERVER IS DEAD AND CONNECTION LOST DURING TRANSCATION... connection to server at "localhost" (::1), port 5432 failed: fe_sendauth: no password supplied

2026-04-25 15:01:03.429 | INFO     | customer_module.customer:display_all_customers_stats:31 - FETCHING CUSTOMERS STATS...
2026-04-25 15:01:03.501 | INFO     | sales_module.sales:display_all_sales_stats:138 - FETCHING SALES STATS...
2026-04-25 15:01:03.553 | SUCCESS  | customer_module.customer:display_all_customers_stats:39 - NO CUSTOMERS SO NO STATS FETCHED...
2026-04-25 15:01:03.555 | SUCCESS  | sales_module.sales:display_all_sales_stats:146 - NO SALES SO NO STATS FETCHED...
2026-04-25 15:01:03.627 | INFO     | customer_module.customer:display_all_customers:16 - FETCHING ALL CUSTOMERS...
2026-04-25 15:01:03.638 | SUCCESS  | customer_module.customer:display_all_customers:24 - NO CUSTOMERS TO FETCH...
2026-04-25 15:01:03.648 | INFO     | sales_module.sales:get_all_sales:226 - GETTING ALL SALES....
2026-04-25 15:01:03.673 | SUCCESS  | sales_module.sales:get_all_sales:236 - NO SALES FETCH...
2026-04-25 15:01:08.124 | INFO     | sales_module.sales:dispatch_today:32 - FETCHING TODAY'S DISPATCH STATUS...
2026-04-25 15:01:08.132 | SUCCESS  | sales_module.sales:dispatch_today:37 - FETCHED TODAY'S DISPATCH STATUS...
2026-04-25 15:01:08.132 | INFO     | sales_module.sales:dispatch_today:38 - DISPATCH STATUS: False
2026-04-25 15:01:08.248 | INFO     | sales_module.sales:dispatch_customers:16 - FETCHING CUSTOMERS TO DISPATCH...
2026-04-25 15:01:08.256 | SUCCESS  | sales_module.sales:dispatch_customers:26 - NO CUSTOMERS TO DISPATCH...
2026-04-25 15:03:13.904 | INFO     | sales_module.sales:get_all_sales:226 - GETTING ALL SALES....
2026-04-25 15:03:13.905 | INFO     | customer_module.customer:display_all_customers_stats:31 - FETCHING CUSTOMERS STATS...
2026-04-25 15:03:14.052 | SUCCESS  | sales_module.sales:get_all_sales:236 - NO SALES FETCH...
2026-04-25 15:03:14.153 | SUCCESS  | customer_module.customer:display_all_customers_stats:39 - NO CUSTOMERS SO NO STATS FETCHED...
2026-04-25 15:03:14.168 | INFO     | customer_module.customer:display_all_customers:16 - FETCHING ALL CUSTOMERS...
2026-04-25 15:03:14.233 | SUCCESS  | customer_module.customer:display_all_customers:24 - NO CUSTOMERS TO FETCH...
2026-04-25 15:03:14.597 | INFO     | sales_module.sales:display_all_sales_stats:138 - FETCHING SALES STATS...
2026-04-25 15:03:14.697 | SUCCESS  | sales_module.sales:display_all_sales_stats:146 - NO SALES SO NO STATS FETCHED...
2026-04-25 15:04:23.745 | INFO     | sales_module.sales:get_all_sales:226 - GETTING ALL SALES....
2026-04-25 15:04:23.818 | SUCCESS  | sales_module.sales:get_all_sales:236 - NO SALES FETCH...
2026-04-25 15:04:23.856 | INFO     | customer_module.customer:display_all_customers:16 - FETCHING ALL CUSTOMERS...
2026-04-25 15:04:23.940 | SUCCESS  | customer_module.customer:display_all_customers:24 - NO CUSTOMERS TO FETCH...
2026-04-25 15:04:24.013 | INFO     | customer_module.customer:display_all_customers_stats:31 - FETCHING CUSTOMERS STATS...
2026-04-25 15:04:24.036 | SUCCESS  | customer_module.customer:display_all_customers_stats:39 - NO CUSTOMERS SO NO STATS FETCHED...
2026-04-25 15:04:24.050 | INFO     | sales_module.sales:display_all_sales_stats:138 - FETCHING SALES STATS...
2026-04-25 15:04:24.064 | SUCCESS  | sales_module.sales:display_all_sales_stats:146 - NO SALES SO NO STATS FETCHED...
2026-04-25 15:04:27.989 | INFO     | customer_module.customer:filter_customers:44 - FETCHING FILTERED CUSTOMERS...
2026-04-25 15:04:27.993 | SUCCESS  | customer_module.customer:filter_customers:67 - NO CUSTOMERS SO FILTERED CUSTOMERS FETCHED...
2026-04-25 15:06:43.949 | INFO     | sales_module.sales:add_sales:70 - ADDING THE SALES
2026-04-25 15:06:43.976 | ERROR    | database:GET_DB:63 - LOGIC ERROR OR BACKEND ERROR => insert or update on table "sales" violates foreign key constraint "fk_sales_modified_by"
DETAIL:  Key (modified_by)=(0) is not present in table "users".
CONTEXT:  SQL statement "INSERT INTO schema_sales.sales (consumer_name, cust_id, sales_type, litres, bottles, price, sales_status, modified_by, created_at)
        VALUES (v_consumer_name, v_cust_id, v_sales_type::schema_sales.sales_category, v_litres, v_bottles, v_price, v_sales_status::schema_sales.sales_status, 
                v_user_id, v_reporting_time)"
PL/pgSQL function schema_sales.add_sales(jsonb) line 124 at SQL statement

2026-04-25 15:06:48.312 | INFO     | sales_module.sales:search_customer:172 - SEARCHING CUSTOMER: Mu...
2026-04-25 15:06:48.317 | SUCCESS  | sales_module.sales:search_customer:182 - NO CUSTOMER WITH q: Mu
2026-04-25 15:06:51.567 | INFO     | sales_module.sales:get_all_sales:226 - GETTING ALL SALES....
2026-04-25 15:06:51.575 | SUCCESS  | sales_module.sales:get_all_sales:236 - NO SALES FETCH...
2026-04-25 15:06:52.808 | INFO     | sales_module.sales:get_all_sales:226 - GETTING ALL SALES....
2026-04-25 15:06:52.814 | SUCCESS  | sales_module.sales:get_all_sales:236 - NO SALES FETCH...
2026-04-25 15:06:53.719 | INFO     | sales_module.sales:get_all_sales:226 - GETTING ALL SALES....
2026-04-25 15:06:53.725 | SUCCESS  | sales_module.sales:get_all_sales:236 - NO SALES FETCH...
2026-04-25 15:06:54.438 | INFO     | sales_module.sales:get_all_sales:226 - GETTING ALL SALES....
2026-04-25 15:06:54.443 | SUCCESS  | sales_module.sales:get_all_sales:236 - NO SALES FETCH...
2026-04-25 15:07:00.227 | INFO     | sales_module.sales:dispatch_today:32 - FETCHING TODAY'S DISPATCH STATUS...
2026-04-25 15:07:00.230 | SUCCESS  | sales_module.sales:dispatch_today:37 - FETCHED TODAY'S DISPATCH STATUS...
2026-04-25 15:07:00.231 | INFO     | sales_module.sales:dispatch_today:38 - DISPATCH STATUS: False
2026-04-25 15:07:00.437 | INFO     | sales_module.sales:dispatch_customers:16 - FETCHING CUSTOMERS TO DISPATCH...
2026-04-25 15:07:00.441 | SUCCESS  | sales_module.sales:dispatch_customers:26 - NO CUSTOMERS TO DISPATCH...
2026-04-25 15:07:02.402 | INFO     | sales_module.sales:dispatch_today:32 - FETCHING TODAY'S DISPATCH STATUS...
2026-04-25 15:07:02.406 | SUCCESS  | sales_module.sales:dispatch_today:37 - FETCHED TODAY'S DISPATCH STATUS...
2026-04-25 15:07:02.406 | INFO     | sales_module.sales:dispatch_today:38 - DISPATCH STATUS: False
2026-04-25 15:07:02.492 | INFO     | sales_module.sales:dispatch_customers:16 - FETCHING CUSTOMERS TO DISPATCH...
2026-04-25 15:07:02.495 | SUCCESS  | sales_module.sales:dispatch_customers:26 - NO CUSTOMERS TO DISPATCH...
2026-04-25 15:09:46.330 | INFO     | customer_module.customer:add_customer:117 - ADDING THE CUSTOMER name='muzamil' cell_phone='03212551504' address='' unit_price=60 advance_money=0 is_active=None user_id=None regular_bottles=2 ...
2026-04-25 15:09:46.352 | ERROR    | database:GET_DB:63 - LOGIC ERROR OR BACKEND ERROR => insert or update on table "customers" violates foreign key constraint "fk_users"
DETAIL:  Key (modified_by)=(0) is not present in table "users".
CONTEXT:  SQL statement "INSERT INTO schema_customers.customers (
        name, 
        cell_phone, 
        address, 
        unit_price, 
        is_active, 
        advance_money,
		modified_by,
		regular_bottles
		
    ) 
    VALUES (
        p_name, 
        p_cell_phone, 
        p_address, 
        p_unit_price, 
        p_is_active, 
        p_advance_money,
		p_modified_by,
		p_regular_bottles
    )"
PL/pgSQL function schema_customers.add_customer(jsonb) line 54 at SQL statement

2026-04-25 15:11:56.645 | INFO     | customer_module.customer:display_all_customers:16 - FETCHING ALL CUSTOMERS...
2026-04-25 15:11:56.664 | SUCCESS  | customer_module.customer:display_all_customers:24 - NO CUSTOMERS TO FETCH...
2026-04-25 15:11:56.690 | INFO     | sales_module.sales:get_all_sales:226 - GETTING ALL SALES....
2026-04-25 15:11:56.706 | SUCCESS  | sales_module.sales:get_all_sales:236 - NO SALES FETCH...
2026-04-25 15:11:56.726 | INFO     | sales_module.sales:display_all_sales_stats:138 - FETCHING SALES STATS...
2026-04-25 15:11:56.729 | INFO     | customer_module.customer:display_all_customers_stats:31 - FETCHING CUSTOMERS STATS...
2026-04-25 15:11:56.749 | SUCCESS  | sales_module.sales:display_all_sales_stats:146 - NO SALES SO NO STATS FETCHED...
2026-04-25 15:11:56.756 | SUCCESS  | customer_module.customer:display_all_customers_stats:39 - NO CUSTOMERS SO NO STATS FETCHED...
2026-04-25 15:18:48.036 | INFO     | sales_module.sales:get_all_sales:226 - GETTING ALL SALES....
2026-04-25 15:18:48.109 | SUCCESS  | sales_module.sales:get_all_sales:236 - NO SALES FETCH...
2026-04-25 15:18:48.171 | INFO     | customer_module.customer:display_all_customers_stats:31 - FETCHING CUSTOMERS STATS...
2026-04-25 15:18:48.218 | INFO     | customer_module.customer:display_all_customers:16 - FETCHING ALL CUSTOMERS...
2026-04-25 15:18:48.271 | SUCCESS  | customer_module.customer:display_all_customers:24 - NO CUSTOMERS TO FETCH...
2026-04-25 15:18:48.275 | SUCCESS  | customer_module.customer:display_all_customers_stats:39 - NO CUSTOMERS SO NO STATS FETCHED...
2026-04-25 15:18:48.343 | INFO     | sales_module.sales:display_all_sales_stats:138 - FETCHING SALES STATS...
2026-04-25 15:18:48.358 | SUCCESS  | sales_module.sales:display_all_sales_stats:146 - NO SALES SO NO STATS FETCHED...
2026-04-25 15:19:00.773 | INFO     | customer_module.customer:add_customer:117 - ADDING THE CUSTOMER name='muzzy boss' cell_phone='03212551504' address='' unit_price=60 advance_money=0 is_active=None user_id=None regular_bottles=10 ...
2026-04-25 15:19:00.785 | SUCCESS  | customer_module.customer:add_customer:121 - ADDED THE CUSTOMER...
2026-04-25 15:19:01.051 | INFO     | customer_module.customer:display_all_customers_stats:31 - FETCHING CUSTOMERS STATS...
2026-04-25 15:19:01.152 | INFO     | customer_module.customer:display_all_customers:16 - FETCHING ALL CUSTOMERS...
2026-04-25 15:19:01.175 | SUCCESS  | customer_module.customer:display_all_customers_stats:37 - FETCHED CUSTOMERS STATS...
2026-04-25 15:19:01.196 | INFO     | sales_module.sales:get_all_sales:226 - GETTING ALL SALES....
2026-04-25 15:19:01.203 | INFO     | sales_module.sales:display_all_sales_stats:138 - FETCHING SALES STATS...
2026-04-25 15:19:01.208 | SUCCESS  | customer_module.customer:display_all_customers:22 - FETCHED ALL CUSTOMERS...
2026-04-25 15:19:01.239 | SUCCESS  | sales_module.sales:get_all_sales:236 - NO SALES FETCH...
2026-04-25 15:19:01.259 | SUCCESS  | sales_module.sales:display_all_sales_stats:146 - NO SALES SO NO STATS FETCHED...
2026-04-25 15:19:12.320 | INFO     | customer_module.customer:display_customer:136 - GETTING THE CUSTOMER 2 ...
2026-04-25 15:19:12.333 | SUCCESS  | customer_module.customer:display_customer:145 - GOT THE CUSTOMER 2 ...
2026-04-25 15:19:20.162 | INFO     | customer_module.customer:update_customer:100 - UPDATING THE CUSTOMER 2 => {'name': 'muzzy', 'regular_bottles': 10} ..
2026-04-25 15:19:20.175 | SUCCESS  | customer_module.customer:update_customer:103 - UPDATED THE CUSTOMER 2 ...
2026-04-25 15:19:20.342 | INFO     | customer_module.customer:display_customer:136 - GETTING THE CUSTOMER 2 ...
2026-04-25 15:19:20.375 | SUCCESS  | customer_module.customer:display_customer:145 - GOT THE CUSTOMER 2 ...
2026-04-25 15:19:20.376 | INFO     | customer_module.customer:display_all_customers_stats:31 - FETCHING CUSTOMERS STATS...
2026-04-25 15:19:20.416 | SUCCESS  | customer_module.customer:display_all_customers_stats:37 - FETCHED CUSTOMERS STATS...
2026-04-25 15:19:20.467 | INFO     | sales_module.sales:get_all_sales:226 - GETTING ALL SALES....
2026-04-25 15:19:20.467 | INFO     | customer_module.customer:display_all_customers:16 - FETCHING ALL CUSTOMERS...
2026-04-25 15:19:20.482 | INFO     | sales_module.sales:display_all_sales_stats:138 - FETCHING SALES STATS...
2026-04-25 15:19:20.495 | SUCCESS  | customer_module.customer:display_all_customers:22 - FETCHED ALL CUSTOMERS...
2026-04-25 15:19:20.497 | SUCCESS  | sales_module.sales:get_all_sales:236 - NO SALES FETCH...
2026-04-25 15:19:20.501 | SUCCESS  | sales_module.sales:display_all_sales_stats:146 - NO SALES SO NO STATS FETCHED...
2026-04-25 15:19:35.078 | INFO     | sales_module.sales:dispatch_today:32 - FETCHING TODAY'S DISPATCH STATUS...
2026-04-25 15:19:35.083 | SUCCESS  | sales_module.sales:dispatch_today:37 - FETCHED TODAY'S DISPATCH STATUS...
2026-04-25 15:19:35.084 | INFO     | sales_module.sales:dispatch_today:38 - DISPATCH STATUS: False
2026-04-25 15:19:35.209 | INFO     | sales_module.sales:dispatch_customers:16 - FETCHING CUSTOMERS TO DISPATCH...
2026-04-25 15:19:35.214 | SUCCESS  | sales_module.sales:dispatch_customers:23 - FETCHED CUSTOMERS TO DISPATCH...
2026-04-25 15:19:39.166 | INFO     | sales_module.sales:dispatch_today:32 - FETCHING TODAY'S DISPATCH STATUS...
2026-04-25 15:19:39.175 | SUCCESS  | sales_module.sales:dispatch_today:37 - FETCHED TODAY'S DISPATCH STATUS...
2026-04-25 15:19:39.176 | INFO     | sales_module.sales:dispatch_today:38 - DISPATCH STATUS: False
2026-04-25 15:19:39.310 | INFO     | sales_module.sales:dispatch_customers:16 - FETCHING CUSTOMERS TO DISPATCH...
2026-04-25 15:19:39.319 | SUCCESS  | sales_module.sales:dispatch_customers:23 - FETCHED CUSTOMERS TO DISPATCH...
2026-04-25 15:19:43.096 | INFO     | sales_module.sales:dispatch_today:32 - FETCHING TODAY'S DISPATCH STATUS...
2026-04-25 15:19:43.101 | SUCCESS  | sales_module.sales:dispatch_today:37 - FETCHED TODAY'S DISPATCH STATUS...
2026-04-25 15:19:43.103 | INFO     | sales_module.sales:dispatch_today:38 - DISPATCH STATUS: False
2026-04-25 15:19:43.221 | INFO     | sales_module.sales:dispatch_customers:16 - FETCHING CUSTOMERS TO DISPATCH...
2026-04-25 15:19:43.227 | SUCCESS  | sales_module.sales:dispatch_customers:23 - FETCHED CUSTOMERS TO DISPATCH...
2026-04-25 15:20:04.872 | INFO     | sales_module.sales:search_customer:172 - SEARCHING CUSTOMER: Mu...
2026-04-25 15:20:04.879 | SUCCESS  | sales_module.sales:search_customer:179 - FETCHED CUSTOMER: Mu
2026-04-25 15:20:06.091 | INFO     | sales_module.sales:search_customer:172 - SEARCHING CUSTOMER: muzzy...
2026-04-25 15:20:06.105 | SUCCESS  | sales_module.sales:search_customer:179 - FETCHED CUSTOMER: muzzy
2026-04-25 15:20:11.991 | INFO     | sales_module.sales:add_sales:70 - ADDING THE SALES
2026-04-25 15:20:12.009 | SUCCESS  | sales_module.sales:add_sales:72 - ADDED THE SALES ...
2026-04-25 15:20:12.188 | INFO     | customer_module.customer:display_all_customers:16 - FETCHING ALL CUSTOMERS...
2026-04-25 15:20:12.201 | INFO     | sales_module.sales:display_all_sales_stats:138 - FETCHING SALES STATS...
2026-04-25 15:20:12.204 | SUCCESS  | customer_module.customer:display_all_customers:22 - FETCHED ALL CUSTOMERS...
2026-04-25 15:20:12.219 | INFO     | customer_module.customer:display_all_customers_stats:31 - FETCHING CUSTOMERS STATS...
2026-04-25 15:20:12.225 | SUCCESS  | sales_module.sales:display_all_sales_stats:144 - FETCHED SALES STATS...
2026-04-25 15:20:12.243 | INFO     | sales_module.sales:get_all_sales:226 - GETTING ALL SALES....
2026-04-25 15:20:12.244 | SUCCESS  | customer_module.customer:display_all_customers_stats:37 - FETCHED CUSTOMERS STATS...
2026-04-25 15:20:12.270 | SUCCESS  | sales_module.sales:get_all_sales:233 - FETCHED ALL SALES...
2026-04-25 15:20:15.282 | INFO     | sales_module.sales:get_sales:245 - GETTING SALES OF ID: 2...
2026-04-25 15:20:15.299 | SUCCESS  | sales_module.sales:get_sales:252 - FETCHED SALES WITH ID: 2
2026-04-25 15:20:20.564 | INFO     | sales_module.sales:dispatch_today:32 - FETCHING TODAY'S DISPATCH STATUS...
2026-04-25 15:20:20.570 | SUCCESS  | sales_module.sales:dispatch_today:37 - FETCHED TODAY'S DISPATCH STATUS...
2026-04-25 15:20:20.571 | INFO     | sales_module.sales:dispatch_today:38 - DISPATCH STATUS: False
2026-04-25 15:20:20.699 | INFO     | sales_module.sales:dispatch_customers:16 - FETCHING CUSTOMERS TO DISPATCH...
2026-04-25 15:20:20.706 | SUCCESS  | sales_module.sales:dispatch_customers:23 - FETCHED CUSTOMERS TO DISPATCH...
2026-04-25 15:20:29.287 | INFO     | sales_module.sales:dispatch_today:32 - FETCHING TODAY'S DISPATCH STATUS...
2026-04-25 15:20:29.292 | SUCCESS  | sales_module.sales:dispatch_today:37 - FETCHED TODAY'S DISPATCH STATUS...
2026-04-25 15:20:29.292 | INFO     | sales_module.sales:dispatch_today:38 - DISPATCH STATUS: False
2026-04-25 15:20:29.423 | INFO     | sales_module.sales:dispatch_customers:16 - FETCHING CUSTOMERS TO DISPATCH...
2026-04-25 15:20:29.432 | SUCCESS  | sales_module.sales:dispatch_customers:23 - FETCHED CUSTOMERS TO DISPATCH...
2026-04-25 15:20:42.456 | INFO     | sales_module.sales:dispatch_today:32 - FETCHING TODAY'S DISPATCH STATUS...
2026-04-25 15:20:42.464 | SUCCESS  | sales_module.sales:dispatch_today:37 - FETCHED TODAY'S DISPATCH STATUS...
2026-04-25 15:20:42.465 | INFO     | sales_module.sales:dispatch_today:38 - DISPATCH STATUS: False
2026-04-25 15:20:42.738 | INFO     | sales_module.sales:dispatch_customers:16 - FETCHING CUSTOMERS TO DISPATCH...
2026-04-25 15:20:42.750 | SUCCESS  | sales_module.sales:dispatch_customers:23 - FETCHED CUSTOMERS TO DISPATCH...
2026-04-25 15:20:44.500 | INFO     | sales_module.sales:dispatch_today:32 - FETCHING TODAY'S DISPATCH STATUS...
2026-04-25 15:20:44.506 | SUCCESS  | sales_module.sales:dispatch_today:37 - FETCHED TODAY'S DISPATCH STATUS...
2026-04-25 15:20:44.510 | INFO     | sales_module.sales:dispatch_today:38 - DISPATCH STATUS: False
2026-04-25 15:20:44.651 | INFO     | sales_module.sales:dispatch_customers:16 - FETCHING CUSTOMERS TO DISPATCH...
2026-04-25 15:20:44.656 | SUCCESS  | sales_module.sales:dispatch_customers:23 - FETCHED CUSTOMERS TO DISPATCH...
2026-04-25 15:20:45.833 | INFO     | sales_module.sales:get_all_sales:226 - GETTING ALL SALES....
2026-04-25 15:20:45.842 | SUCCESS  | sales_module.sales:get_all_sales:233 - FETCHED ALL SALES...
2026-04-25 15:20:48.314 | INFO     | sales_module.sales:get_all_sales:226 - GETTING ALL SALES....
2026-04-25 15:20:48.322 | SUCCESS  | sales_module.sales:get_all_sales:233 - FETCHED ALL SALES...
2026-04-25 15:20:49.508 | INFO     | sales_module.sales:get_all_sales:226 - GETTING ALL SALES....
2026-04-25 15:20:49.519 | SUCCESS  | sales_module.sales:get_all_sales:236 - NO SALES FETCH...
2026-04-25 15:20:51.259 | INFO     | sales_module.sales:get_all_sales:226 - GETTING ALL SALES....
2026-04-25 15:20:51.268 | SUCCESS  | sales_module.sales:get_all_sales:233 - FETCHED ALL SALES...
2026-04-25 15:20:54.421 | INFO     | sales_module.sales:get_all_sales:226 - GETTING ALL SALES....
2026-04-25 15:20:54.432 | SUCCESS  | sales_module.sales:get_all_sales:233 - FETCHED ALL SALES...
2026-04-25 15:20:56.633 | INFO     | sales_module.sales:update_sales:192 - UPDATING THE SALES STATUS WITH ID: <built-in function id>
2026-04-25 15:20:56.647 | SUCCESS  | sales_module.sales:update_sales:194 - UPDATE THE SALES WITH ID <built-in function id> ...
2026-04-25 15:20:56.809 | INFO     | sales_module.sales:get_all_sales:226 - GETTING ALL SALES....
2026-04-25 15:20:56.834 | SUCCESS  | sales_module.sales:get_all_sales:233 - FETCHED ALL SALES...
2026-04-25 15:20:56.843 | INFO     | customer_module.customer:display_all_customers_stats:31 - FETCHING CUSTOMERS STATS...
2026-04-25 15:20:56.849 | INFO     | sales_module.sales:get_sales:245 - GETTING SALES OF ID: 2...
2026-04-25 15:20:56.888 | SUCCESS  | customer_module.customer:display_all_customers_stats:37 - FETCHED CUSTOMERS STATS...
2026-04-25 15:20:56.911 | SUCCESS  | sales_module.sales:get_sales:252 - FETCHED SALES WITH ID: 2
2026-04-25 15:20:56.916 | INFO     | sales_module.sales:display_all_sales_stats:138 - FETCHING SALES STATS...
2026-04-25 15:20:56.964 | INFO     | customer_module.customer:display_all_customers:16 - FETCHING ALL CUSTOMERS...
2026-04-25 15:20:56.965 | SUCCESS  | sales_module.sales:display_all_sales_stats:144 - FETCHED SALES STATS...
2026-04-25 15:20:56.980 | SUCCESS  | customer_module.customer:display_all_customers:22 - FETCHED ALL CUSTOMERS...
2026-04-25 15:21:14.112 | INFO     | sales_module.sales:get_all_sales:226 - GETTING ALL SALES....
2026-04-25 15:21:14.123 | SUCCESS  | sales_module.sales:get_all_sales:233 - FETCHED ALL SALES...
2026-04-25 15:21:14.684 | INFO     | sales_module.sales:get_all_sales:226 - GETTING ALL SALES....
2026-04-25 15:21:14.696 | SUCCESS  | sales_module.sales:get_all_sales:236 - NO SALES FETCH...
2026-05-10 23:34:38.397 | INFO     | stats_module.stats:stats_trend:78 - FETCHING 6-MONTH TREND...
2026-05-10 23:34:38.397 | INFO     | sales_module.sales:dispatch_today:32 - FETCHING TODAY'S DISPATCH STATUS...
2026-05-10 23:34:38.397 | INFO     | stats_module.stats:stats_pulse:40 - FETCHING STATS PULSE...
2026-05-10 23:34:38.397 | INFO     | stats_module.stats:stats_vip:59 - FETCHING VIP CUSTOMERS...
2026-05-10 23:34:38.398 | INFO     | customer_module.customer:display_all_customers_stats:31 - FETCHING CUSTOMERS STATS...
2026-05-10 23:34:38.398 | INFO     | customer_module.customer:display_all_customers:16 - FETCHING ALL CUSTOMERS...
2026-05-10 23:34:38.414 | ERROR    | database:GET_DB:63 - LOGIC ERROR OR BACKEND ERROR => schema "schema_stats" does not exist
LINE 1: select * from schema_stats.sales_trend_6months()
                      ^

2026-05-10 23:34:38.415 | ERROR    | database:GET_DB:63 - LOGIC ERROR OR BACKEND ERROR => schema "schema_stats" does not exist
LINE 1: select * from schema_stats.vip_customers_current_month()
                      ^

2026-05-10 23:34:38.415 | ERROR    | database:GET_DB:63 - LOGIC ERROR OR BACKEND ERROR => schema "schema_stats" does not exist
LINE 1: select * from schema_stats.current_month_pulse()
                      ^

2026-05-10 23:34:38.488 | INFO     | sales_module.sales:display_all_sales_stats:138 - FETCHING SALES STATS...
2026-05-10 23:34:38.489 | INFO     | sales_module.sales:get_all_sales:226 - GETTING ALL SALES....
2026-05-10 23:34:38.492 | ERROR    | database:GET_DB:63 - LOGIC ERROR OR BACKEND ERROR => function schema_sales.display_sales_stats() does not exist
LINE 1: select * from schema_sales.display_sales_stats()
                      ^
HINT:  No function matches the given name and argument types. You might need to add explicit type casts.

2026-05-10 23:34:38.494 | ERROR    | database:GET_DB:63 - LOGIC ERROR OR BACKEND ERROR => function schema_sales.display_all_sales(unknown) does not exist
LINE 1: select * from schema_sales.display_all_sales('{"start":null,...
                      ^
HINT:  No function matches the given name and argument types. You might need to add explicit type casts.

2026-05-10 23:34:38.501 | SUCCESS  | customer_module.customer:display_all_customers:24 - NO CUSTOMERS TO FETCH...
2026-05-10 23:34:38.501 | SUCCESS  | sales_module.sales:dispatch_today:37 - FETCHED TODAY'S DISPATCH STATUS...
2026-05-10 23:34:38.502 | INFO     | sales_module.sales:dispatch_today:38 - DISPATCH STATUS: False
2026-05-10 23:34:38.512 | SUCCESS  | customer_module.customer:display_all_customers_stats:39 - NO CUSTOMERS SO NO STATS FETCHED...
2026-05-10 23:34:38.589 | INFO     | sales_module.sales:dispatch_customers:16 - FETCHING CUSTOMERS TO DISPATCH...
2026-05-10 23:34:38.592 | SUCCESS  | sales_module.sales:dispatch_customers:26 - NO CUSTOMERS TO DISPATCH...
2026-05-10 23:34:57.850 | INFO     | customer_module.customer:display_all_customers:16 - FETCHING ALL CUSTOMERS...
2026-05-10 23:34:57.851 | INFO     | sales_module.sales:dispatch_today:32 - FETCHING TODAY'S DISPATCH STATUS...
2026-05-10 23:34:57.852 | INFO     | customer_module.customer:display_all_customers_stats:31 - FETCHING CUSTOMERS STATS...
2026-05-10 23:34:57.859 | SUCCESS  | sales_module.sales:dispatch_today:37 - FETCHED TODAY'S DISPATCH STATUS...
2026-05-10 23:34:57.860 | SUCCESS  | customer_module.customer:display_all_customers:24 - NO CUSTOMERS TO FETCH...
2026-05-10 23:34:57.862 | INFO     | sales_module.sales:dispatch_today:38 - DISPATCH STATUS: False
2026-05-10 23:34:57.870 | SUCCESS  | customer_module.customer:display_all_customers_stats:39 - NO CUSTOMERS SO NO STATS FETCHED...
2026-05-10 23:34:57.903 | INFO     | sales_module.sales:get_all_sales:226 - GETTING ALL SALES....
2026-05-10 23:34:57.908 | ERROR    | database:GET_DB:63 - LOGIC ERROR OR BACKEND ERROR => function schema_sales.display_all_sales(unknown) does not exist
LINE 1: select * from schema_sales.display_all_sales('{"start":null,...
                      ^
HINT:  No function matches the given name and argument types. You might need to add explicit type casts.

2026-05-10 23:34:57.916 | INFO     | sales_module.sales:display_all_sales_stats:138 - FETCHING SALES STATS...
2026-05-10 23:34:57.918 | INFO     | stats_module.stats:stats_pulse:40 - FETCHING STATS PULSE...
2026-05-10 23:34:57.921 | ERROR    | database:GET_DB:63 - LOGIC ERROR OR BACKEND ERROR => function schema_sales.display_sales_stats() does not exist
LINE 1: select * from schema_sales.display_sales_stats()
                      ^
HINT:  No function matches the given name and argument types. You might need to add explicit type casts.

2026-05-10 23:34:57.935 | ERROR    | database:GET_DB:63 - LOGIC ERROR OR BACKEND ERROR => schema "schema_stats" does not exist
LINE 1: select * from schema_stats.current_month_pulse()
                      ^

2026-05-10 23:34:57.978 | INFO     | stats_module.stats:stats_vip:59 - FETCHING VIP CUSTOMERS...
2026-05-10 23:34:57.982 | ERROR    | database:GET_DB:63 - LOGIC ERROR OR BACKEND ERROR => schema "schema_stats" does not exist
LINE 1: select * from schema_stats.vip_customers_current_month()
                      ^

2026-05-10 23:34:57.984 | INFO     | stats_module.stats:stats_trend:78 - FETCHING 6-MONTH TREND...
2026-05-10 23:34:57.987 | ERROR    | database:GET_DB:63 - LOGIC ERROR OR BACKEND ERROR => schema "schema_stats" does not exist
LINE 1: select * from schema_stats.sales_trend_6months()
                      ^

2026-05-10 23:34:58.139 | INFO     | sales_module.sales:dispatch_customers:16 - FETCHING CUSTOMERS TO DISPATCH...
2026-05-10 23:34:58.148 | SUCCESS  | sales_module.sales:dispatch_customers:26 - NO CUSTOMERS TO DISPATCH...
2026-05-10 23:35:48.598 | INFO     | customer_module.customer:add_customer:117 - ADDING THE CUSTOMER name='muzamil' cell_phone='03022371885' address='' unit_price=60 advance_money=0 is_active=None user_id=0 regular_bottles=120 ...
2026-05-10 23:35:48.632 | ERROR    | database:GET_DB:63 - LOGIC ERROR OR BACKEND ERROR => insert or update on table "customers" violates foreign key constraint "fk_users"
DETAIL:  Key (modified_by)=(0) is not present in table "users".
CONTEXT:  SQL statement "INSERT INTO schema_customers.customers (
        name, 
        cell_phone, 
        address, 
        unit_price, 
        is_active, 
        advance_money,
		modified_by,
		regular_bottles
		
    ) 
    VALUES (
        p_name, 
        p_cell_phone, 
        p_address, 
        p_unit_price, 
        p_is_active, 
        p_advance_money,
		p_modified_by,
		p_regular_bottles
    )"
PL/pgSQL function schema_customers.add_customer(jsonb) line 54 at SQL statement

2026-05-10 23:36:28.021 | INFO     | customer_module.customer:add_customer:117 - ADDING THE CUSTOMER name='muzamil' cell_phone='03022371885' address='' unit_price=60 advance_money=0 is_active=None user_id=0 regular_bottles=120 ...
2026-05-10 23:36:28.042 | ERROR    | database:GET_DB:63 - LOGIC ERROR OR BACKEND ERROR => insert or update on table "customers" violates foreign key constraint "fk_users"
DETAIL:  Key (modified_by)=(0) is not present in table "users".
CONTEXT:  SQL statement "INSERT INTO schema_customers.customers (
        name, 
        cell_phone, 
        address, 
        unit_price, 
        is_active, 
        advance_money,
		modified_by,
		regular_bottles
		
    ) 
    VALUES (
        p_name, 
        p_cell_phone, 
        p_address, 
        p_unit_price, 
        p_is_active, 
        p_advance_money,
		p_modified_by,
		p_regular_bottles
    )"
PL/pgSQL function schema_customers.add_customer(jsonb) line 54 at SQL statement

2026-05-10 23:40:04.657 | INFO     | stats_module.stats:stats_pulse:40 - FETCHING STATS PULSE...
2026-05-10 23:40:04.657 | INFO     | stats_module.stats:stats_vip:59 - FETCHING VIP CUSTOMERS...
2026-05-10 23:40:04.658 | INFO     | sales_module.sales:dispatch_today:32 - FETCHING TODAY'S DISPATCH STATUS...
2026-05-10 23:40:04.658 | INFO     | customer_module.customer:display_all_customers_stats:31 - FETCHING CUSTOMERS STATS...
2026-05-10 23:40:04.659 | INFO     | stats_module.stats:stats_trend:78 - FETCHING 6-MONTH TREND...
2026-05-10 23:40:04.670 | ERROR    | database:GET_DB:63 - LOGIC ERROR OR BACKEND ERROR => schema "schema_stats" does not exist
LINE 1: select * from schema_stats.current_month_pulse()
                      ^

2026-05-10 23:40:04.671 | ERROR    | database:GET_DB:63 - LOGIC ERROR OR BACKEND ERROR => schema "schema_stats" does not exist
LINE 1: select * from schema_stats.sales_trend_6months()
                      ^

2026-05-10 23:40:04.671 | ERROR    | database:GET_DB:63 - LOGIC ERROR OR BACKEND ERROR => schema "schema_stats" does not exist
LINE 1: select * from schema_stats.vip_customers_current_month()
                      ^

2026-05-10 23:40:04.700 | SUCCESS  | sales_module.sales:dispatch_today:37 - FETCHED TODAY'S DISPATCH STATUS...
2026-05-10 23:40:04.703 | INFO     | sales_module.sales:dispatch_today:38 - DISPATCH STATUS: False
2026-05-10 23:40:04.709 | INFO     | customer_module.customer:display_all_customers:16 - FETCHING ALL CUSTOMERS...
2026-05-10 23:40:04.714 | SUCCESS  | customer_module.customer:display_all_customers_stats:39 - NO CUSTOMERS SO NO STATS FETCHED...
2026-05-10 23:40:04.722 | SUCCESS  | customer_module.customer:display_all_customers:24 - NO CUSTOMERS TO FETCH...
2026-05-10 23:40:04.750 | INFO     | sales_module.sales:display_all_sales_stats:138 - FETCHING SALES STATS...
2026-05-10 23:40:04.753 | INFO     | sales_module.sales:get_all_sales:226 - GETTING ALL SALES....
2026-05-10 23:40:04.754 | ERROR    | database:GET_DB:63 - LOGIC ERROR OR BACKEND ERROR => function schema_sales.display_sales_stats() does not exist
LINE 1: select * from schema_sales.display_sales_stats()
                      ^
HINT:  No function matches the given name and argument types. You might need to add explicit type casts.

2026-05-10 23:40:04.756 | ERROR    | database:GET_DB:63 - LOGIC ERROR OR BACKEND ERROR => function schema_sales.display_all_sales(unknown) does not exist
LINE 1: select * from schema_sales.display_all_sales('{"start":null,...
                      ^
HINT:  No function matches the given name and argument types. You might need to add explicit type casts.

2026-05-10 23:40:04.812 | INFO     | sales_module.sales:dispatch_customers:16 - FETCHING CUSTOMERS TO DISPATCH...
2026-05-10 23:40:04.816 | SUCCESS  | sales_module.sales:dispatch_customers:26 - NO CUSTOMERS TO DISPATCH...
2026-05-10 23:40:34.571 | INFO     | customer_module.customer:display_all_customers_stats:31 - FETCHING CUSTOMERS STATS...
2026-05-10 23:40:34.589 | INFO     | customer_module.customer:display_all_customers:16 - FETCHING ALL CUSTOMERS...
2026-05-10 23:40:34.606 | SUCCESS  | customer_module.customer:display_all_customers:24 - NO CUSTOMERS TO FETCH...
2026-05-10 23:40:34.609 | SUCCESS  | customer_module.customer:display_all_customers_stats:39 - NO CUSTOMERS SO NO STATS FETCHED...
2026-05-10 23:40:34.653 | INFO     | sales_module.sales:dispatch_today:32 - FETCHING TODAY'S DISPATCH STATUS...
2026-05-10 23:40:34.666 | SUCCESS  | sales_module.sales:dispatch_today:37 - FETCHED TODAY'S DISPATCH STATUS...
2026-05-10 23:40:34.667 | INFO     | sales_module.sales:dispatch_today:38 - DISPATCH STATUS: False
2026-05-10 23:40:34.672 | INFO     | sales_module.sales:get_all_sales:226 - GETTING ALL SALES....
2026-05-10 23:40:34.680 | ERROR    | database:GET_DB:63 - LOGIC ERROR OR BACKEND ERROR => function schema_sales.display_all_sales(unknown) does not exist
LINE 1: select * from schema_sales.display_all_sales('{"start":null,...
                      ^
HINT:  No function matches the given name and argument types. You might need to add explicit type casts.

2026-05-10 23:40:34.700 | INFO     | stats_module.stats:stats_pulse:40 - FETCHING STATS PULSE...
2026-05-10 23:40:34.706 | ERROR    | database:GET_DB:63 - LOGIC ERROR OR BACKEND ERROR => schema "schema_stats" does not exist
LINE 1: select * from schema_stats.current_month_pulse()
                      ^

2026-05-10 23:40:34.760 | INFO     | sales_module.sales:display_all_sales_stats:138 - FETCHING SALES STATS...
2026-05-10 23:40:34.765 | ERROR    | database:GET_DB:63 - LOGIC ERROR OR BACKEND ERROR => function schema_sales.display_sales_stats() does not exist
LINE 1: select * from schema_sales.display_sales_stats()
                      ^
HINT:  No function matches the given name and argument types. You might need to add explicit type casts.

2026-05-10 23:40:34.793 | INFO     | stats_module.stats:stats_trend:78 - FETCHING 6-MONTH TREND...
2026-05-10 23:40:34.798 | ERROR    | database:GET_DB:63 - LOGIC ERROR OR BACKEND ERROR => schema "schema_stats" does not exist
LINE 1: select * from schema_stats.sales_trend_6months()
                      ^

2026-05-10 23:40:34.806 | INFO     | stats_module.stats:stats_vip:59 - FETCHING VIP CUSTOMERS...
2026-05-10 23:40:34.823 | ERROR    | database:GET_DB:63 - LOGIC ERROR OR BACKEND ERROR => schema "schema_stats" does not exist
LINE 1: select * from schema_stats.vip_customers_current_month()
                      ^

2026-05-10 23:40:35.164 | INFO     | sales_module.sales:dispatch_customers:16 - FETCHING CUSTOMERS TO DISPATCH...
2026-05-10 23:40:35.173 | SUCCESS  | sales_module.sales:dispatch_customers:26 - NO CUSTOMERS TO DISPATCH...
2026-05-10 23:40:51.964 | INFO     | customer_module.customer:add_customer:117 - ADDING THE CUSTOMER name='muzamil' cell_phone='03212551510' address='' unit_price=60 advance_money=0 is_active=None user_id=0 regular_bottles=0 ...
2026-05-10 23:40:51.995 | ERROR    | database:GET_DB:63 - LOGIC ERROR OR BACKEND ERROR => insert or update on table "customers" violates foreign key constraint "fk_users"
DETAIL:  Key (modified_by)=(0) is not present in table "users".
CONTEXT:  SQL statement "INSERT INTO schema_customers.customers (
        name, 
        cell_phone, 
        address, 
        unit_price, 
        is_active, 
        advance_money,
		modified_by,
		regular_bottles
		
    ) 
    VALUES (
        p_name, 
        p_cell_phone, 
        p_address, 
        p_unit_price, 
        p_is_active, 
        p_advance_money,
		p_modified_by,
		p_regular_bottles
    )"
PL/pgSQL function schema_customers.add_customer(jsonb) line 54 at SQL statement

2026-05-10 23:47:36.580 | INFO     | customer_module.customer:add_customer:117 - ADDING THE CUSTOMER name='muzamil' cell_phone='03212551510' address='' unit_price=60 advance_money=0 is_active=None user_id=0 regular_bottles=0 ...
2026-05-10 23:47:36.609 | SUCCESS  | customer_module.customer:add_customer:121 - ADDED THE CUSTOMER...
2026-05-10 23:47:36.721 | INFO     | customer_module.customer:display_all_customers_stats:31 - FETCHING CUSTOMERS STATS...
2026-05-10 23:47:36.727 | INFO     | customer_module.customer:display_all_customers:16 - FETCHING ALL CUSTOMERS...
2026-05-10 23:47:36.734 | INFO     | sales_module.sales:display_all_sales_stats:138 - FETCHING SALES STATS...
2026-05-10 23:47:36.737 | SUCCESS  | customer_module.customer:display_all_customers:22 - FETCHED ALL CUSTOMERS...
2026-05-10 23:47:36.741 | SUCCESS  | customer_module.customer:display_all_customers_stats:37 - FETCHED CUSTOMERS STATS...
2026-05-10 23:47:36.746 | ERROR    | database:GET_DB:63 - LOGIC ERROR OR BACKEND ERROR => function schema_sales.display_sales_stats() does not exist
LINE 1: select * from schema_sales.display_sales_stats()
                      ^
HINT:  No function matches the given name and argument types. You might need to add explicit type casts.

2026-05-10 23:47:36.761 | INFO     | sales_module.sales:get_all_sales:226 - GETTING ALL SALES....
2026-05-10 23:47:36.765 | ERROR    | database:GET_DB:63 - LOGIC ERROR OR BACKEND ERROR => function schema_sales.display_all_sales(unknown) does not exist
LINE 1: select * from schema_sales.display_all_sales('{"start":null,...
                      ^
HINT:  No function matches the given name and argument types. You might need to add explicit type casts.

2026-05-10 23:47:48.546 | INFO     | customer_module.customer:display_customer:136 - GETTING THE CUSTOMER 4 ...
2026-05-10 23:47:48.554 | SUCCESS  | customer_module.customer:display_customer:145 - GOT THE CUSTOMER 4 ...
2026-05-10 23:48:01.245 | INFO     | sales_module.sales:search_customer:172 - SEARCHING CUSTOMER: Mu...
2026-05-10 23:48:01.248 | ERROR    | database:GET_DB:63 - LOGIC ERROR OR BACKEND ERROR => function schema_sales.search_customer(unknown) does not exist
LINE 1: select * from schema_sales.search_customer('Mu')
                      ^
HINT:  No function matches the given name and argument types. You might need to add explicit type casts.

2026-05-11 00:15:06.978 | INFO     | sales_module.sales:search_customer:172 - SEARCHING CUSTOMER: mu...
2026-05-11 00:15:06.986 | SUCCESS  | sales_module.sales:search_customer:179 - FETCHED CUSTOMER: mu
2026-05-11 00:15:08.638 | INFO     | sales_module.sales:search_customer:172 - SEARCHING CUSTOMER: muzamil...
2026-05-11 00:15:08.644 | SUCCESS  | sales_module.sales:search_customer:179 - FETCHED CUSTOMER: muzamil
2026-05-11 00:15:15.754 | INFO     | sales_module.sales:add_sales:70 - ADDING THE SALES
2026-05-11 00:15:15.774 | SUCCESS  | sales_module.sales:add_sales:72 - ADDED THE SALES ...
2026-05-11 00:15:15.888 | INFO     | customer_module.customer:display_all_customers_stats:31 - FETCHING CUSTOMERS STATS...
2026-05-11 00:15:15.893 | INFO     | customer_module.customer:display_all_customers:16 - FETCHING ALL CUSTOMERS...
2026-05-11 00:15:15.901 | SUCCESS  | customer_module.customer:display_all_customers:22 - FETCHED ALL CUSTOMERS...
2026-05-11 00:15:15.903 | SUCCESS  | customer_module.customer:display_all_customers_stats:37 - FETCHED CUSTOMERS STATS...
2026-05-11 00:15:15.917 | INFO     | sales_module.sales:display_all_sales_stats:138 - FETCHING SALES STATS...
2026-05-11 00:15:15.918 | INFO     | sales_module.sales:get_all_sales:226 - GETTING ALL SALES....
2026-05-11 00:15:15.954 | SUCCESS  | sales_module.sales:get_all_sales:233 - FETCHED ALL SALES...
2026-05-11 00:15:15.973 | SUCCESS  | sales_module.sales:display_all_sales_stats:144 - FETCHED SALES STATS...
2026-05-11 00:15:31.111 | INFO     | customer_module.customer:display_all_customers_stats:31 - FETCHING CUSTOMERS STATS...
2026-05-11 00:15:31.129 | INFO     | sales_module.sales:display_all_sales_stats:138 - FETCHING SALES STATS...
2026-05-11 00:15:31.132 | INFO     | customer_module.customer:display_all_customers:16 - FETCHING ALL CUSTOMERS...
2026-05-11 00:15:31.137 | SUCCESS  | customer_module.customer:display_all_customers_stats:37 - FETCHED CUSTOMERS STATS...
2026-05-11 00:15:31.157 | SUCCESS  | customer_module.customer:display_all_customers:22 - FETCHED ALL CUSTOMERS...
2026-05-11 00:15:31.170 | SUCCESS  | sales_module.sales:display_all_sales_stats:144 - FETCHED SALES STATS...
2026-05-11 00:15:31.191 | INFO     | sales_module.sales:dispatch_today:32 - FETCHING TODAY'S DISPATCH STATUS...
2026-05-11 00:15:31.205 | INFO     | stats_module.stats:stats_pulse:40 - FETCHING STATS PULSE...
2026-05-11 00:15:31.205 | INFO     | sales_module.sales:get_all_sales:226 - GETTING ALL SALES....
2026-05-11 00:15:31.211 | SUCCESS  | sales_module.sales:dispatch_today:37 - FETCHED TODAY'S DISPATCH STATUS...
2026-05-11 00:15:31.214 | INFO     | sales_module.sales:dispatch_today:38 - DISPATCH STATUS: False
2026-05-11 00:15:31.225 | ERROR    | database:GET_DB:63 - LOGIC ERROR OR BACKEND ERROR => schema "schema_stats" does not exist
LINE 1: select * from schema_stats.current_month_pulse()
                      ^

2026-05-11 00:15:31.229 | SUCCESS  | sales_module.sales:get_all_sales:233 - FETCHED ALL SALES...
2026-05-11 00:15:31.316 | INFO     | stats_module.stats:stats_vip:59 - FETCHING VIP CUSTOMERS...
2026-05-11 00:15:31.318 | ERROR    | database:GET_DB:63 - LOGIC ERROR OR BACKEND ERROR => schema "schema_stats" does not exist
LINE 1: select * from schema_stats.vip_customers_current_month()
                      ^

2026-05-11 00:15:31.402 | INFO     | stats_module.stats:stats_trend:78 - FETCHING 6-MONTH TREND...
2026-05-11 00:15:31.406 | ERROR    | database:GET_DB:63 - LOGIC ERROR OR BACKEND ERROR => schema "schema_stats" does not exist
LINE 1: select * from schema_stats.sales_trend_6months()
                      ^

2026-05-11 00:15:31.492 | INFO     | sales_module.sales:dispatch_customers:16 - FETCHING CUSTOMERS TO DISPATCH...
2026-05-11 00:15:31.501 | SUCCESS  | sales_module.sales:dispatch_customers:23 - FETCHED CUSTOMERS TO DISPATCH...
2026-05-11 00:17:59.062 | INFO     | customer_module.customer:display_all_customers_stats:31 - FETCHING CUSTOMERS STATS...
2026-05-11 00:17:59.091 | INFO     | customer_module.customer:display_all_customers:16 - FETCHING ALL CUSTOMERS...
2026-05-11 00:17:59.097 | INFO     | sales_module.sales:get_all_sales:226 - GETTING ALL SALES....
2026-05-11 00:17:59.110 | SUCCESS  | customer_module.customer:display_all_customers:22 - FETCHED ALL CUSTOMERS...
2026-05-11 00:17:59.114 | SUCCESS  | customer_module.customer:display_all_customers_stats:37 - FETCHED CUSTOMERS STATS...
2026-05-11 00:17:59.152 | SUCCESS  | sales_module.sales:get_all_sales:233 - FETCHED ALL SALES...
2026-05-11 00:17:59.186 | INFO     | stats_module.stats:stats_pulse:40 - FETCHING STATS PULSE...
2026-05-11 00:17:59.201 | INFO     | sales_module.sales:display_all_sales_stats:138 - FETCHING SALES STATS...
2026-05-11 00:17:59.205 | SUCCESS  | stats_module.stats:stats_pulse:43 - FETCHED STATS PULSE.
2026-05-11 00:17:59.226 | SUCCESS  | sales_module.sales:display_all_sales_stats:144 - FETCHED SALES STATS...
2026-05-11 00:17:59.266 | INFO     | sales_module.sales:dispatch_today:32 - FETCHING TODAY'S DISPATCH STATUS...
2026-05-11 00:17:59.277 | SUCCESS  | sales_module.sales:dispatch_today:37 - FETCHED TODAY'S DISPATCH STATUS...
2026-05-11 00:17:59.279 | INFO     | sales_module.sales:dispatch_today:38 - DISPATCH STATUS: False
2026-05-11 00:17:59.302 | INFO     | stats_module.stats:stats_vip:59 - FETCHING VIP CUSTOMERS...
2026-05-11 00:17:59.307 | INFO     | stats_module.stats:stats_trend:78 - FETCHING 6-MONTH TREND...
2026-05-11 00:17:59.314 | SUCCESS  | stats_module.stats:stats_vip:62 - FETCHED 1 VIP CUSTOMERS.
2026-05-11 00:17:59.315 | SUCCESS  | stats_module.stats:stats_trend:81 - FETCHED 6-MONTH TREND.
2026-05-11 00:17:59.525 | INFO     | sales_module.sales:dispatch_customers:16 - FETCHING CUSTOMERS TO DISPATCH...
2026-05-11 00:17:59.534 | SUCCESS  | sales_module.sales:dispatch_customers:23 - FETCHED CUSTOMERS TO DISPATCH...
2026-05-11 00:18:42.404 | INFO     | sales_module.sales:add_sales:70 - ADDING THE SALES
2026-05-11 00:18:42.417 | SUCCESS  | sales_module.sales:add_sales:72 - ADDED THE SALES ...
2026-05-11 00:18:42.525 | INFO     | customer_module.customer:display_all_customers_stats:31 - FETCHING CUSTOMERS STATS...
2026-05-11 00:18:42.531 | INFO     | customer_module.customer:display_all_customers:16 - FETCHING ALL CUSTOMERS...
2026-05-11 00:18:42.541 | SUCCESS  | customer_module.customer:display_all_customers_stats:37 - FETCHED CUSTOMERS STATS...
2026-05-11 00:18:42.541 | SUCCESS  | customer_module.customer:display_all_customers:22 - FETCHED ALL CUSTOMERS...
2026-05-11 00:18:42.544 | INFO     | sales_module.sales:display_all_sales_stats:138 - FETCHING SALES STATS...
2026-05-11 00:18:42.545 | INFO     | sales_module.sales:get_all_sales:226 - GETTING ALL SALES....
2026-05-11 00:18:42.560 | SUCCESS  | sales_module.sales:get_all_sales:233 - FETCHED ALL SALES...
2026-05-11 00:18:42.560 | SUCCESS  | sales_module.sales:display_all_sales_stats:144 - FETCHED SALES STATS...
2026-05-11 00:18:54.326 | INFO     | customer_module.customer:display_all_customers_stats:31 - FETCHING CUSTOMERS STATS...
2026-05-11 00:18:54.327 | INFO     | customer_module.customer:display_all_customers:16 - FETCHING ALL CUSTOMERS...
2026-05-11 00:18:54.332 | INFO     | sales_module.sales:display_all_sales_stats:138 - FETCHING SALES STATS...
2026-05-11 00:18:54.341 | INFO     | sales_module.sales:get_all_sales:226 - GETTING ALL SALES....
2026-05-11 00:18:54.343 | INFO     | stats_module.stats:stats_pulse:40 - FETCHING STATS PULSE...
2026-05-11 00:18:54.364 | SUCCESS  | sales_module.sales:display_all_sales_stats:144 - FETCHED SALES STATS...
2026-05-11 00:18:54.364 | SUCCESS  | customer_module.customer:display_all_customers_stats:37 - FETCHED CUSTOMERS STATS...
2026-05-11 00:18:54.365 | SUCCESS  | stats_module.stats:stats_pulse:43 - FETCHED STATS PULSE.
2026-05-11 00:18:54.365 | SUCCESS  | customer_module.customer:display_all_customers:22 - FETCHED ALL CUSTOMERS...
2026-05-11 00:18:54.366 | INFO     | sales_module.sales:dispatch_today:32 - FETCHING TODAY'S DISPATCH STATUS...
2026-05-11 00:18:54.385 | SUCCESS  | sales_module.sales:dispatch_today:37 - FETCHED TODAY'S DISPATCH STATUS...
2026-05-11 00:18:54.388 | SUCCESS  | sales_module.sales:get_all_sales:233 - FETCHED ALL SALES...
2026-05-11 00:18:54.393 | INFO     | sales_module.sales:dispatch_today:38 - DISPATCH STATUS: False
2026-05-11 00:18:54.556 | INFO     | stats_module.stats:stats_vip:59 - FETCHING VIP CUSTOMERS...
2026-05-11 00:18:54.575 | INFO     | stats_module.stats:stats_trend:78 - FETCHING 6-MONTH TREND...
2026-05-11 00:18:54.577 | SUCCESS  | stats_module.stats:stats_vip:62 - FETCHED 1 VIP CUSTOMERS.
2026-05-11 00:18:54.591 | SUCCESS  | stats_module.stats:stats_trend:81 - FETCHED 6-MONTH TREND.
2026-05-11 00:18:54.812 | INFO     | sales_module.sales:dispatch_customers:16 - FETCHING CUSTOMERS TO DISPATCH...
2026-05-11 00:18:54.849 | SUCCESS  | sales_module.sales:dispatch_customers:23 - FETCHED CUSTOMERS TO DISPATCH...
2026-05-11 00:22:11.564 | INFO     | stats_module.stats:stats_vip:59 - FETCHING VIP CUSTOMERS...
2026-05-11 00:22:11.570 | INFO     | stats_module.stats:stats_pulse:40 - FETCHING STATS PULSE...
2026-05-11 00:22:11.576 | INFO     | stats_module.stats:stats_trend:78 - FETCHING 6-MONTH TREND...
2026-05-11 00:22:11.578 | SUCCESS  | stats_module.stats:stats_pulse:43 - FETCHED STATS PULSE.
2026-05-11 00:22:11.579 | SUCCESS  | stats_module.stats:stats_vip:62 - FETCHED 1 VIP CUSTOMERS.
2026-05-11 00:22:11.584 | SUCCESS  | stats_module.stats:stats_trend:81 - FETCHED 6-MONTH TREND.
2026-05-11 00:22:17.580 | INFO     | stats_module.stats:stats_vip:59 - FETCHING VIP CUSTOMERS...
2026-05-11 00:22:17.588 | INFO     | stats_module.stats:stats_pulse:40 - FETCHING STATS PULSE...
2026-05-11 00:22:17.591 | SUCCESS  | stats_module.stats:stats_vip:62 - FETCHED 1 VIP CUSTOMERS.
2026-05-11 00:22:17.593 | INFO     | stats_module.stats:stats_trend:78 - FETCHING 6-MONTH TREND...
2026-05-11 00:22:17.599 | SUCCESS  | stats_module.stats:stats_pulse:43 - FETCHED STATS PULSE.
2026-05-11 00:22:17.614 | SUCCESS  | stats_module.stats:stats_trend:81 - FETCHED 6-MONTH TREND.
2026-05-11 00:23:38.440 | INFO     | sales_module.sales:add_sales:70 - ADDING THE SALES
2026-05-11 00:23:38.451 | SUCCESS  | sales_module.sales:add_sales:72 - ADDED THE SALES ...
2026-05-11 00:23:38.577 | INFO     | customer_module.customer:display_all_customers_stats:31 - FETCHING CUSTOMERS STATS...
2026-05-11 00:23:38.579 | INFO     | customer_module.customer:display_all_customers:16 - FETCHING ALL CUSTOMERS...
2026-05-11 00:23:38.586 | INFO     | sales_module.sales:display_all_sales_stats:138 - FETCHING SALES STATS...
2026-05-11 00:23:38.587 | SUCCESS  | customer_module.customer:display_all_customers:22 - FETCHED ALL CUSTOMERS...
2026-05-11 00:23:38.588 | INFO     | sales_module.sales:get_all_sales:226 - GETTING ALL SALES....
2026-05-11 00:23:38.595 | SUCCESS  | customer_module.customer:display_all_customers_stats:37 - FETCHED CUSTOMERS STATS...
2026-05-11 00:23:38.611 | SUCCESS  | sales_module.sales:display_all_sales_stats:144 - FETCHED SALES STATS...
2026-05-11 00:23:38.611 | SUCCESS  | sales_module.sales:get_all_sales:233 - FETCHED ALL SALES...
2026-05-11 00:23:41.693 | INFO     | stats_module.stats:stats_pulse:40 - FETCHING STATS PULSE...
2026-05-11 00:23:41.699 | SUCCESS  | stats_module.stats:stats_pulse:43 - FETCHED STATS PULSE.
2026-05-11 00:23:41.706 | INFO     | stats_module.stats:stats_trend:78 - FETCHING 6-MONTH TREND...
2026-05-11 00:23:41.711 | INFO     | stats_module.stats:stats_vip:59 - FETCHING VIP CUSTOMERS...
2026-05-11 00:23:41.716 | SUCCESS  | stats_module.stats:stats_trend:81 - FETCHED 6-MONTH TREND.
2026-05-11 00:23:41.727 | SUCCESS  | stats_module.stats:stats_vip:62 - FETCHED 1 VIP CUSTOMERS.
2026-05-11 00:31:53.627 | INFO     | customer_module.customer:display_all_customers_stats:31 - FETCHING CUSTOMERS STATS...
2026-05-11 00:31:53.631 | INFO     | customer_module.customer:display_all_customers:16 - FETCHING ALL CUSTOMERS...
2026-05-11 00:31:53.665 | INFO     | stats_module.stats:stats_pulse:40 - FETCHING STATS PULSE...
2026-05-11 00:31:53.668 | INFO     | sales_module.sales:dispatch_today:32 - FETCHING TODAY'S DISPATCH STATUS...
2026-05-11 00:31:53.693 | SUCCESS  | sales_module.sales:dispatch_today:37 - FETCHED TODAY'S DISPATCH STATUS...
2026-05-11 00:31:53.694 | INFO     | sales_module.sales:dispatch_today:38 - DISPATCH STATUS: False
2026-05-11 00:31:53.695 | SUCCESS  | customer_module.customer:display_all_customers:22 - FETCHED ALL CUSTOMERS...
2026-05-11 00:31:53.695 | SUCCESS  | stats_module.stats:stats_pulse:43 - FETCHED STATS PULSE.
2026-05-11 00:31:53.740 | SUCCESS  | customer_module.customer:display_all_customers_stats:37 - FETCHED CUSTOMERS STATS...
2026-05-11 00:31:53.859 | INFO     | stats_module.stats:stats_trend:78 - FETCHING 6-MONTH TREND...
2026-05-11 00:31:53.870 | INFO     | stats_module.stats:stats_vip:59 - FETCHING VIP CUSTOMERS...
2026-05-11 00:31:53.886 | SUCCESS  | stats_module.stats:stats_trend:81 - FETCHED 6-MONTH TREND.
2026-05-11 00:31:53.953 | SUCCESS  | stats_module.stats:stats_vip:62 - FETCHED 1 VIP CUSTOMERS.
2026-05-11 00:31:53.997 | INFO     | sales_module.sales:display_all_sales_stats:138 - FETCHING SALES STATS...
2026-05-11 00:31:54.025 | SUCCESS  | sales_module.sales:display_all_sales_stats:144 - FETCHED SALES STATS...
2026-05-11 00:31:54.078 | INFO     | sales_module.sales:get_all_sales:226 - GETTING ALL SALES....
2026-05-11 00:31:54.094 | SUCCESS  | sales_module.sales:get_all_sales:233 - FETCHED ALL SALES...
2026-05-11 00:31:54.106 | INFO     | sales_module.sales:dispatch_customers:16 - FETCHING CUSTOMERS TO DISPATCH...
2026-05-11 00:31:54.119 | SUCCESS  | sales_module.sales:dispatch_customers:23 - FETCHED CUSTOMERS TO DISPATCH...
2026-05-11 00:31:55.576 | INFO     | billings_module.billings:billings_summary:37 - FETCHING BILLING SUMMARY for 5/2026...
2026-05-11 00:31:55.609 | SUCCESS  | billings_module.billings:billings_summary:43 - FETCHED 1 BILLING ROWS.
2026-05-11 00:31:57.385 | INFO     | billings_module.billings:billings_customer:59 - FETCHING BILL for customer=4 5/2026...
2026-05-11 00:31:57.400 | SUCCESS  | billings_module.billings:billings_customer:67 - FETCHED CUSTOMER BILL.
2026-05-11 00:32:00.390 | INFO     | billings_module.billings:billings_mark_paid:83 - MARK PAID: cust=4 5/2026
2026-05-11 00:32:00.405 | SUCCESS  | billings_module.billings:billings_mark_paid:88 - MARK PAID OK.
2026-05-11 00:32:00.466 | INFO     | billings_module.billings:billings_summary:37 - FETCHING BILLING SUMMARY for 5/2026...
2026-05-11 00:32:00.467 | INFO     | billings_module.billings:billings_customer:59 - FETCHING BILL for customer=4 5/2026...
2026-05-11 00:32:00.473 | SUCCESS  | billings_module.billings:billings_summary:43 - FETCHED 1 BILLING ROWS.
2026-05-11 00:32:00.474 | SUCCESS  | billings_module.billings:billings_customer:67 - FETCHED CUSTOMER BILL.
2026-05-11 00:32:04.128 | INFO     | billings_module.billings:billings_mark_unpaid:104 - MARK UNPAID: cust=4 5/2026
2026-05-11 00:32:04.136 | SUCCESS  | billings_module.billings:billings_mark_unpaid:109 - MARK UNPAID OK.
2026-05-11 00:32:04.186 | INFO     | billings_module.billings:billings_summary:37 - FETCHING BILLING SUMMARY for 5/2026...
2026-05-11 00:32:04.193 | INFO     | billings_module.billings:billings_customer:59 - FETCHING BILL for customer=4 5/2026...
2026-05-11 00:32:04.195 | SUCCESS  | billings_module.billings:billings_summary:43 - FETCHED 1 BILLING ROWS.
2026-05-11 00:32:04.210 | SUCCESS  | billings_module.billings:billings_customer:67 - FETCHED CUSTOMER BILL.
2026-05-11 00:32:16.089 | INFO     | sales_module.sales:search_customer:172 - SEARCHING CUSTOMER: Muzmail...
2026-05-11 00:32:16.096 | SUCCESS  | sales_module.sales:search_customer:182 - NO CUSTOMER WITH q: Muzmail
2026-05-11 00:32:19.516 | INFO     | sales_module.sales:search_customer:172 - SEARCHING CUSTOMER: Muz...
2026-05-11 00:32:19.520 | SUCCESS  | sales_module.sales:search_customer:179 - FETCHED CUSTOMER: Muz
2026-05-11 00:32:20.638 | INFO     | sales_module.sales:search_customer:172 - SEARCHING CUSTOMER: muzamil...
2026-05-11 00:32:20.643 | SUCCESS  | sales_module.sales:search_customer:179 - FETCHED CUSTOMER: muzamil
2026-05-11 00:32:29.707 | INFO     | sales_module.sales:add_sales:70 - ADDING THE SALES
2026-05-11 00:32:29.724 | SUCCESS  | sales_module.sales:add_sales:72 - ADDED THE SALES ...
2026-05-11 00:32:29.823 | INFO     | customer_module.customer:display_all_customers:16 - FETCHING ALL CUSTOMERS...
2026-05-11 00:32:29.831 | SUCCESS  | customer_module.customer:display_all_customers:22 - FETCHED ALL CUSTOMERS...
2026-05-11 00:32:29.832 | INFO     | customer_module.customer:display_all_customers_stats:31 - FETCHING CUSTOMERS STATS...
2026-05-11 00:32:29.832 | INFO     | sales_module.sales:display_all_sales_stats:138 - FETCHING SALES STATS...
2026-05-11 00:32:29.834 | INFO     | sales_module.sales:get_all_sales:226 - GETTING ALL SALES....
2026-05-11 00:32:29.843 | SUCCESS  | customer_module.customer:display_all_customers_stats:37 - FETCHED CUSTOMERS STATS...
2026-05-11 00:32:29.844 | SUCCESS  | sales_module.sales:get_all_sales:233 - FETCHED ALL SALES...
2026-05-11 00:32:29.844 | SUCCESS  | sales_module.sales:display_all_sales_stats:144 - FETCHED SALES STATS...
2026-05-11 00:32:32.661 | INFO     | billings_module.billings:billings_summary:37 - FETCHING BILLING SUMMARY for 5/2026...
2026-05-11 00:32:32.669 | SUCCESS  | billings_module.billings:billings_summary:43 - FETCHED 1 BILLING ROWS.
2026-05-11 00:32:38.244 | INFO     | customer_module.customer:display_all_customers_stats:31 - FETCHING CUSTOMERS STATS...
2026-05-11 00:32:38.249 | INFO     | customer_module.customer:display_all_customers:16 - FETCHING ALL CUSTOMERS...
2026-05-11 00:32:38.249 | INFO     | sales_module.sales:display_all_sales_stats:138 - FETCHING SALES STATS...
2026-05-11 00:32:38.257 | INFO     | sales_module.sales:get_all_sales:226 - GETTING ALL SALES....
2026-05-11 00:32:38.262 | SUCCESS  | customer_module.customer:display_all_customers:22 - FETCHED ALL CUSTOMERS...
2026-05-11 00:32:38.264 | SUCCESS  | customer_module.customer:display_all_customers_stats:37 - FETCHED CUSTOMERS STATS...
2026-05-11 00:32:38.272 | SUCCESS  | sales_module.sales:display_all_sales_stats:144 - FETCHED SALES STATS...
2026-05-11 00:32:38.278 | INFO     | stats_module.stats:stats_pulse:40 - FETCHING STATS PULSE...
2026-05-11 00:32:38.279 | SUCCESS  | sales_module.sales:get_all_sales:233 - FETCHED ALL SALES...
2026-05-11 00:32:38.292 | INFO     | sales_module.sales:dispatch_today:32 - FETCHING TODAY'S DISPATCH STATUS...
2026-05-11 00:32:38.308 | SUCCESS  | stats_module.stats:stats_pulse:43 - FETCHED STATS PULSE.
2026-05-11 00:32:38.315 | SUCCESS  | sales_module.sales:dispatch_today:37 - FETCHED TODAY'S DISPATCH STATUS...
2026-05-11 00:32:38.351 | INFO     | sales_module.sales:dispatch_today:38 - DISPATCH STATUS: False
2026-05-11 00:32:38.413 | INFO     | stats_module.stats:stats_vip:59 - FETCHING VIP CUSTOMERS...
2026-05-11 00:32:38.423 | INFO     | stats_module.stats:stats_trend:78 - FETCHING 6-MONTH TREND...
2026-05-11 00:32:38.426 | SUCCESS  | stats_module.stats:stats_vip:62 - FETCHED 1 VIP CUSTOMERS.
2026-05-11 00:32:38.438 | SUCCESS  | stats_module.stats:stats_trend:81 - FETCHED 6-MONTH TREND.
2026-05-11 00:32:38.692 | INFO     | sales_module.sales:dispatch_customers:16 - FETCHING CUSTOMERS TO DISPATCH...
2026-05-11 00:32:38.745 | SUCCESS  | sales_module.sales:dispatch_customers:23 - FETCHED CUSTOMERS TO DISPATCH...
2026-05-11 00:32:40.073 | INFO     | billings_module.billings:billings_summary:37 - FETCHING BILLING SUMMARY for 5/2026...
2026-05-11 00:32:40.085 | SUCCESS  | billings_module.billings:billings_summary:43 - FETCHED 1 BILLING ROWS.
2026-05-11 00:32:41.957 | INFO     | billings_module.billings:billings_customer:59 - FETCHING BILL for customer=4 5/2026...
2026-05-11 00:32:41.967 | SUCCESS  | billings_module.billings:billings_customer:67 - FETCHED CUSTOMER BILL.
2026-05-11 00:33:02.542 | INFO     | stats_module.stats:stats_trend:78 - FETCHING 6-MONTH TREND...
2026-05-11 00:33:02.542 | INFO     | stats_module.stats:stats_vip:59 - FETCHING VIP CUSTOMERS...
2026-05-11 00:33:02.544 | INFO     | stats_module.stats:stats_pulse:40 - FETCHING STATS PULSE...
2026-05-11 00:33:02.554 | SUCCESS  | stats_module.stats:stats_pulse:43 - FETCHED STATS PULSE.
2026-05-11 00:33:02.556 | SUCCESS  | stats_module.stats:stats_trend:81 - FETCHED 6-MONTH TREND.
2026-05-11 00:33:02.557 | SUCCESS  | stats_module.stats:stats_vip:62 - FETCHED 1 VIP CUSTOMERS.
2026-05-11 00:33:04.787 | INFO     | billings_module.billings:billings_summary:37 - FETCHING BILLING SUMMARY for 5/2026...
2026-05-11 00:33:04.798 | SUCCESS  | billings_module.billings:billings_summary:43 - FETCHED 1 BILLING ROWS.
2026-05-11 00:33:08.309 | INFO     | stats_module.stats:stats_pulse:40 - FETCHING STATS PULSE...
2026-05-11 00:33:08.321 | INFO     | stats_module.stats:stats_trend:78 - FETCHING 6-MONTH TREND...
2026-05-11 00:33:08.322 | SUCCESS  | stats_module.stats:stats_pulse:43 - FETCHED STATS PULSE.
2026-05-11 00:33:08.327 | INFO     | stats_module.stats:stats_vip:59 - FETCHING VIP CUSTOMERS...
2026-05-11 00:33:08.369 | SUCCESS  | stats_module.stats:stats_trend:81 - FETCHED 6-MONTH TREND.
2026-05-11 00:33:08.377 | SUCCESS  | stats_module.stats:stats_vip:62 - FETCHED 1 VIP CUSTOMERS.
2026-05-11 00:33:09.071 | INFO     | billings_module.billings:billings_summary:37 - FETCHING BILLING SUMMARY for 5/2026...
2026-05-11 00:33:09.080 | SUCCESS  | billings_module.billings:billings_summary:43 - FETCHED 1 BILLING ROWS.
2026-05-11 00:33:18.138 | INFO     | billings_module.billings:billings_summary:37 - FETCHING BILLING SUMMARY for 5/2026...
2026-05-11 00:33:18.151 | SUCCESS  | billings_module.billings:billings_summary:43 - FETCHED 1 BILLING ROWS.
2026-05-11 00:33:23.448 | INFO     | billings_module.billings:billings_summary:37 - FETCHING BILLING SUMMARY for 5/2025...
2026-05-11 00:33:23.455 | SUCCESS  | billings_module.billings:billings_summary:43 - FETCHED 0 BILLING ROWS.
2026-05-11 00:33:25.135 | INFO     | billings_module.billings:billings_summary:37 - FETCHING BILLING SUMMARY for 5/2026...
2026-05-11 00:33:25.144 | SUCCESS  | billings_module.billings:billings_summary:43 - FETCHED 1 BILLING ROWS.
2026-05-11 00:33:27.696 | INFO     | billings_module.billings:billings_summary:37 - FETCHING BILLING SUMMARY for 4/2026...
2026-05-11 00:33:27.707 | SUCCESS  | billings_module.billings:billings_summary:43 - FETCHED 0 BILLING ROWS.
2026-05-11 00:33:32.264 | INFO     | billings_module.billings:billings_summary:37 - FETCHING BILLING SUMMARY for 5/2026...
2026-05-11 00:33:32.274 | SUCCESS  | billings_module.billings:billings_summary:43 - FETCHED 1 BILLING ROWS.
2026-05-11 00:33:35.294 | INFO     | billings_module.billings:billings_customer:59 - FETCHING BILL for customer=4 5/2026...
2026-05-11 00:33:35.301 | SUCCESS  | billings_module.billings:billings_customer:67 - FETCHED CUSTOMER BILL.
2026-05-11 00:33:37.796 | INFO     | customer_module.customer:display_all_customers_stats:31 - FETCHING CUSTOMERS STATS...
2026-05-11 00:33:37.811 | INFO     | sales_module.sales:display_all_sales_stats:138 - FETCHING SALES STATS...
2026-05-11 00:33:37.816 | INFO     | sales_module.sales:get_all_sales:226 - GETTING ALL SALES....
2026-05-11 00:33:37.817 | SUCCESS  | customer_module.customer:display_all_customers_stats:37 - FETCHED CUSTOMERS STATS...
2026-05-11 00:33:37.829 | INFO     | stats_module.stats:stats_pulse:40 - FETCHING STATS PULSE...
2026-05-11 00:33:37.838 | SUCCESS  | sales_module.sales:get_all_sales:233 - FETCHED ALL SALES...
2026-05-11 00:33:37.839 | SUCCESS  | stats_module.stats:stats_pulse:43 - FETCHED STATS PULSE.
2026-05-11 00:33:37.840 | SUCCESS  | sales_module.sales:display_all_sales_stats:144 - FETCHED SALES STATS...
2026-05-11 00:33:37.854 | INFO     | sales_module.sales:dispatch_today:32 - FETCHING TODAY'S DISPATCH STATUS...
2026-05-11 00:33:37.871 | SUCCESS  | sales_module.sales:dispatch_today:37 - FETCHED TODAY'S DISPATCH STATUS...
2026-05-11 00:33:37.872 | INFO     | sales_module.sales:dispatch_today:38 - DISPATCH STATUS: False
2026-05-11 00:33:37.921 | INFO     | customer_module.customer:display_all_customers:16 - FETCHING ALL CUSTOMERS...
2026-05-11 00:33:37.937 | INFO     | stats_module.stats:stats_vip:59 - FETCHING VIP CUSTOMERS...
2026-05-11 00:33:37.945 | SUCCESS  | customer_module.customer:display_all_customers:22 - FETCHED ALL CUSTOMERS...
2026-05-11 00:33:37.947 | INFO     | stats_module.stats:stats_trend:78 - FETCHING 6-MONTH TREND...
2026-05-11 00:33:37.973 | SUCCESS  | stats_module.stats:stats_trend:81 - FETCHED 6-MONTH TREND.
2026-05-11 00:33:37.978 | SUCCESS  | stats_module.stats:stats_vip:62 - FETCHED 1 VIP CUSTOMERS.
2026-05-11 00:33:38.156 | INFO     | sales_module.sales:dispatch_customers:16 - FETCHING CUSTOMERS TO DISPATCH...
2026-05-11 00:33:38.166 | SUCCESS  | sales_module.sales:dispatch_customers:23 - FETCHED CUSTOMERS TO DISPATCH...
2026-05-11 00:33:39.683 | INFO     | billings_module.billings:billings_summary:37 - FETCHING BILLING SUMMARY for 5/2026...
2026-05-11 00:33:39.693 | SUCCESS  | billings_module.billings:billings_summary:43 - FETCHED 1 BILLING ROWS.
2026-05-11 00:37:23.887 | INFO     | billings_module.billings:billings_summary:37 - FETCHING BILLING SUMMARY for 5/2026...
2026-05-11 00:37:23.896 | SUCCESS  | billings_module.billings:billings_summary:43 - FETCHED 1 BILLING ROWS.
2026-05-11 00:37:25.631 | INFO     | billings_module.billings:billings_customer:59 - FETCHING BILL for customer=4 5/2026...
2026-05-11 00:37:25.641 | SUCCESS  | billings_module.billings:billings_customer:67 - FETCHED CUSTOMER BILL.
2026-05-11 00:37:39.330 | INFO     | sales_module.sales:update_sales:192 - UPDATING THE SALES STATUS WITH ID: <built-in function id>
2026-05-11 00:37:39.338 | SUCCESS  | sales_module.sales:update_sales:194 - UPDATE THE SALES WITH ID <built-in function id> ...
2026-05-11 00:37:39.441 | INFO     | customer_module.customer:display_all_customers_stats:31 - FETCHING CUSTOMERS STATS...
2026-05-11 00:37:39.448 | INFO     | customer_module.customer:display_all_customers:16 - FETCHING ALL CUSTOMERS...
2026-05-11 00:37:39.452 | INFO     | sales_module.sales:display_all_sales_stats:138 - FETCHING SALES STATS...
2026-05-11 00:37:39.453 | INFO     | sales_module.sales:get_all_sales:226 - GETTING ALL SALES....
2026-05-11 00:37:39.453 | SUCCESS  | customer_module.customer:display_all_customers_stats:37 - FETCHED CUSTOMERS STATS...
2026-05-11 00:37:39.455 | SUCCESS  | customer_module.customer:display_all_customers:22 - FETCHED ALL CUSTOMERS...
2026-05-11 00:37:39.468 | SUCCESS  | sales_module.sales:display_all_sales_stats:144 - FETCHED SALES STATS...
2026-05-11 00:37:39.468 | SUCCESS  | sales_module.sales:get_all_sales:233 - FETCHED ALL SALES...
2026-05-11 00:37:40.937 | INFO     | billings_module.billings:billings_summary:37 - FETCHING BILLING SUMMARY for 5/2026...
2026-05-11 00:37:40.949 | SUCCESS  | billings_module.billings:billings_summary:43 - FETCHED 1 BILLING ROWS.
2026-05-11 00:37:44.972 | INFO     | stats_module.stats:stats_pulse:40 - FETCHING STATS PULSE...
2026-05-11 00:37:44.975 | INFO     | stats_module.stats:stats_vip:59 - FETCHING VIP CUSTOMERS...
2026-05-11 00:37:44.982 | INFO     | stats_module.stats:stats_trend:78 - FETCHING 6-MONTH TREND...
2026-05-11 00:37:44.982 | SUCCESS  | stats_module.stats:stats_pulse:43 - FETCHED STATS PULSE.
2026-05-11 00:37:44.998 | SUCCESS  | stats_module.stats:stats_trend:81 - FETCHED 6-MONTH TREND.
2026-05-11 00:37:44.999 | SUCCESS  | stats_module.stats:stats_vip:62 - FETCHED 1 VIP CUSTOMERS.
2026-05-11 00:37:46.374 | INFO     | billings_module.billings:billings_summary:37 - FETCHING BILLING SUMMARY for 5/2026...
2026-05-11 00:37:46.388 | SUCCESS  | billings_module.billings:billings_summary:43 - FETCHED 1 BILLING ROWS.
2026-05-11 00:37:52.751 | INFO     | sales_module.sales:search_customer:172 - SEARCHING CUSTOMER: muzamil...
2026-05-11 00:37:52.757 | SUCCESS  | sales_module.sales:search_customer:179 - FETCHED CUSTOMER: muzamil
2026-05-11 00:37:58.631 | INFO     | sales_module.sales:add_sales:70 - ADDING THE SALES
2026-05-11 00:37:58.639 | SUCCESS  | sales_module.sales:add_sales:72 - ADDED THE SALES ...
2026-05-11 00:37:58.743 | INFO     | customer_module.customer:display_all_customers_stats:31 - FETCHING CUSTOMERS STATS...
2026-05-11 00:37:58.745 | INFO     | sales_module.sales:display_all_sales_stats:138 - FETCHING SALES STATS...
2026-05-11 00:37:58.755 | INFO     | sales_module.sales:get_all_sales:226 - GETTING ALL SALES....
2026-05-11 00:37:58.756 | SUCCESS  | customer_module.customer:display_all_customers_stats:37 - FETCHED CUSTOMERS STATS...
2026-05-11 00:37:58.756 | SUCCESS  | sales_module.sales:display_all_sales_stats:144 - FETCHED SALES STATS...
2026-05-11 00:37:58.774 | SUCCESS  | sales_module.sales:get_all_sales:233 - FETCHED ALL SALES...
2026-05-11 00:37:58.840 | INFO     | customer_module.customer:display_all_customers:16 - FETCHING ALL CUSTOMERS...
2026-05-11 00:37:58.850 | SUCCESS  | customer_module.customer:display_all_customers:22 - FETCHED ALL CUSTOMERS...
2026-05-11 00:38:05.203 | INFO     | billings_module.billings:billings_summary:37 - FETCHING BILLING SUMMARY for 5/2026...
2026-05-11 00:38:05.212 | SUCCESS  | billings_module.billings:billings_summary:43 - FETCHED 1 BILLING ROWS.
2026-05-11 00:38:07.244 | INFO     | stats_module.stats:stats_pulse:40 - FETCHING STATS PULSE...
2026-05-11 00:38:07.248 | INFO     | stats_module.stats:stats_vip:59 - FETCHING VIP CUSTOMERS...
2026-05-11 00:38:07.250 | INFO     | stats_module.stats:stats_trend:78 - FETCHING 6-MONTH TREND...
2026-05-11 00:38:07.250 | SUCCESS  | stats_module.stats:stats_pulse:43 - FETCHED STATS PULSE.
2026-05-11 00:38:07.257 | SUCCESS  | stats_module.stats:stats_trend:81 - FETCHED 6-MONTH TREND.
2026-05-11 00:38:07.259 | SUCCESS  | stats_module.stats:stats_vip:62 - FETCHED 1 VIP CUSTOMERS.
2026-05-11 00:38:11.676 | INFO     | sales_module.sales:update_sales:192 - UPDATING THE SALES STATUS WITH ID: <built-in function id>
2026-05-11 00:38:11.681 | SUCCESS  | sales_module.sales:update_sales:194 - UPDATE THE SALES WITH ID <built-in function id> ...
2026-05-11 00:38:11.771 | INFO     | customer_module.customer:display_all_customers_stats:31 - FETCHING CUSTOMERS STATS...
2026-05-11 00:38:11.780 | INFO     | customer_module.customer:display_all_customers:16 - FETCHING ALL CUSTOMERS...
2026-05-11 00:38:11.780 | INFO     | sales_module.sales:display_all_sales_stats:138 - FETCHING SALES STATS...
2026-05-11 00:38:11.780 | SUCCESS  | customer_module.customer:display_all_customers_stats:37 - FETCHED CUSTOMERS STATS...
2026-05-11 00:38:11.781 | INFO     | sales_module.sales:get_all_sales:226 - GETTING ALL SALES....
2026-05-11 00:38:11.790 | SUCCESS  | customer_module.customer:display_all_customers:22 - FETCHED ALL CUSTOMERS...
2026-05-11 00:38:11.796 | SUCCESS  | sales_module.sales:display_all_sales_stats:144 - FETCHED SALES STATS...
2026-05-11 00:38:11.796 | SUCCESS  | sales_module.sales:get_all_sales:233 - FETCHED ALL SALES...
2026-05-11 00:38:13.078 | INFO     | billings_module.billings:billings_summary:37 - FETCHING BILLING SUMMARY for 5/2026...
2026-05-11 00:38:13.092 | SUCCESS  | billings_module.billings:billings_summary:43 - FETCHED 1 BILLING ROWS.
2026-05-11 00:39:06.204 | INFO     | stats_module.stats:stats_pulse:40 - FETCHING STATS PULSE...
2026-05-11 00:39:06.206 | INFO     | stats_module.stats:stats_vip:59 - FETCHING VIP CUSTOMERS...
2026-05-11 00:39:06.218 | INFO     | stats_module.stats:stats_trend:78 - FETCHING 6-MONTH TREND...
2026-05-11 00:39:06.228 | SUCCESS  | stats_module.stats:stats_pulse:43 - FETCHED STATS PULSE.
2026-05-11 00:39:06.242 | SUCCESS  | stats_module.stats:stats_vip:62 - FETCHED 1 VIP CUSTOMERS.
2026-05-11 00:39:06.243 | SUCCESS  | stats_module.stats:stats_trend:81 - FETCHED 6-MONTH TREND.
2026-05-11 00:39:07.832 | INFO     | billings_module.billings:billings_summary:37 - FETCHING BILLING SUMMARY for 5/2026...
2026-05-11 00:39:07.842 | SUCCESS  | billings_module.billings:billings_summary:43 - FETCHED 1 BILLING ROWS.
2026-05-11 00:39:10.960 | INFO     | billings_module.billings:billings_send_all:127 - SEND BILLS for 5/2026
2026-05-11 00:39:10.965 | SUCCESS  | billings_module.billings:billings_send_all:136 - All bills for this month were already generated.
2026-05-11 00:40:11.234 | INFO     | customer_module.customer:display_all_customers:16 - FETCHING ALL CUSTOMERS...
2026-05-11 00:40:11.245 | INFO     | customer_module.customer:display_all_customers_stats:31 - FETCHING CUSTOMERS STATS...
2026-05-11 00:40:11.246 | SUCCESS  | customer_module.customer:display_all_customers:22 - FETCHED ALL CUSTOMERS...
2026-05-11 00:40:11.251 | INFO     | sales_module.sales:get_all_sales:226 - GETTING ALL SALES....
2026-05-11 00:40:11.269 | INFO     | stats_module.stats:stats_pulse:40 - FETCHING STATS PULSE...
2026-05-11 00:40:11.279 | SUCCESS  | sales_module.sales:get_all_sales:233 - FETCHED ALL SALES...
2026-05-11 00:40:11.283 | SUCCESS  | customer_module.customer:display_all_customers_stats:37 - FETCHED CUSTOMERS STATS...
2026-05-11 00:40:11.287 | INFO     | sales_module.sales:dispatch_today:32 - FETCHING TODAY'S DISPATCH STATUS...
2026-05-11 00:40:11.287 | SUCCESS  | stats_module.stats:stats_pulse:43 - FETCHED STATS PULSE.
2026-05-11 00:40:11.302 | SUCCESS  | sales_module.sales:dispatch_today:37 - FETCHED TODAY'S DISPATCH STATUS...
2026-05-11 00:40:11.317 | INFO     | sales_module.sales:dispatch_today:38 - DISPATCH STATUS: False
2026-05-11 00:40:11.401 | INFO     | stats_module.stats:stats_vip:59 - FETCHING VIP CUSTOMERS...
2026-05-11 00:40:11.409 | INFO     | sales_module.sales:display_all_sales_stats:138 - FETCHING SALES STATS...
2026-05-11 00:40:11.411 | INFO     | stats_module.stats:stats_trend:78 - FETCHING 6-MONTH TREND...
2026-05-11 00:40:11.427 | SUCCESS  | stats_module.stats:stats_trend:81 - FETCHED 6-MONTH TREND.
2026-05-11 00:40:11.427 | SUCCESS  | stats_module.stats:stats_vip:62 - FETCHED 1 VIP CUSTOMERS.
2026-05-11 00:40:11.429 | SUCCESS  | sales_module.sales:display_all_sales_stats:144 - FETCHED SALES STATS...
2026-05-11 00:40:11.616 | INFO     | sales_module.sales:dispatch_customers:16 - FETCHING CUSTOMERS TO DISPATCH...
2026-05-11 00:40:11.626 | SUCCESS  | sales_module.sales:dispatch_customers:23 - FETCHED CUSTOMERS TO DISPATCH...
2026-05-11 00:40:13.060 | INFO     | billings_module.billings:billings_summary:37 - FETCHING BILLING SUMMARY for 5/2026...
2026-05-11 00:40:13.070 | SUCCESS  | billings_module.billings:billings_summary:43 - FETCHED 1 BILLING ROWS.
2026-05-11 00:40:14.831 | INFO     | billings_module.billings:billings_customer:59 - FETCHING BILL for customer=4 5/2026...
2026-05-11 00:40:14.837 | SUCCESS  | billings_module.billings:billings_customer:67 - FETCHED CUSTOMER BILL.
2026-05-11 00:40:18.098 | INFO     | billings_module.billings:billings_mark_paid:83 - MARK PAID: cust=4 5/2026
2026-05-11 00:40:18.114 | SUCCESS  | billings_module.billings:billings_mark_paid:88 - MARK PAID OK.
2026-05-11 00:40:18.175 | INFO     | billings_module.billings:billings_summary:37 - FETCHING BILLING SUMMARY for 5/2026...
2026-05-11 00:40:18.182 | SUCCESS  | billings_module.billings:billings_summary:43 - FETCHED 1 BILLING ROWS.
2026-05-11 00:40:18.286 | INFO     | billings_module.billings:billings_customer:59 - FETCHING BILL for customer=4 5/2026...
2026-05-11 00:40:18.296 | SUCCESS  | billings_module.billings:billings_customer:67 - FETCHED CUSTOMER BILL.
2026-05-11 00:40:26.503 | INFO     | billings_module.billings:billings_customer:59 - FETCHING BILL for customer=4 5/2026...
2026-05-11 00:40:26.510 | SUCCESS  | billings_module.billings:billings_customer:67 - FETCHED CUSTOMER BILL.
2026-05-11 00:40:33.625 | INFO     | billings_module.billings:billings_summary:37 - FETCHING BILLING SUMMARY for 4/2026...
2026-05-11 00:40:33.634 | SUCCESS  | billings_module.billings:billings_summary:43 - FETCHED 1 BILLING ROWS.
2026-05-11 00:40:36.278 | INFO     | billings_module.billings:billings_customer:59 - FETCHING BILL for customer=4 4/2026...
2026-05-11 00:40:36.286 | SUCCESS  | billings_module.billings:billings_customer:67 - FETCHED CUSTOMER BILL.
2026-05-11 00:40:39.854 | INFO     | billings_module.billings:billings_summary:37 - FETCHING BILLING SUMMARY for 5/2026...
2026-05-11 00:40:39.864 | SUCCESS  | billings_module.billings:billings_summary:43 - FETCHED 1 BILLING ROWS.
2026-05-11 00:41:56.293 | INFO     | customer_module.customer:display_all_customers_stats:31 - FETCHING CUSTOMERS STATS...
2026-05-11 00:41:56.296 | INFO     | sales_module.sales:display_all_sales_stats:138 - FETCHING SALES STATS...
2026-05-11 00:41:56.298 | INFO     | customer_module.customer:display_all_customers:16 - FETCHING ALL CUSTOMERS...
2026-05-11 00:41:56.299 | INFO     | sales_module.sales:dispatch_today:32 - FETCHING TODAY'S DISPATCH STATUS...
2026-05-11 00:41:56.329 | INFO     | sales_module.sales:get_all_sales:226 - GETTING ALL SALES....
2026-05-11 00:41:56.330 | INFO     | stats_module.stats:stats_pulse:40 - FETCHING STATS PULSE...
2026-05-11 00:41:56.339 | SUCCESS  | sales_module.sales:dispatch_today:37 - FETCHED TODAY'S DISPATCH STATUS...
2026-05-11 00:41:56.341 | INFO     | sales_module.sales:dispatch_today:38 - DISPATCH STATUS: False
2026-05-11 00:41:56.348 | SUCCESS  | customer_module.customer:display_all_customers_stats:37 - FETCHED CUSTOMERS STATS...
2026-05-11 00:41:56.355 | SUCCESS  | sales_module.sales:get_all_sales:233 - FETCHED ALL SALES...
2026-05-11 00:41:56.359 | SUCCESS  | customer_module.customer:display_all_customers:22 - FETCHED ALL CUSTOMERS...
2026-05-11 00:41:56.359 | SUCCESS  | stats_module.stats:stats_pulse:43 - FETCHED STATS PULSE.
2026-05-11 00:41:56.367 | SUCCESS  | sales_module.sales:display_all_sales_stats:144 - FETCHED SALES STATS...
2026-05-11 00:41:56.482 | INFO     | stats_module.stats:stats_vip:59 - FETCHING VIP CUSTOMERS...
2026-05-11 00:41:56.482 | INFO     | stats_module.stats:stats_trend:78 - FETCHING 6-MONTH TREND...
2026-05-11 00:41:56.495 | SUCCESS  | stats_module.stats:stats_trend:81 - FETCHED 6-MONTH TREND.
2026-05-11 00:41:56.503 | SUCCESS  | stats_module.stats:stats_vip:62 - FETCHED 1 VIP CUSTOMERS.
2026-05-11 00:41:56.663 | INFO     | sales_module.sales:dispatch_customers:16 - FETCHING CUSTOMERS TO DISPATCH...
2026-05-11 00:41:56.681 | SUCCESS  | sales_module.sales:dispatch_customers:23 - FETCHED CUSTOMERS TO DISPATCH...
2026-05-11 00:41:57.199 | INFO     | billings_module.billings:billings_summary:37 - FETCHING BILLING SUMMARY for 5/2026...
2026-05-11 00:41:57.245 | SUCCESS  | billings_module.billings:billings_summary:43 - FETCHED 1 BILLING ROWS.
2026-05-11 00:41:58.670 | INFO     | billings_module.billings:billings_customer:59 - FETCHING BILL for customer=4 5/2026...
2026-05-11 00:41:58.686 | SUCCESS  | billings_module.billings:billings_customer:67 - FETCHED CUSTOMER BILL.
2026-05-11 00:43:43.157 | INFO     | billings_module.billings:billings_summary:37 - FETCHING BILLING SUMMARY for 5/2026...
2026-05-11 00:43:43.179 | SUCCESS  | billings_module.billings:billings_summary:43 - FETCHED 1 BILLING ROWS.
2026-05-11 00:43:53.292 | INFO     | billings_module.billings:billings_summary:37 - FETCHING BILLING SUMMARY for 5/2026...
2026-05-11 00:43:53.300 | SUCCESS  | billings_module.billings:billings_summary:43 - FETCHED 1 BILLING ROWS.
2026-05-11 00:44:00.327 | INFO     | billings_module.billings:billings_summary:37 - FETCHING BILLING SUMMARY for 5/2026...
2026-05-11 00:44:00.338 | SUCCESS  | billings_module.billings:billings_summary:43 - FETCHED 1 BILLING ROWS.
2026-05-11 00:44:10.788 | INFO     | billings_module.billings:billings_summary:37 - FETCHING BILLING SUMMARY for 5/2026...
2026-05-11 00:44:10.798 | SUCCESS  | billings_module.billings:billings_summary:43 - FETCHED 1 BILLING ROWS.
2026-05-11 00:44:17.985 | INFO     | billings_module.billings:billings_summary:37 - FETCHING BILLING SUMMARY for 5/2026...
2026-05-11 00:44:17.996 | SUCCESS  | billings_module.billings:billings_summary:43 - FETCHED 1 BILLING ROWS.
2026-05-11 00:44:27.332 | INFO     | billings_module.billings:billings_summary:37 - FETCHING BILLING SUMMARY for 5/2026...
2026-05-11 00:44:27.362 | SUCCESS  | billings_module.billings:billings_summary:43 - FETCHED 1 BILLING ROWS.
2026-05-11 00:44:39.993 | INFO     | billings_module.billings:billings_customer:59 - FETCHING BILL for customer=4 5/2026...
2026-05-11 00:44:40.028 | SUCCESS  | billings_module.billings:billings_customer:67 - FETCHED CUSTOMER BILL.
2026-05-11 00:44:50.654 | INFO     | billings_module.billings:billings_mark_paid:83 - MARK PAID: cust=4 4/2026
2026-05-11 00:44:50.666 | SUCCESS  | billings_module.billings:billings_mark_paid:88 - MARK PAID OK.
2026-05-11 00:44:50.736 | INFO     | billings_module.billings:billings_summary:37 - FETCHING BILLING SUMMARY for 5/2026...
2026-05-11 00:44:50.737 | INFO     | billings_module.billings:billings_customer:59 - FETCHING BILL for customer=4 5/2026...
2026-05-11 00:44:50.747 | SUCCESS  | billings_module.billings:billings_summary:43 - FETCHED 1 BILLING ROWS.
2026-05-11 00:44:50.747 | SUCCESS  | billings_module.billings:billings_customer:67 - FETCHED CUSTOMER BILL.
2026-05-11 00:44:52.947 | INFO     | billings_module.billings:billings_mark_paid:83 - MARK PAID: cust=4 3/2026
2026-05-11 00:44:52.955 | SUCCESS  | billings_module.billings:billings_mark_paid:88 - MARK PAID OK.
2026-05-11 00:44:53.014 | INFO     | billings_module.billings:billings_summary:37 - FETCHING BILLING SUMMARY for 5/2026...
2026-05-11 00:44:53.014 | INFO     | billings_module.billings:billings_customer:59 - FETCHING BILL for customer=4 5/2026...
2026-05-11 00:44:53.022 | SUCCESS  | billings_module.billings:billings_summary:43 - FETCHED 1 BILLING ROWS.
2026-05-11 00:44:53.023 | SUCCESS  | billings_module.billings:billings_customer:67 - FETCHED CUSTOMER BILL.
2026-05-11 00:46:48.244 | INFO     | sales_module.sales:search_customer:172 - SEARCHING CUSTOMER: Suleman...
2026-05-11 00:46:48.253 | SUCCESS  | sales_module.sales:search_customer:182 - NO CUSTOMER WITH q: Suleman
2026-05-11 00:47:22.513 | INFO     | customer_module.customer:add_customer:117 - ADDING THE CUSTOMER name='suleman' cell_phone='03212551504' address='' unit_price=60 advance_money=0 is_active=None user_id=0 regular_bottles=10 ...
2026-05-11 00:47:22.524 | SUCCESS  | customer_module.customer:add_customer:121 - ADDED THE CUSTOMER...
2026-05-11 00:47:22.692 | INFO     | customer_module.customer:display_all_customers_stats:31 - FETCHING CUSTOMERS STATS...
2026-05-11 00:47:22.697 | INFO     | customer_module.customer:display_all_customers:16 - FETCHING ALL CUSTOMERS...
2026-05-11 00:47:22.712 | INFO     | sales_module.sales:display_all_sales_stats:138 - FETCHING SALES STATS...
2026-05-11 00:47:22.713 | INFO     | sales_module.sales:get_all_sales:226 - GETTING ALL SALES....
2026-05-11 00:47:22.713 | SUCCESS  | customer_module.customer:display_all_customers:22 - FETCHED ALL CUSTOMERS...
2026-05-11 00:47:22.721 | SUCCESS  | customer_module.customer:display_all_customers_stats:37 - FETCHED CUSTOMERS STATS...
2026-05-11 00:47:22.740 | SUCCESS  | sales_module.sales:get_all_sales:233 - FETCHED ALL SALES...
2026-05-11 00:47:22.741 | SUCCESS  | sales_module.sales:display_all_sales_stats:144 - FETCHED SALES STATS...
2026-05-11 00:47:28.140 | INFO     | sales_module.sales:search_customer:172 - SEARCHING CUSTOMER: Sukle...
2026-05-11 00:47:28.145 | SUCCESS  | sales_module.sales:search_customer:182 - NO CUSTOMER WITH q: Sukle
2026-05-11 00:47:28.465 | INFO     | sales_module.sales:search_customer:172 - SEARCHING CUSTOMER: Suk...
2026-05-11 00:47:28.470 | SUCCESS  | sales_module.sales:search_customer:182 - NO CUSTOMER WITH q: Suk
2026-05-11 00:47:29.657 | INFO     | sales_module.sales:search_customer:172 - SEARCHING CUSTOMER: Suk...
2026-05-11 00:47:29.662 | SUCCESS  | sales_module.sales:search_customer:182 - NO CUSTOMER WITH q: Suk
2026-05-11 00:47:30.130 | INFO     | sales_module.sales:search_customer:172 - SEARCHING CUSTOMER: Su...
2026-05-11 00:47:30.134 | SUCCESS  | sales_module.sales:search_customer:179 - FETCHED CUSTOMER: Su
2026-05-11 00:47:31.183 | INFO     | sales_module.sales:search_customer:172 - SEARCHING CUSTOMER: Suleman...
2026-05-11 00:47:31.189 | SUCCESS  | sales_module.sales:search_customer:179 - FETCHED CUSTOMER: Suleman
2026-05-11 00:47:32.421 | INFO     | sales_module.sales:search_customer:172 - SEARCHING CUSTOMER: suleman...
2026-05-11 00:47:32.426 | SUCCESS  | sales_module.sales:search_customer:179 - FETCHED CUSTOMER: suleman
2026-05-11 00:47:39.133 | INFO     | sales_module.sales:add_sales:70 - ADDING THE SALES
2026-05-11 00:47:39.145 | SUCCESS  | sales_module.sales:add_sales:72 - ADDED THE SALES ...
2026-05-11 00:47:39.238 | INFO     | customer_module.customer:display_all_customers_stats:31 - FETCHING CUSTOMERS STATS...
2026-05-11 00:47:39.238 | INFO     | customer_module.customer:display_all_customers:16 - FETCHING ALL CUSTOMERS...
2026-05-11 00:47:39.246 | SUCCESS  | customer_module.customer:display_all_customers:22 - FETCHED ALL CUSTOMERS...
2026-05-11 00:47:39.248 | SUCCESS  | customer_module.customer:display_all_customers_stats:37 - FETCHED CUSTOMERS STATS...
2026-05-11 00:47:39.258 | INFO     | sales_module.sales:get_all_sales:226 - GETTING ALL SALES....
2026-05-11 00:47:39.276 | SUCCESS  | sales_module.sales:get_all_sales:233 - FETCHED ALL SALES...
2026-05-11 00:47:39.336 | INFO     | sales_module.sales:display_all_sales_stats:138 - FETCHING SALES STATS...
2026-05-11 00:47:39.344 | SUCCESS  | sales_module.sales:display_all_sales_stats:144 - FETCHED SALES STATS...
2026-05-11 00:47:40.855 | INFO     | billings_module.billings:billings_summary:37 - FETCHING BILLING SUMMARY for 5/2026...
2026-05-11 00:47:40.866 | SUCCESS  | billings_module.billings:billings_summary:43 - FETCHED 2 BILLING ROWS.
2026-05-11 00:47:43.519 | INFO     | billings_module.billings:billings_customer:59 - FETCHING BILL for customer=5 5/2026...
2026-05-11 00:47:43.533 | SUCCESS  | billings_module.billings:billings_customer:67 - FETCHED CUSTOMER BILL.
2026-05-11 00:47:48.688 | INFO     | billings_module.billings:billings_mark_paid:83 - MARK PAID: cust=5 5/2026
2026-05-11 00:47:48.699 | SUCCESS  | billings_module.billings:billings_mark_paid:88 - MARK PAID OK.
2026-05-11 00:47:48.758 | INFO     | billings_module.billings:billings_customer:59 - FETCHING BILL for customer=5 5/2026...
2026-05-11 00:47:48.770 | SUCCESS  | billings_module.billings:billings_customer:67 - FETCHED CUSTOMER BILL.
2026-05-11 00:47:48.864 | INFO     | billings_module.billings:billings_summary:37 - FETCHING BILLING SUMMARY for 5/2026...
2026-05-11 00:47:48.875 | SUCCESS  | billings_module.billings:billings_summary:43 - FETCHED 2 BILLING ROWS.
2026-05-11 00:50:19.533 | INFO     | stats_module.stats:stats_pulse:40 - FETCHING STATS PULSE...
2026-05-11 00:50:19.541 | INFO     | stats_module.stats:stats_vip:59 - FETCHING VIP CUSTOMERS...
2026-05-11 00:50:19.547 | SUCCESS  | stats_module.stats:stats_pulse:43 - FETCHED STATS PULSE.
2026-05-11 00:50:19.560 | INFO     | stats_module.stats:stats_trend:78 - FETCHING 6-MONTH TREND...
2026-05-11 00:50:19.665 | SUCCESS  | stats_module.stats:stats_trend:81 - FETCHED 6-MONTH TREND.
2026-05-11 00:50:19.683 | SUCCESS  | stats_module.stats:stats_vip:62 - FETCHED 2 VIP CUSTOMERS.
2026-05-11 00:50:21.320 | INFO     | billings_module.billings:billings_summary:37 - FETCHING BILLING SUMMARY for 5/2026...
2026-05-11 00:50:21.336 | SUCCESS  | billings_module.billings:billings_summary:43 - FETCHED 2 BILLING ROWS.
2026-05-11 00:51:17.375 | INFO     | billings_module.billings:billings_customer:59 - FETCHING BILL for customer=4 5/2026...
2026-05-11 00:51:17.384 | SUCCESS  | billings_module.billings:billings_customer:67 - FETCHED CUSTOMER BILL.
2026-05-11 00:52:30.225 | INFO     | stats_module.stats:stats_pulse:40 - FETCHING STATS PULSE...
2026-05-11 00:52:30.227 | INFO     | stats_module.stats:stats_trend:78 - FETCHING 6-MONTH TREND...
2026-05-11 00:52:30.229 | INFO     | stats_module.stats:stats_vip:59 - FETCHING VIP CUSTOMERS...
2026-05-11 00:52:30.234 | SUCCESS  | stats_module.stats:stats_pulse:43 - FETCHED STATS PULSE.
2026-05-11 00:52:30.236 | SUCCESS  | stats_module.stats:stats_trend:81 - FETCHED 6-MONTH TREND.
2026-05-11 00:52:30.251 | SUCCESS  | stats_module.stats:stats_vip:62 - FETCHED 2 VIP CUSTOMERS.
2026-05-11 00:52:31.711 | INFO     | billings_module.billings:billings_summary:37 - FETCHING BILLING SUMMARY for 5/2026...
2026-05-11 00:52:31.725 | SUCCESS  | billings_module.billings:billings_summary:43 - FETCHED 2 BILLING ROWS.
2026-05-11 00:52:47.809 | INFO     | billings_module.billings:billings_summary:37 - FETCHING BILLING SUMMARY for 5/2026...
2026-05-11 00:52:47.820 | SUCCESS  | billings_module.billings:billings_summary:43 - FETCHED 2 BILLING ROWS.
2026-05-11 00:52:54.620 | INFO     | stats_module.stats:stats_trend:78 - FETCHING 6-MONTH TREND...
2026-05-11 00:52:54.625 | INFO     | stats_module.stats:stats_vip:59 - FETCHING VIP CUSTOMERS...
2026-05-11 00:52:54.630 | SUCCESS  | stats_module.stats:stats_trend:81 - FETCHED 6-MONTH TREND.
2026-05-11 00:52:54.642 | SUCCESS  | stats_module.stats:stats_vip:62 - FETCHED 2 VIP CUSTOMERS.
2026-05-11 00:52:54.710 | INFO     | stats_module.stats:stats_pulse:40 - FETCHING STATS PULSE...
2026-05-11 00:52:54.714 | SUCCESS  | stats_module.stats:stats_pulse:43 - FETCHED STATS PULSE.
2026-05-11 00:53:01.349 | INFO     | stats_module.stats:stats_pulse:40 - FETCHING STATS PULSE...
2026-05-11 00:53:01.353 | SUCCESS  | stats_module.stats:stats_pulse:43 - FETCHED STATS PULSE.
2026-05-11 00:53:01.355 | INFO     | stats_module.stats:stats_vip:59 - FETCHING VIP CUSTOMERS...
2026-05-11 00:53:01.359 | INFO     | stats_module.stats:stats_trend:78 - FETCHING 6-MONTH TREND...
2026-05-11 00:53:01.368 | SUCCESS  | stats_module.stats:stats_trend:81 - FETCHED 6-MONTH TREND.
2026-05-11 00:53:01.369 | SUCCESS  | stats_module.stats:stats_vip:62 - FETCHED 2 VIP CUSTOMERS.
2026-05-11 00:53:02.037 | INFO     | billings_module.billings:billings_summary:37 - FETCHING BILLING SUMMARY for 5/2026...
2026-05-11 00:53:02.050 | SUCCESS  | billings_module.billings:billings_summary:43 - FETCHED 2 BILLING ROWS.
2026-05-11 00:55:26.177 | INFO     | billings_module.billings:billings_customer:59 - FETCHING BILL for customer=4 5/2026...
2026-05-11 00:55:26.190 | SUCCESS  | billings_module.billings:billings_customer:67 - FETCHED CUSTOMER BILL.
2026-05-11 00:55:26.937 | INFO     | billings_module.billings:billings_customer:59 - FETCHING BILL for customer=4 5/2026...
2026-05-11 00:55:26.947 | SUCCESS  | billings_module.billings:billings_customer:67 - FETCHED CUSTOMER BILL.
2026-05-11 00:56:08.357 | INFO     | billings_module.billings:billings_summary:37 - FETCHING BILLING SUMMARY for 5/2026...
2026-05-11 00:56:08.369 | SUCCESS  | billings_module.billings:billings_summary:43 - FETCHED 2 BILLING ROWS.
2026-05-11 00:56:17.159 | INFO     | billings_module.billings:billings_summary:37 - FETCHING BILLING SUMMARY for 5/2026...
2026-05-11 00:56:17.180 | SUCCESS  | billings_module.billings:billings_summary:43 - FETCHED 2 BILLING ROWS.
2026-05-11 00:56:31.709 | INFO     | billings_module.billings:billings_summary:37 - FETCHING BILLING SUMMARY for 5/2026...
2026-05-11 00:56:31.719 | SUCCESS  | billings_module.billings:billings_summary:43 - FETCHED 2 BILLING ROWS.
2026-05-11 00:56:34.066 | INFO     | billings_module.billings:billings_summary:37 - FETCHING BILLING SUMMARY for 5/2026...
2026-05-11 00:56:34.084 | SUCCESS  | billings_module.billings:billings_summary:43 - FETCHED 2 BILLING ROWS.
2026-05-11 00:56:43.769 | INFO     | billings_module.billings:billings_summary:37 - FETCHING BILLING SUMMARY for 5/2026...
2026-05-11 00:56:43.796 | SUCCESS  | billings_module.billings:billings_summary:43 - FETCHED 2 BILLING ROWS.
2026-05-11 00:56:51.479 | INFO     | stats_module.stats:stats_trend:78 - FETCHING 6-MONTH TREND...
2026-05-11 00:56:51.479 | INFO     | stats_module.stats:stats_pulse:40 - FETCHING STATS PULSE...
2026-05-11 00:56:51.480 | INFO     | stats_module.stats:stats_vip:59 - FETCHING VIP CUSTOMERS...
2026-05-11 00:56:51.489 | SUCCESS  | stats_module.stats:stats_pulse:43 - FETCHED STATS PULSE.
2026-05-11 00:56:51.492 | SUCCESS  | stats_module.stats:stats_trend:81 - FETCHED 6-MONTH TREND.
2026-05-11 00:56:51.498 | SUCCESS  | stats_module.stats:stats_vip:62 - FETCHED 2 VIP CUSTOMERS.
2026-05-11 00:56:56.444 | INFO     | billings_module.billings:billings_summary:37 - FETCHING BILLING SUMMARY for 5/2026...
2026-05-11 00:56:56.460 | SUCCESS  | billings_module.billings:billings_summary:43 - FETCHED 2 BILLING ROWS.
2026-05-11 00:57:00.918 | INFO     | billings_module.billings:billings_summary:37 - FETCHING BILLING SUMMARY for 5/2026...
2026-05-11 00:57:00.930 | SUCCESS  | billings_module.billings:billings_summary:43 - FETCHED 2 BILLING ROWS.
2026-05-11 00:57:10.121 | INFO     | customer_module.customer:display_all_customers:16 - FETCHING ALL CUSTOMERS...
2026-05-11 00:57:10.126 | SUCCESS  | customer_module.customer:display_all_customers:22 - FETCHED ALL CUSTOMERS...
2026-05-11 00:57:19.488 | INFO     | sales_module.sales:get_all_sales:226 - GETTING ALL SALES....
2026-05-11 00:57:19.495 | SUCCESS  | sales_module.sales:get_all_sales:233 - FETCHED ALL SALES...
2026-05-11 00:57:59.604 | INFO     | stats_module.stats:stats_vip:59 - FETCHING VIP CUSTOMERS...
2026-05-11 00:57:59.605 | INFO     | stats_module.stats:stats_pulse:40 - FETCHING STATS PULSE...
2026-05-11 00:57:59.610 | INFO     | stats_module.stats:stats_trend:78 - FETCHING 6-MONTH TREND...
2026-05-11 00:57:59.613 | SUCCESS  | stats_module.stats:stats_pulse:43 - FETCHED STATS PULSE.
2026-05-11 00:57:59.616 | SUCCESS  | stats_module.stats:stats_vip:62 - FETCHED 2 VIP CUSTOMERS.
2026-05-11 00:57:59.617 | SUCCESS  | stats_module.stats:stats_trend:81 - FETCHED 6-MONTH TREND.
2026-05-11 00:58:01.486 | INFO     | billings_module.billings:billings_summary:37 - FETCHING BILLING SUMMARY for 5/2026...
2026-05-11 00:58:01.497 | SUCCESS  | billings_module.billings:billings_summary:43 - FETCHED 2 BILLING ROWS.
2026-05-11 00:58:07.002 | INFO     | billings_module.billings:billings_customer:59 - FETCHING BILL for customer=4 5/2026...
2026-05-11 00:58:07.012 | SUCCESS  | billings_module.billings:billings_customer:67 - FETCHED CUSTOMER BILL.
2026-05-11 00:58:17.427 | INFO     | stats_module.stats:stats_pulse:40 - FETCHING STATS PULSE...
2026-05-11 00:58:17.429 | INFO     | stats_module.stats:stats_vip:59 - FETCHING VIP CUSTOMERS...
2026-05-11 00:58:17.432 | SUCCESS  | stats_module.stats:stats_pulse:43 - FETCHED STATS PULSE.
2026-05-11 00:58:17.435 | INFO     | stats_module.stats:stats_trend:78 - FETCHING 6-MONTH TREND...
2026-05-11 00:58:17.445 | SUCCESS  | stats_module.stats:stats_vip:62 - FETCHED 2 VIP CUSTOMERS.
2026-05-11 00:58:17.449 | SUCCESS  | stats_module.stats:stats_trend:81 - FETCHED 6-MONTH TREND.
2026-05-11 00:58:56.947 | INFO     | customer_module.customer:display_customer:136 - GETTING THE CUSTOMER 5 ...
2026-05-11 00:58:56.957 | SUCCESS  | customer_module.customer:display_customer:145 - GOT THE CUSTOMER 5 ...
2026-05-11 00:59:30.171 | INFO     | customer_module.customer:display_all_customers_stats:31 - FETCHING CUSTOMERS STATS...
2026-05-11 00:59:30.171 | INFO     | customer_module.customer:display_all_customers:16 - FETCHING ALL CUSTOMERS...
2026-05-11 00:59:30.180 | SUCCESS  | customer_module.customer:display_all_customers:22 - FETCHED ALL CUSTOMERS...
2026-05-11 00:59:30.185 | INFO     | sales_module.sales:get_all_sales:226 - GETTING ALL SALES....
2026-05-11 00:59:30.188 | INFO     | sales_module.sales:dispatch_today:32 - FETCHING TODAY'S DISPATCH STATUS...
2026-05-11 00:59:30.192 | INFO     | stats_module.stats:stats_pulse:40 - FETCHING STATS PULSE...
2026-05-11 00:59:30.193 | SUCCESS  | customer_module.customer:display_all_customers_stats:37 - FETCHED CUSTOMERS STATS...
2026-05-11 00:59:30.200 | SUCCESS  | sales_module.sales:dispatch_today:37 - FETCHED TODAY'S DISPATCH STATUS...
2026-05-11 00:59:30.203 | INFO     | sales_module.sales:dispatch_today:38 - DISPATCH STATUS: False
2026-05-11 00:59:30.205 | INFO     | stats_module.stats:stats_vip:59 - FETCHING VIP CUSTOMERS...
2026-05-11 00:59:30.212 | SUCCESS  | stats_module.stats:stats_pulse:43 - FETCHED STATS PULSE.
2026-05-11 00:59:30.214 | SUCCESS  | sales_module.sales:get_all_sales:233 - FETCHED ALL SALES...
2026-05-11 00:59:30.244 | SUCCESS  | stats_module.stats:stats_vip:62 - FETCHED 2 VIP CUSTOMERS.
2026-05-11 00:59:30.280 | INFO     | stats_module.stats:stats_trend:78 - FETCHING 6-MONTH TREND...
2026-05-11 00:59:30.288 | SUCCESS  | stats_module.stats:stats_trend:81 - FETCHED 6-MONTH TREND.
2026-05-11 00:59:30.292 | INFO     | sales_module.sales:dispatch_customers:16 - FETCHING CUSTOMERS TO DISPATCH...
2026-05-11 00:59:30.297 | SUCCESS  | sales_module.sales:dispatch_customers:23 - FETCHED CUSTOMERS TO DISPATCH...
2026-05-11 00:59:30.385 | INFO     | sales_module.sales:display_all_sales_stats:138 - FETCHING SALES STATS...
2026-05-11 00:59:30.390 | SUCCESS  | sales_module.sales:display_all_sales_stats:144 - FETCHED SALES STATS...
2026-05-11 01:00:01.526 | INFO     | stats_module.stats:stats_pulse:40 - FETCHING STATS PULSE...
2026-05-11 01:00:01.527 | INFO     | stats_module.stats:stats_vip:59 - FETCHING VIP CUSTOMERS...
2026-05-11 01:00:01.532 | INFO     | stats_module.stats:stats_trend:78 - FETCHING 6-MONTH TREND...
2026-05-11 01:00:01.532 | SUCCESS  | stats_module.stats:stats_pulse:43 - FETCHED STATS PULSE.
2026-05-11 01:00:01.537 | SUCCESS  | stats_module.stats:stats_vip:62 - FETCHED 2 VIP CUSTOMERS.
2026-05-11 01:00:01.544 | SUCCESS  | stats_module.stats:stats_trend:81 - FETCHED 6-MONTH TREND.
2026-05-11 01:00:14.549 | INFO     | billings_module.billings:billings_summary:37 - FETCHING BILLING SUMMARY for 5/2026...
2026-05-11 01:00:14.559 | SUCCESS  | billings_module.billings:billings_summary:43 - FETCHED 2 BILLING ROWS.
2026-05-11 01:00:16.481 | INFO     | billings_module.billings:billings_customer:59 - FETCHING BILL for customer=4 5/2026...
2026-05-11 01:00:16.494 | SUCCESS  | billings_module.billings:billings_customer:67 - FETCHED CUSTOMER BILL.
2026-05-11 01:00:17.544 | INFO     | billings_module.billings:billings_customer:59 - FETCHING BILL for customer=4 5/2026...
2026-05-11 01:00:17.553 | SUCCESS  | billings_module.billings:billings_customer:67 - FETCHED CUSTOMER BILL.
2026-05-11 01:00:27.604 | INFO     | billings_module.billings:billings_mark_paid:83 - MARK PAID: cust=4 4/2026
2026-05-11 01:00:27.623 | SUCCESS  | billings_module.billings:billings_mark_paid:88 - MARK PAID OK.
2026-05-11 01:00:27.683 | INFO     | billings_module.billings:billings_summary:37 - FETCHING BILLING SUMMARY for 5/2026...
2026-05-11 01:00:27.688 | INFO     | billings_module.billings:billings_customer:59 - FETCHING BILL for customer=4 5/2026...
2026-05-11 01:00:27.695 | SUCCESS  | billings_module.billings:billings_summary:43 - FETCHED 2 BILLING ROWS.
2026-05-11 01:00:27.703 | SUCCESS  | billings_module.billings:billings_customer:67 - FETCHED CUSTOMER BILL.
2026-05-11 01:00:28.720 | INFO     | billings_module.billings:billings_mark_paid:83 - MARK PAID: cust=4 3/2026
2026-05-11 01:00:28.727 | SUCCESS  | billings_module.billings:billings_mark_paid:88 - MARK PAID OK.
2026-05-11 01:00:28.777 | INFO     | billings_module.billings:billings_customer:59 - FETCHING BILL for customer=4 5/2026...
2026-05-11 01:00:28.786 | INFO     | billings_module.billings:billings_summary:37 - FETCHING BILLING SUMMARY for 5/2026...
2026-05-11 01:00:28.791 | SUCCESS  | billings_module.billings:billings_customer:67 - FETCHED CUSTOMER BILL.
2026-05-11 01:00:28.796 | SUCCESS  | billings_module.billings:billings_summary:43 - FETCHED 2 BILLING ROWS.
2026-05-11 01:00:31.985 | INFO     | billings_module.billings:billings_mark_unpaid:104 - MARK UNPAID: cust=4 5/2026
2026-05-11 01:00:32.001 | SUCCESS  | billings_module.billings:billings_mark_unpaid:109 - MARK UNPAID OK.
2026-05-11 01:00:32.052 | INFO     | billings_module.billings:billings_customer:59 - FETCHING BILL for customer=4 5/2026...
2026-05-11 01:00:32.055 | INFO     | billings_module.billings:billings_summary:37 - FETCHING BILLING SUMMARY for 5/2026...
2026-05-11 01:00:32.063 | SUCCESS  | billings_module.billings:billings_customer:67 - FETCHED CUSTOMER BILL.
2026-05-11 01:00:32.064 | SUCCESS  | billings_module.billings:billings_summary:43 - FETCHED 2 BILLING ROWS.
2026-05-11 01:00:40.627 | INFO     | sales_module.sales:get_sales:245 - GETTING SALES OF ID: 5...
2026-05-11 01:00:40.633 | SUCCESS  | sales_module.sales:get_sales:252 - FETCHED SALES WITH ID: 5
2026-05-11 01:00:49.260 | INFO     | sales_module.sales:get_sales:245 - GETTING SALES OF ID: 4...
2026-05-11 01:00:49.266 | SUCCESS  | sales_module.sales:get_sales:252 - FETCHED SALES WITH ID: 4
2026-05-11 01:00:50.561 | INFO     | sales_module.sales:get_sales:245 - GETTING SALES OF ID: 5...
2026-05-11 01:00:50.569 | SUCCESS  | sales_module.sales:get_sales:252 - FETCHED SALES WITH ID: 5
2026-05-11 01:00:54.850 | INFO     | customer_module.customer:display_all_customers_stats:31 - FETCHING CUSTOMERS STATS...
2026-05-11 01:00:54.864 | INFO     | sales_module.sales:get_all_sales:226 - GETTING ALL SALES....
2026-05-11 01:00:54.864 | SUCCESS  | customer_module.customer:display_all_customers_stats:37 - FETCHED CUSTOMERS STATS...
2026-05-11 01:00:54.882 | SUCCESS  | sales_module.sales:get_all_sales:233 - FETCHED ALL SALES...
2026-05-11 01:00:54.882 | INFO     | stats_module.stats:stats_pulse:40 - FETCHING STATS PULSE...
2026-05-11 01:00:54.898 | INFO     | sales_module.sales:dispatch_today:32 - FETCHING TODAY'S DISPATCH STATUS...
2026-05-11 01:00:54.903 | SUCCESS  | stats_module.stats:stats_pulse:43 - FETCHED STATS PULSE.
2026-05-11 01:00:54.913 | SUCCESS  | sales_module.sales:dispatch_today:37 - FETCHED TODAY'S DISPATCH STATUS...
2026-05-11 01:00:54.914 | INFO     | sales_module.sales:dispatch_today:38 - DISPATCH STATUS: False
2026-05-11 01:00:54.986 | INFO     | customer_module.customer:display_all_customers:16 - FETCHING ALL CUSTOMERS...
2026-05-11 01:00:55.004 | SUCCESS  | customer_module.customer:display_all_customers:22 - FETCHED ALL CUSTOMERS...
2026-05-11 01:00:55.034 | INFO     | sales_module.sales:display_all_sales_stats:138 - FETCHING SALES STATS...
2026-05-11 01:00:55.041 | INFO     | stats_module.stats:stats_trend:78 - FETCHING 6-MONTH TREND...
2026-05-11 01:00:55.041 | INFO     | stats_module.stats:stats_vip:59 - FETCHING VIP CUSTOMERS...
2026-05-11 01:00:55.054 | SUCCESS  | stats_module.stats:stats_trend:81 - FETCHED 6-MONTH TREND.
2026-05-11 01:00:55.059 | SUCCESS  | stats_module.stats:stats_vip:62 - FETCHED 2 VIP CUSTOMERS.
2026-05-11 01:00:55.060 | SUCCESS  | sales_module.sales:display_all_sales_stats:144 - FETCHED SALES STATS...
2026-05-11 01:00:55.222 | INFO     | sales_module.sales:dispatch_customers:16 - FETCHING CUSTOMERS TO DISPATCH...
2026-05-11 01:00:55.232 | SUCCESS  | sales_module.sales:dispatch_customers:23 - FETCHED CUSTOMERS TO DISPATCH...
2026-05-11 01:02:34.190 | INFO     | stats_module.stats:stats_pulse:40 - FETCHING STATS PULSE...
2026-05-11 01:02:34.190 | INFO     | stats_module.stats:stats_vip:59 - FETCHING VIP CUSTOMERS...
2026-05-11 01:02:34.191 | INFO     | stats_module.stats:stats_trend:78 - FETCHING 6-MONTH TREND...
2026-05-11 01:02:34.195 | SUCCESS  | stats_module.stats:stats_pulse:43 - FETCHED STATS PULSE.
2026-05-11 01:02:34.196 | SUCCESS  | stats_module.stats:stats_trend:81 - FETCHED 6-MONTH TREND.
2026-05-11 01:02:34.200 | SUCCESS  | stats_module.stats:stats_vip:62 - FETCHED 2 VIP CUSTOMERS.
2026-05-11 01:02:36.194 | INFO     | billings_module.billings:billings_summary:37 - FETCHING BILLING SUMMARY for 5/2026...
2026-05-11 01:02:36.202 | SUCCESS  | billings_module.billings:billings_summary:43 - FETCHED 2 BILLING ROWS.
2026-05-11 01:03:28.061 | INFO     | sales_module.sales:update_sales:192 - UPDATING THE SALES STATUS WITH ID: <built-in function id>
2026-05-11 01:03:28.071 | SUCCESS  | sales_module.sales:update_sales:194 - UPDATE THE SALES WITH ID <built-in function id> ...
2026-05-11 01:03:28.142 | INFO     | sales_module.sales:get_all_sales:226 - GETTING ALL SALES....
2026-05-11 01:03:28.148 | INFO     | sales_module.sales:display_all_sales_stats:138 - FETCHING SALES STATS...
2026-05-11 01:03:28.149 | INFO     | customer_module.customer:display_all_customers:16 - FETCHING ALL CUSTOMERS...
2026-05-11 01:03:28.149 | SUCCESS  | sales_module.sales:get_all_sales:233 - FETCHED ALL SALES...
2026-05-11 01:03:28.156 | INFO     | customer_module.customer:display_all_customers_stats:31 - FETCHING CUSTOMERS STATS...
2026-05-11 01:03:28.157 | SUCCESS  | customer_module.customer:display_all_customers:22 - FETCHED ALL CUSTOMERS...
2026-05-11 01:03:28.161 | SUCCESS  | sales_module.sales:display_all_sales_stats:144 - FETCHED SALES STATS...
2026-05-11 01:03:28.171 | SUCCESS  | customer_module.customer:display_all_customers_stats:37 - FETCHED CUSTOMERS STATS...
2026-05-11 01:03:30.971 | INFO     | sales_module.sales:update_sales:192 - UPDATING THE SALES STATUS WITH ID: <built-in function id>
2026-05-11 01:03:30.976 | SUCCESS  | sales_module.sales:update_sales:194 - UPDATE THE SALES WITH ID <built-in function id> ...
2026-05-11 01:03:31.063 | INFO     | customer_module.customer:display_all_customers_stats:31 - FETCHING CUSTOMERS STATS...
2026-05-11 01:03:31.063 | INFO     | sales_module.sales:display_all_sales_stats:138 - FETCHING SALES STATS...
2026-05-11 01:03:31.071 | SUCCESS  | sales_module.sales:display_all_sales_stats:144 - FETCHED SALES STATS...
2026-05-11 01:03:31.072 | SUCCESS  | customer_module.customer:display_all_customers_stats:37 - FETCHED CUSTOMERS STATS...
2026-05-11 01:03:31.074 | INFO     | customer_module.customer:display_all_customers:16 - FETCHING ALL CUSTOMERS...
2026-05-11 01:03:31.075 | INFO     | sales_module.sales:get_all_sales:226 - GETTING ALL SALES....
2026-05-11 01:03:31.081 | SUCCESS  | customer_module.customer:display_all_customers:22 - FETCHED ALL CUSTOMERS...
2026-05-11 01:03:31.091 | SUCCESS  | sales_module.sales:get_all_sales:233 - FETCHED ALL SALES...
2026-05-11 01:03:46.654 | INFO     | stats_module.stats:stats_vip:59 - FETCHING VIP CUSTOMERS...
2026-05-11 01:03:46.663 | SUCCESS  | stats_module.stats:stats_vip:62 - FETCHED 2 VIP CUSTOMERS.
2026-05-11 01:03:46.664 | INFO     | stats_module.stats:stats_trend:78 - FETCHING 6-MONTH TREND...
2026-05-11 01:03:46.666 | INFO     | stats_module.stats:stats_pulse:40 - FETCHING STATS PULSE...
2026-05-11 01:03:46.674 | SUCCESS  | stats_module.stats:stats_pulse:43 - FETCHED STATS PULSE.
2026-05-11 01:03:46.674 | SUCCESS  | stats_module.stats:stats_trend:81 - FETCHED 6-MONTH TREND.
2026-05-11 01:03:48.370 | INFO     | billings_module.billings:billings_summary:37 - FETCHING BILLING SUMMARY for 5/2026...
2026-05-11 01:03:48.382 | SUCCESS  | billings_module.billings:billings_summary:43 - FETCHED 2 BILLING ROWS.
2026-05-11 01:03:49.728 | INFO     | billings_module.billings:billings_customer:59 - FETCHING BILL for customer=4 5/2026...
2026-05-11 01:03:49.743 | SUCCESS  | billings_module.billings:billings_customer:67 - FETCHED CUSTOMER BILL.
2026-05-11 01:04:04.220 | INFO     | billings_module.billings:billings_mark_paid:83 - MARK PAID: cust=4 5/2026
2026-05-11 01:04:04.229 | SUCCESS  | billings_module.billings:billings_mark_paid:88 - MARK PAID OK.
2026-05-11 01:04:04.297 | INFO     | billings_module.billings:billings_summary:37 - FETCHING BILLING SUMMARY for 5/2026...
2026-05-11 01:04:04.300 | INFO     | billings_module.billings:billings_customer:59 - FETCHING BILL for customer=4 5/2026...
2026-05-11 01:04:04.308 | INFO     | sales_module.sales:get_all_sales:226 - GETTING ALL SALES....
2026-05-11 01:04:04.308 | SUCCESS  | billings_module.billings:billings_summary:43 - FETCHED 2 BILLING ROWS.
2026-05-11 01:04:04.314 | INFO     | sales_module.sales:display_all_sales_stats:138 - FETCHING SALES STATS...
2026-05-11 01:04:04.315 | SUCCESS  | billings_module.billings:billings_customer:67 - FETCHED CUSTOMER BILL.
2026-05-11 01:04:04.322 | SUCCESS  | sales_module.sales:get_all_sales:233 - FETCHED ALL SALES...
2026-05-11 01:04:04.329 | SUCCESS  | sales_module.sales:display_all_sales_stats:144 - FETCHED SALES STATS...
2026-05-11 01:04:04.371 | INFO     | billings_module.billings:billings_summary:37 - FETCHING BILLING SUMMARY for 5/2026...
2026-05-11 01:04:04.380 | SUCCESS  | billings_module.billings:billings_summary:43 - FETCHED 2 BILLING ROWS.
2026-05-11 01:04:46.624 | INFO     | stats_module.stats:stats_pulse:40 - FETCHING STATS PULSE...
2026-05-11 01:04:46.632 | SUCCESS  | stats_module.stats:stats_pulse:43 - FETCHED STATS PULSE.
2026-05-11 01:04:46.635 | INFO     | stats_module.stats:stats_trend:78 - FETCHING 6-MONTH TREND...
2026-05-11 01:04:46.648 | SUCCESS  | stats_module.stats:stats_trend:81 - FETCHED 6-MONTH TREND.
2026-05-11 01:04:46.720 | INFO     | stats_module.stats:stats_vip:59 - FETCHING VIP CUSTOMERS...
2026-05-11 01:04:46.726 | SUCCESS  | stats_module.stats:stats_vip:62 - FETCHED 2 VIP CUSTOMERS.
2026-05-11 01:04:58.993 | INFO     | sales_module.sales:update_sales:192 - UPDATING THE SALES STATUS WITH ID: <built-in function id>
2026-05-11 01:04:58.998 | SUCCESS  | sales_module.sales:update_sales:194 - UPDATE THE SALES WITH ID <built-in function id> ...
2026-05-11 01:04:59.069 | INFO     | sales_module.sales:get_all_sales:226 - GETTING ALL SALES....
2026-05-11 01:04:59.075 | SUCCESS  | sales_module.sales:get_all_sales:233 - FETCHED ALL SALES...
2026-05-11 01:04:59.078 | INFO     | customer_module.customer:display_all_customers_stats:31 - FETCHING CUSTOMERS STATS...
2026-05-11 01:04:59.083 | INFO     | sales_module.sales:display_all_sales_stats:138 - FETCHING SALES STATS...
2026-05-11 01:04:59.083 | INFO     | customer_module.customer:display_all_customers:16 - FETCHING ALL CUSTOMERS...
2026-05-11 01:04:59.091 | SUCCESS  | customer_module.customer:display_all_customers:22 - FETCHED ALL CUSTOMERS...
2026-05-11 01:04:59.091 | SUCCESS  | customer_module.customer:display_all_customers_stats:37 - FETCHED CUSTOMERS STATS...
2026-05-11 01:04:59.093 | SUCCESS  | sales_module.sales:display_all_sales_stats:144 - FETCHED SALES STATS...
2026-05-11 01:05:04.253 | INFO     | stats_module.stats:stats_pulse:40 - FETCHING STATS PULSE...
2026-05-11 01:05:04.258 | SUCCESS  | stats_module.stats:stats_pulse:43 - FETCHED STATS PULSE.
2026-05-11 01:05:04.258 | INFO     | stats_module.stats:stats_vip:59 - FETCHING VIP CUSTOMERS...
2026-05-11 01:05:04.270 | SUCCESS  | stats_module.stats:stats_vip:62 - FETCHED 2 VIP CUSTOMERS.
2026-05-11 01:05:04.370 | INFO     | stats_module.stats:stats_trend:78 - FETCHING 6-MONTH TREND...
2026-05-11 01:05:04.375 | SUCCESS  | stats_module.stats:stats_trend:81 - FETCHED 6-MONTH TREND.
2026-05-11 01:05:08.312 | INFO     | billings_module.billings:billings_summary:37 - FETCHING BILLING SUMMARY for 5/2026...
2026-05-11 01:05:08.321 | SUCCESS  | billings_module.billings:billings_summary:43 - FETCHED 2 BILLING ROWS.
2026-05-11 01:05:11.728 | INFO     | stats_module.stats:stats_pulse:40 - FETCHING STATS PULSE...
2026-05-11 01:05:11.729 | INFO     | stats_module.stats:stats_trend:78 - FETCHING 6-MONTH TREND...
2026-05-11 01:05:11.732 | INFO     | stats_module.stats:stats_vip:59 - FETCHING VIP CUSTOMERS...
2026-05-11 01:05:11.735 | SUCCESS  | stats_module.stats:stats_pulse:43 - FETCHED STATS PULSE.
2026-05-11 01:05:11.737 | SUCCESS  | stats_module.stats:stats_trend:81 - FETCHED 6-MONTH TREND.
2026-05-11 01:05:11.744 | SUCCESS  | stats_module.stats:stats_vip:62 - FETCHED 2 VIP CUSTOMERS.
2026-05-11 01:05:43.068 | INFO     | billings_module.billings:billings_summary:37 - FETCHING BILLING SUMMARY for 5/2026...
2026-05-11 01:05:43.081 | SUCCESS  | billings_module.billings:billings_summary:43 - FETCHED 2 BILLING ROWS.
2026-05-11 01:06:02.491 | INFO     | billings_module.billings:billings_customer:59 - FETCHING BILL for customer=4 5/2026...
2026-05-11 01:06:02.503 | SUCCESS  | billings_module.billings:billings_customer:67 - FETCHED CUSTOMER BILL.
2026-05-11 01:06:04.685 | INFO     | billings_module.billings:billings_mark_unpaid:104 - MARK UNPAID: cust=4 5/2026
2026-05-11 01:06:04.700 | SUCCESS  | billings_module.billings:billings_mark_unpaid:109 - MARK UNPAID OK.
2026-05-11 01:06:04.765 | INFO     | billings_module.billings:billings_summary:37 - FETCHING BILLING SUMMARY for 5/2026...
2026-05-11 01:06:04.770 | INFO     | sales_module.sales:get_all_sales:226 - GETTING ALL SALES....
2026-05-11 01:06:04.774 | INFO     | sales_module.sales:display_all_sales_stats:138 - FETCHING SALES STATS...
2026-05-11 01:06:04.780 | SUCCESS  | billings_module.billings:billings_summary:43 - FETCHED 2 BILLING ROWS.
2026-05-11 01:06:04.784 | SUCCESS  | sales_module.sales:get_all_sales:233 - FETCHED ALL SALES...
2026-05-11 01:06:04.788 | SUCCESS  | sales_module.sales:display_all_sales_stats:144 - FETCHED SALES STATS...
2026-05-11 01:06:04.868 | INFO     | billings_module.billings:billings_customer:59 - FETCHING BILL for customer=4 5/2026...
2026-05-11 01:06:04.880 | SUCCESS  | billings_module.billings:billings_customer:67 - FETCHED CUSTOMER BILL.
2026-05-11 01:06:04.931 | INFO     | billings_module.billings:billings_summary:37 - FETCHING BILLING SUMMARY for 5/2026...
2026-05-11 01:06:04.938 | SUCCESS  | billings_module.billings:billings_summary:43 - FETCHED 2 BILLING ROWS.
2026-05-11 01:06:07.801 | INFO     | billings_module.billings:billings_customer:59 - FETCHING BILL for customer=4 5/2026...
2026-05-11 01:06:07.809 | SUCCESS  | billings_module.billings:billings_customer:67 - FETCHED CUSTOMER BILL.
2026-05-11 01:06:09.133 | INFO     | billings_module.billings:billings_mark_paid:83 - MARK PAID: cust=4 5/2026
2026-05-11 01:06:09.141 | SUCCESS  | billings_module.billings:billings_mark_paid:88 - MARK PAID OK.
2026-05-11 01:06:09.218 | INFO     | sales_module.sales:get_all_sales:226 - GETTING ALL SALES....
2026-05-11 01:06:09.218 | INFO     | billings_module.billings:billings_customer:59 - FETCHING BILL for customer=4 5/2026...
2026-05-11 01:06:09.219 | INFO     | sales_module.sales:display_all_sales_stats:138 - FETCHING SALES STATS...
2026-05-11 01:06:09.224 | SUCCESS  | sales_module.sales:get_all_sales:233 - FETCHED ALL SALES...
2026-05-11 01:06:09.226 | SUCCESS  | sales_module.sales:display_all_sales_stats:144 - FETCHED SALES STATS...
2026-05-11 01:06:09.228 | SUCCESS  | billings_module.billings:billings_customer:67 - FETCHED CUSTOMER BILL.
2026-05-11 01:06:09.298 | INFO     | billings_module.billings:billings_summary:37 - FETCHING BILLING SUMMARY for 5/2026...
2026-05-11 01:06:09.305 | SUCCESS  | billings_module.billings:billings_summary:43 - FETCHED 2 BILLING ROWS.
2026-05-11 01:06:09.349 | INFO     | billings_module.billings:billings_summary:37 - FETCHING BILLING SUMMARY for 5/2026...
2026-05-11 01:06:09.355 | SUCCESS  | billings_module.billings:billings_summary:43 - FETCHED 2 BILLING ROWS.
2026-05-11 01:06:12.842 | INFO     | stats_module.stats:stats_pulse:40 - FETCHING STATS PULSE...
2026-05-11 01:06:12.846 | INFO     | stats_module.stats:stats_trend:78 - FETCHING 6-MONTH TREND...
2026-05-11 01:06:12.849 | INFO     | stats_module.stats:stats_vip:59 - FETCHING VIP CUSTOMERS...
2026-05-11 01:06:12.849 | SUCCESS  | stats_module.stats:stats_pulse:43 - FETCHED STATS PULSE.
2026-05-11 01:06:12.855 | SUCCESS  | stats_module.stats:stats_trend:81 - FETCHED 6-MONTH TREND.
2026-05-11 01:06:12.863 | SUCCESS  | stats_module.stats:stats_vip:62 - FETCHED 2 VIP CUSTOMERS.
2026-05-11 01:06:35.207 | INFO     | billings_module.billings:billings_summary:37 - FETCHING BILLING SUMMARY for 5/2026...
2026-05-11 01:06:35.218 | SUCCESS  | billings_module.billings:billings_summary:43 - FETCHED 2 BILLING ROWS.
2026-05-11 01:06:38.195 | INFO     | billings_module.billings:billings_summary:37 - FETCHING BILLING SUMMARY for 4/2026...
2026-05-11 01:06:38.205 | SUCCESS  | billings_module.billings:billings_summary:43 - FETCHED 1 BILLING ROWS.
2026-05-11 01:06:40.935 | INFO     | billings_module.billings:billings_customer:59 - FETCHING BILL for customer=4 4/2026...
2026-05-11 01:06:40.945 | SUCCESS  | billings_module.billings:billings_customer:67 - FETCHED CUSTOMER BILL.
2026-05-11 01:06:42.687 | INFO     | billings_module.billings:billings_mark_unpaid:104 - MARK UNPAID: cust=4 4/2026
2026-05-11 01:06:42.701 | SUCCESS  | billings_module.billings:billings_mark_unpaid:109 - MARK UNPAID OK.
2026-05-11 01:06:42.773 | INFO     | billings_module.billings:billings_summary:37 - FETCHING BILLING SUMMARY for 4/2026...
2026-05-11 01:06:42.774 | INFO     | billings_module.billings:billings_customer:59 - FETCHING BILL for customer=4 4/2026...
2026-05-11 01:06:42.780 | INFO     | sales_module.sales:get_all_sales:226 - GETTING ALL SALES....
2026-05-11 01:06:42.781 | INFO     | sales_module.sales:display_all_sales_stats:138 - FETCHING SALES STATS...
2026-05-11 01:06:42.785 | SUCCESS  | billings_module.billings:billings_summary:43 - FETCHED 1 BILLING ROWS.
2026-05-11 01:06:42.787 | SUCCESS  | billings_module.billings:billings_customer:67 - FETCHED CUSTOMER BILL.
2026-05-11 01:06:42.788 | SUCCESS  | sales_module.sales:get_all_sales:233 - FETCHED ALL SALES...
2026-05-11 01:06:42.792 | SUCCESS  | sales_module.sales:display_all_sales_stats:144 - FETCHED SALES STATS...
2026-05-11 01:06:42.842 | INFO     | billings_module.billings:billings_summary:37 - FETCHING BILLING SUMMARY for 4/2026...
2026-05-11 01:06:42.854 | SUCCESS  | billings_module.billings:billings_summary:43 - FETCHED 1 BILLING ROWS.
2026-05-11 01:06:50.897 | INFO     | customer_module.customer:display_customer:136 - GETTING THE CUSTOMER 5 ...
2026-05-11 01:06:50.906 | SUCCESS  | customer_module.customer:display_customer:145 - GOT THE CUSTOMER 5 ...
2026-05-11 01:06:55.240 | INFO     | stats_module.stats:stats_pulse:40 - FETCHING STATS PULSE...
2026-05-11 01:06:55.248 | INFO     | stats_module.stats:stats_vip:59 - FETCHING VIP CUSTOMERS...
2026-05-11 01:06:55.249 | INFO     | stats_module.stats:stats_trend:78 - FETCHING 6-MONTH TREND...
2026-05-11 01:06:55.252 | SUCCESS  | stats_module.stats:stats_pulse:43 - FETCHED STATS PULSE.
2026-05-11 01:06:55.267 | SUCCESS  | stats_module.stats:stats_trend:81 - FETCHED 6-MONTH TREND.
2026-05-11 01:06:55.279 | SUCCESS  | stats_module.stats:stats_vip:62 - FETCHED 2 VIP CUSTOMERS.
2026-05-11 01:07:07.980 | INFO     | customer_module.customer:display_all_customers_stats:31 - FETCHING CUSTOMERS STATS...
2026-05-11 01:07:07.981 | INFO     | customer_module.customer:display_all_customers:16 - FETCHING ALL CUSTOMERS...
2026-05-11 01:07:07.984 | INFO     | sales_module.sales:get_all_sales:226 - GETTING ALL SALES....
2026-05-11 01:07:07.988 | SUCCESS  | customer_module.customer:display_all_customers:22 - FETCHED ALL CUSTOMERS...
2026-05-11 01:07:07.993 | SUCCESS  | customer_module.customer:display_all_customers_stats:37 - FETCHED CUSTOMERS STATS...
2026-05-11 01:07:07.998 | INFO     | stats_module.stats:stats_pulse:40 - FETCHING STATS PULSE...
2026-05-11 01:07:08.001 | SUCCESS  | sales_module.sales:get_all_sales:233 - FETCHED ALL SALES...
2026-05-11 01:07:08.007 | INFO     | sales_module.sales:dispatch_today:32 - FETCHING TODAY'S DISPATCH STATUS...
2026-05-11 01:07:08.017 | SUCCESS  | stats_module.stats:stats_pulse:43 - FETCHED STATS PULSE.
2026-05-11 01:07:08.021 | SUCCESS  | sales_module.sales:dispatch_today:37 - FETCHED TODAY'S DISPATCH STATUS...
2026-05-11 01:07:08.023 | INFO     | sales_module.sales:dispatch_today:38 - DISPATCH STATUS: False
2026-05-11 01:07:08.105 | INFO     | stats_module.stats:stats_trend:78 - FETCHING 6-MONTH TREND...
2026-05-11 01:07:08.118 | INFO     | stats_module.stats:stats_vip:59 - FETCHING VIP CUSTOMERS...
2026-05-11 01:07:08.120 | SUCCESS  | stats_module.stats:stats_trend:81 - FETCHED 6-MONTH TREND.
2026-05-11 01:07:08.136 | INFO     | sales_module.sales:display_all_sales_stats:138 - FETCHING SALES STATS...
2026-05-11 01:07:08.141 | SUCCESS  | stats_module.stats:stats_vip:62 - FETCHED 2 VIP CUSTOMERS.
2026-05-11 01:07:08.165 | SUCCESS  | sales_module.sales:display_all_sales_stats:144 - FETCHED SALES STATS...
2026-05-11 01:07:08.197 | INFO     | sales_module.sales:dispatch_customers:16 - FETCHING CUSTOMERS TO DISPATCH...
2026-05-11 01:07:08.202 | SUCCESS  | sales_module.sales:dispatch_customers:23 - FETCHED CUSTOMERS TO DISPATCH...
2026-05-11 01:07:15.212 | INFO     | stats_module.stats:stats_vip:59 - FETCHING VIP CUSTOMERS...
2026-05-11 01:07:15.212 | INFO     | stats_module.stats:stats_pulse:40 - FETCHING STATS PULSE...
2026-05-11 01:07:15.214 | INFO     | stats_module.stats:stats_trend:78 - FETCHING 6-MONTH TREND...
2026-05-11 01:07:15.217 | SUCCESS  | stats_module.stats:stats_pulse:43 - FETCHED STATS PULSE.
2026-05-11 01:07:15.222 | SUCCESS  | stats_module.stats:stats_vip:62 - FETCHED 2 VIP CUSTOMERS.
2026-05-11 01:07:15.225 | SUCCESS  | stats_module.stats:stats_trend:81 - FETCHED 6-MONTH TREND.
2026-05-11 01:07:16.179 | INFO     | billings_module.billings:billings_summary:37 - FETCHING BILLING SUMMARY for 5/2026...
2026-05-11 01:07:16.190 | SUCCESS  | billings_module.billings:billings_summary:43 - FETCHED 2 BILLING ROWS.
2026-05-11 01:07:19.136 | INFO     | billings_module.billings:billings_customer:59 - FETCHING BILL for customer=4 5/2026...
2026-05-11 01:07:19.148 | SUCCESS  | billings_module.billings:billings_customer:67 - FETCHED CUSTOMER BILL.
2026-05-11 01:07:32.927 | INFO     | sales_module.sales:get_all_sales:226 - GETTING ALL SALES....
2026-05-11 01:07:32.937 | SUCCESS  | sales_module.sales:get_all_sales:233 - FETCHED ALL SALES...
2026-05-11 01:07:38.400 | INFO     | sales_module.sales:get_all_sales:226 - GETTING ALL SALES....
2026-05-11 01:07:38.407 | SUCCESS  | sales_module.sales:get_all_sales:233 - FETCHED ALL SALES...
2026-05-11 01:09:06.922 | INFO     | sales_module.sales:filter_sales:108 - FETCHING FILTERED SALES...
2026-05-11 01:09:06.922 | INFO     | sales_module.sales:filter_sales:121 - EXECUTING QUERY: select * from schema_sales.sales_filter_by_status(%s)
2026-05-11 01:09:06.932 | SUCCESS  | sales_module.sales:filter_sales:129 - FETCHED status FILTERED SALES...
2026-05-11 01:09:09.519 | INFO     | sales_module.sales:filter_sales:108 - FETCHING FILTERED SALES...
2026-05-11 01:09:09.520 | INFO     | sales_module.sales:filter_sales:121 - EXECUTING QUERY: select * from schema_sales.sales_filter_by_price_desc(%s)
2026-05-11 01:09:09.526 | SUCCESS  | sales_module.sales:filter_sales:129 - FETCHED price-desc FILTERED SALES...
2026-05-11 01:09:15.090 | INFO     | stats_module.stats:stats_trend:78 - FETCHING 6-MONTH TREND...
2026-05-11 01:09:15.090 | INFO     | stats_module.stats:stats_pulse:40 - FETCHING STATS PULSE...
2026-05-11 01:09:15.091 | INFO     | stats_module.stats:stats_vip:59 - FETCHING VIP CUSTOMERS...
2026-05-11 01:09:15.096 | SUCCESS  | stats_module.stats:stats_trend:81 - FETCHED 6-MONTH TREND.
2026-05-11 01:09:15.096 | SUCCESS  | stats_module.stats:stats_pulse:43 - FETCHED STATS PULSE.
2026-05-11 01:09:15.098 | SUCCESS  | stats_module.stats:stats_vip:62 - FETCHED 2 VIP CUSTOMERS.
2026-05-11 01:11:46.334 | INFO     | customer_module.customer:display_all_customers_stats:31 - FETCHING CUSTOMERS STATS...
2026-05-11 01:11:46.335 | INFO     | sales_module.sales:get_all_sales:226 - GETTING ALL SALES....
2026-05-11 01:11:46.335 | INFO     | customer_module.customer:display_all_customers:16 - FETCHING ALL CUSTOMERS...
2026-05-11 01:11:46.341 | SUCCESS  | customer_module.customer:display_all_customers:22 - FETCHED ALL CUSTOMERS...
2026-05-11 01:11:46.345 | SUCCESS  | sales_module.sales:get_all_sales:233 - FETCHED ALL SALES...
2026-05-11 01:11:46.347 | INFO     | sales_module.sales:dispatch_today:32 - FETCHING TODAY'S DISPATCH STATUS...
2026-05-11 01:11:46.349 | SUCCESS  | customer_module.customer:display_all_customers_stats:37 - FETCHED CUSTOMERS STATS...
2026-05-11 01:11:46.363 | INFO     | stats_module.stats:stats_vip:59 - FETCHING VIP CUSTOMERS...
2026-05-11 01:11:46.370 | SUCCESS  | sales_module.sales:dispatch_today:37 - FETCHED TODAY'S DISPATCH STATUS...
2026-05-11 01:11:46.383 | INFO     | sales_module.sales:dispatch_today:38 - DISPATCH STATUS: False
2026-05-11 01:11:46.424 | SUCCESS  | stats_module.stats:stats_vip:62 - FETCHED 3 VIP CUSTOMERS.
2026-05-11 01:11:46.491 | INFO     | stats_module.stats:stats_pulse:40 - FETCHING STATS PULSE...
2026-05-11 01:11:46.501 | SUCCESS  | stats_module.stats:stats_pulse:43 - FETCHED STATS PULSE.
2026-05-11 01:11:46.502 | INFO     | stats_module.stats:stats_trend:78 - FETCHING 6-MONTH TREND...
2026-05-11 01:11:46.516 | SUCCESS  | stats_module.stats:stats_trend:81 - FETCHED 6-MONTH TREND.
2026-05-11 01:11:46.519 | INFO     | sales_module.sales:display_all_sales_stats:138 - FETCHING SALES STATS...
2026-05-11 01:11:46.526 | INFO     | sales_module.sales:dispatch_customers:16 - FETCHING CUSTOMERS TO DISPATCH...
2026-05-11 01:11:46.537 | SUCCESS  | sales_module.sales:dispatch_customers:23 - FETCHED CUSTOMERS TO DISPATCH...
2026-05-11 01:11:46.537 | SUCCESS  | sales_module.sales:display_all_sales_stats:144 - FETCHED SALES STATS...
2026-05-11 01:11:56.431 | INFO     | sales_module.sales:get_all_sales:226 - GETTING ALL SALES....
2026-05-11 01:11:56.441 | SUCCESS  | sales_module.sales:get_all_sales:233 - FETCHED ALL SALES...
2026-05-11 01:11:57.178 | INFO     | sales_module.sales:get_all_sales:226 - GETTING ALL SALES....
2026-05-11 01:11:57.184 | SUCCESS  | sales_module.sales:get_all_sales:233 - FETCHED ALL SALES...
2026-05-11 01:11:58.055 | INFO     | sales_module.sales:get_all_sales:226 - GETTING ALL SALES....
2026-05-11 01:11:58.062 | SUCCESS  | sales_module.sales:get_all_sales:233 - FETCHED ALL SALES...
2026-05-11 01:12:02.379 | INFO     | billings_module.billings:billings_summary:37 - FETCHING BILLING SUMMARY for 5/2026...
2026-05-11 01:12:02.388 | SUCCESS  | billings_module.billings:billings_summary:43 - FETCHED 3 BILLING ROWS.
2026-05-11 01:12:05.559 | INFO     | billings_module.billings:billings_customer:59 - FETCHING BILL for customer=1 5/2026...
2026-05-11 01:12:05.571 | SUCCESS  | billings_module.billings:billings_customer:67 - FETCHED CUSTOMER BILL.
2026-05-11 01:12:14.587 | INFO     | billings_module.billings:billings_mark_paid:83 - MARK PAID: cust=1 4/2026
2026-05-11 01:12:14.593 | SUCCESS  | billings_module.billings:billings_mark_paid:88 - MARK PAID OK.
2026-05-11 01:12:14.663 | INFO     | billings_module.billings:billings_summary:37 - FETCHING BILLING SUMMARY for 5/2026...
2026-05-11 01:12:14.664 | INFO     | billings_module.billings:billings_customer:59 - FETCHING BILL for customer=1 5/2026...
2026-05-11 01:12:14.665 | INFO     | sales_module.sales:get_all_sales:226 - GETTING ALL SALES....
2026-05-11 01:12:14.671 | INFO     | sales_module.sales:display_all_sales_stats:138 - FETCHING SALES STATS...
2026-05-11 01:12:14.673 | SUCCESS  | sales_module.sales:get_all_sales:233 - FETCHED ALL SALES...
2026-05-11 01:12:14.676 | SUCCESS  | billings_module.billings:billings_summary:43 - FETCHED 3 BILLING ROWS.
2026-05-11 01:12:14.678 | SUCCESS  | billings_module.billings:billings_customer:67 - FETCHED CUSTOMER BILL.
2026-05-11 01:12:14.683 | SUCCESS  | sales_module.sales:display_all_sales_stats:144 - FETCHED SALES STATS...
2026-05-11 01:12:14.739 | INFO     | billings_module.billings:billings_summary:37 - FETCHING BILLING SUMMARY for 5/2026...
2026-05-11 01:12:14.750 | SUCCESS  | billings_module.billings:billings_summary:43 - FETCHED 3 BILLING ROWS.
2026-05-11 01:12:16.565 | INFO     | billings_module.billings:billings_mark_paid:83 - MARK PAID: cust=1 3/2026
2026-05-11 01:12:16.573 | SUCCESS  | billings_module.billings:billings_mark_paid:88 - MARK PAID OK.
2026-05-11 01:12:16.640 | INFO     | billings_module.billings:billings_summary:37 - FETCHING BILLING SUMMARY for 5/2026...
2026-05-11 01:12:16.646 | INFO     | billings_module.billings:billings_customer:59 - FETCHING BILL for customer=1 5/2026...
2026-05-11 01:12:16.654 | SUCCESS  | billings_module.billings:billings_summary:43 - FETCHED 3 BILLING ROWS.
2026-05-11 01:12:16.656 | INFO     | sales_module.sales:get_all_sales:226 - GETTING ALL SALES....
2026-05-11 01:12:16.658 | INFO     | sales_module.sales:display_all_sales_stats:138 - FETCHING SALES STATS...
2026-05-11 01:12:16.663 | SUCCESS  | billings_module.billings:billings_customer:67 - FETCHED CUSTOMER BILL.
2026-05-11 01:12:16.668 | SUCCESS  | sales_module.sales:get_all_sales:233 - FETCHED ALL SALES...
2026-05-11 01:12:16.673 | SUCCESS  | sales_module.sales:display_all_sales_stats:144 - FETCHED SALES STATS...
2026-05-11 01:12:16.717 | INFO     | billings_module.billings:billings_summary:37 - FETCHING BILLING SUMMARY for 5/2026...
2026-05-11 01:12:16.725 | SUCCESS  | billings_module.billings:billings_summary:43 - FETCHED 3 BILLING ROWS.
2026-05-11 01:12:17.797 | INFO     | billings_module.billings:billings_mark_paid:83 - MARK PAID: cust=1 5/2026
2026-05-11 01:12:17.807 | SUCCESS  | billings_module.billings:billings_mark_paid:88 - MARK PAID OK.
2026-05-11 01:12:17.865 | INFO     | billings_module.billings:billings_customer:59 - FETCHING BILL for customer=1 5/2026...
2026-05-11 01:12:17.871 | INFO     | billings_module.billings:billings_summary:37 - FETCHING BILLING SUMMARY for 5/2026...
2026-05-11 01:12:17.872 | INFO     | sales_module.sales:get_all_sales:226 - GETTING ALL SALES....
2026-05-11 01:12:17.875 | INFO     | sales_module.sales:display_all_sales_stats:138 - FETCHING SALES STATS...
2026-05-11 01:12:17.876 | SUCCESS  | billings_module.billings:billings_customer:67 - FETCHED CUSTOMER BILL.
2026-05-11 01:12:17.881 | SUCCESS  | sales_module.sales:get_all_sales:233 - FETCHED ALL SALES...
2026-05-11 01:12:17.886 | SUCCESS  | billings_module.billings:billings_summary:43 - FETCHED 3 BILLING ROWS.
2026-05-11 01:12:17.889 | SUCCESS  | sales_module.sales:display_all_sales_stats:144 - FETCHED SALES STATS...
2026-05-11 01:12:17.938 | INFO     | billings_module.billings:billings_summary:37 - FETCHING BILLING SUMMARY for 5/2026...
2026-05-11 01:12:17.947 | SUCCESS  | billings_module.billings:billings_summary:43 - FETCHED 3 BILLING ROWS.
2026-05-11 01:14:17.308 | INFO     | sales_module.sales:search_customer:172 - SEARCHING CUSTOMER: a...
2026-05-11 01:14:17.321 | SUCCESS  | sales_module.sales:search_customer:179 - FETCHED CUSTOMER: a
2026-05-11 01:14:18.501 | INFO     | sales_module.sales:search_customer:172 - SEARCHING CUSTOMER: ahmad khan...
2026-05-11 01:14:18.507 | SUCCESS  | sales_module.sales:search_customer:179 - FETCHED CUSTOMER: ahmad khan
2026-05-11 01:14:20.532 | INFO     | sales_module.sales:add_sales:70 - ADDING THE SALES
2026-05-11 01:14:20.543 | SUCCESS  | sales_module.sales:add_sales:72 - ADDED THE SALES ...
2026-05-11 01:14:20.643 | INFO     | sales_module.sales:get_all_sales:226 - GETTING ALL SALES....
2026-05-11 01:14:20.649 | INFO     | customer_module.customer:display_all_customers_stats:31 - FETCHING CUSTOMERS STATS...
2026-05-11 01:14:20.650 | SUCCESS  | sales_module.sales:get_all_sales:233 - FETCHED ALL SALES...
2026-05-11 01:14:20.651 | INFO     | customer_module.customer:display_all_customers:16 - FETCHING ALL CUSTOMERS...
2026-05-11 01:14:20.654 | INFO     | sales_module.sales:display_all_sales_stats:138 - FETCHING SALES STATS...
2026-05-11 01:14:20.662 | SUCCESS  | customer_module.customer:display_all_customers:22 - FETCHED ALL CUSTOMERS...
2026-05-11 01:14:20.665 | SUCCESS  | customer_module.customer:display_all_customers_stats:37 - FETCHED CUSTOMERS STATS...
2026-05-11 01:14:20.671 | SUCCESS  | sales_module.sales:display_all_sales_stats:144 - FETCHED SALES STATS...
2026-05-11 01:14:24.911 | INFO     | sales_module.sales:get_all_sales:226 - GETTING ALL SALES....
2026-05-11 01:14:24.918 | SUCCESS  | sales_module.sales:get_all_sales:233 - FETCHED ALL SALES...
2026-05-11 01:14:29.189 | INFO     | billings_module.billings:billings_summary:37 - FETCHING BILLING SUMMARY for 5/2026...
2026-05-11 01:14:29.199 | SUCCESS  | billings_module.billings:billings_summary:43 - FETCHED 3 BILLING ROWS.
2026-05-11 01:14:30.981 | INFO     | billings_module.billings:billings_customer:59 - FETCHING BILL for customer=1 5/2026...
2026-05-11 01:14:30.989 | SUCCESS  | billings_module.billings:billings_customer:67 - FETCHED CUSTOMER BILL.
2026-05-11 01:14:35.589 | INFO     | customer_module.customer:display_all_customers_stats:31 - FETCHING CUSTOMERS STATS...
2026-05-11 01:14:35.590 | INFO     | sales_module.sales:get_all_sales:226 - GETTING ALL SALES....
2026-05-11 01:14:35.593 | INFO     | customer_module.customer:display_all_customers:16 - FETCHING ALL CUSTOMERS...
2026-05-11 01:14:35.599 | SUCCESS  | customer_module.customer:display_all_customers_stats:37 - FETCHED CUSTOMERS STATS...
2026-05-11 01:14:35.601 | SUCCESS  | sales_module.sales:get_all_sales:233 - FETCHED ALL SALES...
2026-05-11 01:14:35.606 | SUCCESS  | customer_module.customer:display_all_customers:22 - FETCHED ALL CUSTOMERS...
2026-05-11 01:14:35.617 | INFO     | sales_module.sales:display_all_sales_stats:138 - FETCHING SALES STATS...
2026-05-11 01:14:35.640 | INFO     | sales_module.sales:dispatch_today:32 - FETCHING TODAY'S DISPATCH STATUS...
2026-05-11 01:14:35.663 | SUCCESS  | sales_module.sales:dispatch_today:37 - FETCHED TODAY'S DISPATCH STATUS...
2026-05-11 01:14:35.663 | SUCCESS  | sales_module.sales:display_all_sales_stats:144 - FETCHED SALES STATS...
2026-05-11 01:14:35.664 | INFO     | stats_module.stats:stats_pulse:40 - FETCHING STATS PULSE...
2026-05-11 01:14:35.664 | INFO     | sales_module.sales:dispatch_today:38 - DISPATCH STATUS: False
2026-05-11 01:14:35.680 | SUCCESS  | stats_module.stats:stats_pulse:43 - FETCHED STATS PULSE.
2026-05-11 01:14:35.742 | INFO     | stats_module.stats:stats_trend:78 - FETCHING 6-MONTH TREND...
2026-05-11 01:14:35.747 | SUCCESS  | stats_module.stats:stats_trend:81 - FETCHED 6-MONTH TREND.
2026-05-11 01:14:35.749 | INFO     | stats_module.stats:stats_vip:59 - FETCHING VIP CUSTOMERS...
2026-05-11 01:14:35.761 | SUCCESS  | stats_module.stats:stats_vip:62 - FETCHED 3 VIP CUSTOMERS.
2026-05-11 01:14:35.771 | INFO     | sales_module.sales:dispatch_customers:16 - FETCHING CUSTOMERS TO DISPATCH...
2026-05-11 01:14:35.777 | SUCCESS  | sales_module.sales:dispatch_customers:23 - FETCHED CUSTOMERS TO DISPATCH...
2026-05-11 01:14:37.467 | INFO     | billings_module.billings:billings_summary:37 - FETCHING BILLING SUMMARY for 5/2026...
2026-05-11 01:14:37.478 | SUCCESS  | billings_module.billings:billings_summary:43 - FETCHED 3 BILLING ROWS.
2026-05-11 01:14:40.706 | INFO     | billings_module.billings:billings_customer:59 - FETCHING BILL for customer=1 5/2026...
2026-05-11 01:14:40.717 | SUCCESS  | billings_module.billings:billings_customer:67 - FETCHED CUSTOMER BILL.
2026-05-11 01:17:43.935 | INFO     | billings_module.billings:billings_customer:59 - FETCHING BILL for customer=3 5/2026...
2026-05-11 01:17:43.950 | SUCCESS  | billings_module.billings:billings_customer:67 - FETCHED CUSTOMER BILL.
2026-05-11 01:17:45.401 | INFO     | billings_module.billings:billings_customer:59 - FETCHING BILL for customer=1 5/2026...
2026-05-11 01:17:45.413 | SUCCESS  | billings_module.billings:billings_customer:67 - FETCHED CUSTOMER BILL.
2026-05-11 01:17:53.307 | INFO     | billings_module.billings:billings_customer:59 - FETCHING BILL for customer=3 5/2026...
2026-05-11 01:17:53.316 | SUCCESS  | billings_module.billings:billings_customer:67 - FETCHED CUSTOMER BILL.
2026-05-11 01:18:42.986 | INFO     | billings_module.billings:billings_customer:59 - FETCHING BILL for customer=2 5/2026...
2026-05-11 01:18:42.999 | SUCCESS  | billings_module.billings:billings_customer:67 - FETCHED CUSTOMER BILL.
2026-05-11 01:18:46.352 | INFO     | billings_module.billings:billings_mark_paid:83 - MARK PAID: cust=2 3/2026
2026-05-11 01:18:46.361 | SUCCESS  | billings_module.billings:billings_mark_paid:88 - MARK PAID OK.
2026-05-11 01:18:46.446 | INFO     | billings_module.billings:billings_summary:37 - FETCHING BILLING SUMMARY for 5/2026...
2026-05-11 01:18:46.446 | INFO     | billings_module.billings:billings_customer:59 - FETCHING BILL for customer=2 5/2026...
2026-05-11 01:18:46.451 | INFO     | sales_module.sales:display_all_sales_stats:138 - FETCHING SALES STATS...
2026-05-11 01:18:46.452 | INFO     | sales_module.sales:get_all_sales:226 - GETTING ALL SALES....
2026-05-11 01:18:46.460 | SUCCESS  | billings_module.billings:billings_summary:43 - FETCHED 3 BILLING ROWS.
2026-05-11 01:18:46.463 | SUCCESS  | billings_module.billings:billings_customer:67 - FETCHED CUSTOMER BILL.
2026-05-11 01:18:46.464 | SUCCESS  | sales_module.sales:get_all_sales:233 - FETCHED ALL SALES...
2026-05-11 01:18:46.464 | SUCCESS  | sales_module.sales:display_all_sales_stats:144 - FETCHED SALES STATS...
2026-05-11 01:18:46.539 | INFO     | billings_module.billings:billings_summary:37 - FETCHING BILLING SUMMARY for 5/2026...
2026-05-11 01:18:46.549 | SUCCESS  | billings_module.billings:billings_summary:43 - FETCHED 3 BILLING ROWS.
2026-05-11 01:18:48.581 | INFO     | billings_module.billings:billings_summary:37 - FETCHING BILLING SUMMARY for 5/2026...
2026-05-11 01:18:48.588 | SUCCESS  | billings_module.billings:billings_summary:43 - FETCHED 3 BILLING ROWS.
2026-05-11 01:18:50.459 | INFO     | billings_module.billings:billings_summary:37 - FETCHING BILLING SUMMARY for 3/2026...
2026-05-11 01:18:50.469 | SUCCESS  | billings_module.billings:billings_summary:43 - FETCHED 2 BILLING ROWS.
2026-05-11 01:18:52.861 | INFO     | billings_module.billings:billings_customer:59 - FETCHING BILL for customer=2 3/2026...
2026-05-11 01:18:52.870 | SUCCESS  | billings_module.billings:billings_customer:67 - FETCHED CUSTOMER BILL.
2026-05-11 01:19:01.063 | INFO     | billings_module.billings:billings_summary:37 - FETCHING BILLING SUMMARY for 2/2026...
2026-05-11 01:19:01.073 | SUCCESS  | billings_module.billings:billings_summary:43 - FETCHED 2 BILLING ROWS.
2026-05-11 01:19:01.772 | INFO     | billings_module.billings:billings_summary:37 - FETCHING BILLING SUMMARY for 2/2026...
2026-05-11 01:19:01.792 | SUCCESS  | billings_module.billings:billings_summary:43 - FETCHED 2 BILLING ROWS.
2026-05-11 01:19:04.736 | INFO     | billings_module.billings:billings_summary:37 - FETCHING BILLING SUMMARY for 5/2026...
2026-05-11 01:19:04.746 | SUCCESS  | billings_module.billings:billings_summary:43 - FETCHED 3 BILLING ROWS.
2026-05-11 01:19:07.749 | INFO     | billings_module.billings:billings_customer:59 - FETCHING BILL for customer=2 5/2026...
2026-05-11 01:19:07.758 | SUCCESS  | billings_module.billings:billings_customer:67 - FETCHED CUSTOMER BILL.
2026-05-11 01:19:07.961 | INFO     | billings_module.billings:billings_customer:59 - FETCHING BILL for customer=2 5/2026...
2026-05-11 01:19:07.969 | SUCCESS  | billings_module.billings:billings_customer:67 - FETCHED CUSTOMER BILL.
2026-05-11 01:19:09.944 | INFO     | billings_module.billings:billings_summary:37 - FETCHING BILLING SUMMARY for 5/2026...
2026-05-11 01:19:09.955 | SUCCESS  | billings_module.billings:billings_summary:43 - FETCHED 3 BILLING ROWS.
2026-05-11 01:19:11.446 | INFO     | billings_module.billings:billings_mark_paid:83 - MARK PAID: cust=2 2/2026
2026-05-11 01:19:11.454 | SUCCESS  | billings_module.billings:billings_mark_paid:88 - MARK PAID OK.
2026-05-11 01:19:11.527 | INFO     | billings_module.billings:billings_summary:37 - FETCHING BILLING SUMMARY for 5/2026...
2026-05-11 01:19:11.533 | INFO     | billings_module.billings:billings_customer:59 - FETCHING BILL for customer=2 5/2026...
2026-05-11 01:19:11.534 | INFO     | sales_module.sales:display_all_sales_stats:138 - FETCHING SALES STATS...
2026-05-11 01:19:11.538 | SUCCESS  | billings_module.billings:billings_summary:43 - FETCHED 3 BILLING ROWS.
2026-05-11 01:19:11.547 | INFO     | sales_module.sales:get_all_sales:226 - GETTING ALL SALES....
2026-05-11 01:19:11.549 | SUCCESS  | sales_module.sales:display_all_sales_stats:144 - FETCHED SALES STATS...
2026-05-11 01:19:11.551 | SUCCESS  | billings_module.billings:billings_customer:67 - FETCHED CUSTOMER BILL.
2026-05-11 01:19:11.563 | SUCCESS  | sales_module.sales:get_all_sales:233 - FETCHED ALL SALES...
2026-05-11 01:19:11.620 | INFO     | billings_module.billings:billings_summary:37 - FETCHING BILLING SUMMARY for 5/2026...
2026-05-11 01:19:11.642 | SUCCESS  | billings_module.billings:billings_summary:43 - FETCHED 3 BILLING ROWS.
2026-05-11 01:19:14.572 | INFO     | billings_module.billings:billings_summary:37 - FETCHING BILLING SUMMARY for 2/2026...
2026-05-11 01:19:14.582 | SUCCESS  | billings_module.billings:billings_summary:43 - FETCHED 2 BILLING ROWS.
2026-05-11 01:19:16.631 | INFO     | billings_module.billings:billings_summary:37 - FETCHING BILLING SUMMARY for 2/2026...
2026-05-11 01:19:16.663 | SUCCESS  | billings_module.billings:billings_summary:43 - FETCHED 2 BILLING ROWS.
2026-05-11 01:19:27.423 | INFO     | billings_module.billings:billings_summary:37 - FETCHING BILLING SUMMARY for 2/2026...
2026-05-11 01:19:27.435 | SUCCESS  | billings_module.billings:billings_summary:43 - FETCHED 2 BILLING ROWS.
2026-05-11 01:21:04.994 | INFO     | billings_module.billings:billings_summary:37 - FETCHING BILLING SUMMARY for 5/2026...
2026-05-11 01:21:05.004 | SUCCESS  | billings_module.billings:billings_summary:43 - FETCHED 3 BILLING ROWS.
2026-05-11 01:21:16.246 | INFO     | billings_module.billings:billings_customer:59 - FETCHING BILL for customer=3 5/2026...
2026-05-11 01:21:16.255 | SUCCESS  | billings_module.billings:billings_customer:67 - FETCHED CUSTOMER BILL.
2026-05-11 01:21:17.333 | INFO     | billings_module.billings:billings_customer:59 - FETCHING BILL for customer=1 5/2026...
2026-05-11 01:21:17.344 | SUCCESS  | billings_module.billings:billings_customer:67 - FETCHED CUSTOMER BILL.
2026-05-11 01:24:27.755 | INFO     | billings_module.billings:billings_summary:37 - FETCHING BILLING SUMMARY for 5/2026...
2026-05-11 01:24:27.781 | SUCCESS  | billings_module.billings:billings_summary:43 - FETCHED 3 BILLING ROWS.
2026-05-11 01:24:35.735 | INFO     | billings_module.billings:billings_summary:37 - FETCHING BILLING SUMMARY for 5/2026...
2026-05-11 01:24:35.755 | SUCCESS  | billings_module.billings:billings_summary:43 - FETCHED 3 BILLING ROWS.
2026-05-11 01:24:44.158 | INFO     | billings_module.billings:billings_summary:37 - FETCHING BILLING SUMMARY for 5/2026...
2026-05-11 01:24:44.168 | SUCCESS  | billings_module.billings:billings_summary:43 - FETCHED 3 BILLING ROWS.
2026-05-11 01:25:12.604 | INFO     | billings_module.billings:billings_customer:59 - FETCHING BILL for customer=3 5/2026...
2026-05-11 01:25:12.628 | SUCCESS  | billings_module.billings:billings_customer:67 - FETCHED CUSTOMER BILL.
2026-05-11 01:25:13.750 | INFO     | billings_module.billings:billings_customer:59 - FETCHING BILL for customer=1 5/2026...
2026-05-11 01:25:13.764 | SUCCESS  | billings_module.billings:billings_customer:67 - FETCHED CUSTOMER BILL.
2026-05-11 01:25:16.681 | INFO     | billings_module.billings:billings_customer:59 - FETCHING BILL for customer=2 5/2026...
2026-05-11 01:25:16.690 | SUCCESS  | billings_module.billings:billings_customer:67 - FETCHED CUSTOMER BILL.
2026-05-11 01:25:17.965 | INFO     | billings_module.billings:billings_customer:59 - FETCHING BILL for customer=3 5/2026...
2026-05-11 01:25:17.975 | SUCCESS  | billings_module.billings:billings_customer:67 - FETCHED CUSTOMER BILL.
2026-05-11 01:25:19.369 | INFO     | billings_module.billings:billings_customer:59 - FETCHING BILL for customer=1 5/2026...
2026-05-11 01:25:19.378 | SUCCESS  | billings_module.billings:billings_customer:67 - FETCHED CUSTOMER BILL.
2026-05-11 01:28:20.620 | INFO     | billings_module.billings:billings_summary:37 - FETCHING BILLING SUMMARY for 6/2026...
2026-05-11 01:28:20.659 | SUCCESS  | billings_module.billings:billings_summary:43 - FETCHED 0 BILLING ROWS.
2026-05-11 01:46:49.815 | INFO     | customer_module.customer:display_all_customers_stats:31 - FETCHING CUSTOMERS STATS...
2026-05-11 01:46:49.817 | INFO     | customer_module.customer:display_all_customers:16 - FETCHING ALL CUSTOMERS...
2026-05-11 01:46:49.819 | INFO     | stats_module.stats:stats_vip:59 - FETCHING VIP CUSTOMERS...
2026-05-11 01:46:49.824 | INFO     | stats_module.stats:stats_pulse:40 - FETCHING STATS PULSE...
2026-05-11 01:46:49.828 | SUCCESS  | customer_module.customer:display_all_customers:22 - FETCHED ALL CUSTOMERS...
2026-05-11 01:46:49.835 | INFO     | stats_module.stats:stats_trend:78 - FETCHING 6-MONTH TREND...
2026-05-11 01:46:49.839 | SUCCESS  | stats_module.stats:stats_pulse:43 - FETCHED STATS PULSE.
2026-05-11 01:46:49.845 | SUCCESS  | customer_module.customer:display_all_customers_stats:37 - FETCHED CUSTOMERS STATS...
2026-05-11 01:46:49.849 | SUCCESS  | stats_module.stats:stats_vip:62 - FETCHED 3 VIP CUSTOMERS.
2026-05-11 01:46:49.853 | SUCCESS  | stats_module.stats:stats_trend:81 - FETCHED 6-MONTH TREND.
2026-05-11 01:46:49.961 | INFO     | sales_module.sales:display_all_sales_stats:138 - FETCHING SALES STATS...
2026-05-11 01:46:49.968 | INFO     | sales_module.sales:dispatch_today:32 - FETCHING TODAY'S DISPATCH STATUS...
2026-05-11 01:46:49.979 | INFO     | sales_module.sales:get_all_sales:226 - GETTING ALL SALES....
2026-05-11 01:46:49.979 | SUCCESS  | sales_module.sales:display_all_sales_stats:144 - FETCHED SALES STATS...
2026-05-11 01:46:49.982 | SUCCESS  | sales_module.sales:dispatch_today:37 - FETCHED TODAY'S DISPATCH STATUS...
2026-05-11 01:46:49.985 | INFO     | sales_module.sales:dispatch_today:38 - DISPATCH STATUS: False
2026-05-11 01:46:50.000 | SUCCESS  | sales_module.sales:get_all_sales:233 - FETCHED ALL SALES...
2026-05-11 01:46:50.286 | INFO     | sales_module.sales:dispatch_customers:16 - FETCHING CUSTOMERS TO DISPATCH...
2026-05-11 01:46:50.294 | SUCCESS  | sales_module.sales:dispatch_customers:23 - FETCHED CUSTOMERS TO DISPATCH...
